Avg min between sent tnx,Avg min between received tnx,Sent tnx,Received Tnx,Unique Received From Addresses,Unique Sent To Addresses,avg val received,avg val sent,total ether received,total ether balance,FLAG
844.26,1093.71,721,89,40,118,6.589513,1.200681,586.4666748,-279.2244185,0
12709.07,2958.44,94,8,5,14,0.385685,0.032844,3.085478209,-0.001818811,0
246194.54,2434.02,2,10,10,2,0.358906,1.794308,3.58905665,0.000441,0
10219.6,15785.09,25,9,7,13,99.48884,70.001834,895.399559,-854.6463029,0
36.61,10707.77,4598,20,7,19,2.671095,0.022688,53.4218965,-50.89698629,0
9900.12,375.48,2,3,2,1,3.234908,4.851858,9.70472386,0.001008,0
69.46,629.44,25,11,9,20,1.098115,0.482496,12.079266,0.016871896,0
1497.39,176.84,213,5,3,3,0.891098,0.040861,4.45548974,-4.247902416,0
0,0,1,1,1,1,2,1.99938,2,0.00062,0
2570.59,3336.01,8,3,2,4,16.7,18.634625,50.1,-98.977,0
32.45,12921.57,10,10,2,1,1.004819,1.004055,10.04819041,0.007636018,0
3716.41,1448.09,8,246,4,3,3.381313,103.974875,831.8030477,0.004047714,0
0,12431.27,0,16,4,0,0.769166,0,12.30665958,12.30665958,0
9520.7,5776.32,7,2,2,4,0.180079,0.037563,0.36015854,0.097217423,0
14106.66,3742.82,32,24,11,21,77.125266,102.312148,1851.006376,-1422.982347,0
757.91,11.08,34,3,3,13,0.530615,0.044268,1.591844363,0.086741405,0
3.13,4923.24,57,57,2,2,0.204013,0.203593,11.6287514,0.023940002,0
27681.45,11171.03,26,11,6,15,16.564688,9.896423,182.2115661,-75.09543387,0
770.29,3.82,3,2,1,3,13.8835,9.255226,27.767,0.001323,0
163.78,1.11,2,2,2,2,50.5,50.499487,101,0.001026218,0
0,6324.45,0,18,5,0,5.662421,0,101.9235724,101.9235724,0
725.77,41108.66,7,7,4,3,8.407243,22.441764,58.85070376,-98.24164672,0
91.14,64.3,5,4,4,5,2.1875,1.749551,8.75,0.002245057,0
2477.34,6928.28,8,126,1,2,0.342666,1.2625,43.17587621,33.07587621,0
0,13339.9,0,17,6,0,4.860215,0,82.62366163,82.62366163,0
0,0,1,1,1,1,4.999,4.99774,4.999,0.00126,0
1797.42,60933.08,82,3,3,7,11.666667,0.760256,35,-27.341,0
0,0,1,1,1,1,0.547649,0.546389,0.54764892,0.00126,0
155.22,112602.93,4,3,3,3,1.512385,2.104909,4.5371564,-3.882478376,0
14626.26,6594.93,59,14,7,34,167.979641,43.052269,2351.714972,-188.368881,0
0,5498.63,0,53,4,0,0.504895,0,26.75944516,26.75944516,0
3.33,51068.75,10,11,8,1,5.11114,5.621492,56.22253457,0.00761642,0
1128.56,0,2,1,1,2,1.747981,0,1.74798122,1.74798122,0
2152.95,680.22,10,2,1,6,0.075,0.011073,0.15,0.039265736,0
0,648.26,0,694,4,0,1.618731,0,1123.399095,1123.399095,0
45.91,58.88,5970,2989,1337,2212,74.622817,37.845721,223047.6014,-2891.354427,0
0,0,1,1,1,1,0.003,0,0.003,0.003,0
1067.84,128.81,68,4375,1,4,1.055731,67.923395,4618.823828,0.03299662,0
1051.87,85496.6,3,4,2,3,1.395953,3.683667,5.5838107,-5.4671893,0
2.12,0.92,9996,4,3,2,11,0,44,44,0
17441.04,1245.91,9,3,2,4,18.996667,6.226376,56.99,0.952613114,0
45561.42,26284.49,13,8,7,5,21.925,20.327692,175.4,-88.86,0
379.78,56424.63,3,6,6,1,0.888941,4.5,5.333649,-8.166351,0
1478.05,51541.26,33,6,3,11,9.803306,2.307983,58.81983438,-17.34361821,0
164.22,0,2,1,1,2,101,50.499487,101,0.001026218,0
1790.44,450.56,6,6,5,2,2.615514,2.614933,15.69308421,0.003489099,0
803.95,112925.21,2,3,2,2,2.333333,6.955748,7,-6.911496,0
18649.44,15420.31,11,4,3,6,1.67375,0.759219,6.695,-1.656405033,0
65.85,32.24,2217,1807,1471,1205,18.736369,15.276167,33856.6182,-10.64504551,0
181.7,56819.72,12,5,5,7,63.085,59.516667,315.425,-398.775,0
23359.72,27049.27,35,13,6,23,182.498725,85.766674,2372.483424,-629.3501786,0
20827.93,0,8,1,1,2,10,12.688992,10,-91.51193767,0
4183.18,1470.01,181,140,57,103,4.007761,3.288313,561.0865,-34.0981,0
1969.46,288.59,48,10,4,13,25.810391,6.758479,258.1039104,-66.3030896,0
76.32,74.96,3424,6576,4848,1129,21.959042,43.26697,144402.6609,-3743.443847,0
26.01,82.8,6,6,5,1,1.047658,1.047197,6.28594603,0.002762225,0
8174.66,3.43,3,3,1,1,0.147,0.146551,0.441,0.001346388,0
628.48,672.28,5,2,2,4,3.433549,1.372346,6.86709731,0.00536902,0
0,0,1,1,1,1,0.854871,0.853821,0.85487138,0.00105,0
0,0,1,1,1,1,0.134989,0.134569,0.13498893,0.00042,0
22.94,14237.49,17,17,1,1,0.050856,0.047446,0.86455069,0.05797088,0
7750.02,59605.36,7,8,2,5,6.144594,1.013286,49.1567487,42.0637487,0
621.07,5012.75,14,17,9,10,39.759632,48.273105,675.9137486,0.090278633,0
13243.1,38530.77,9,8,5,6,0.270796,0.421015,2.16637118,-1.622766947,0
5815.7,845.41,30,1024,1,30,0.24501,6.696126,250.8904564,50.00667943,0
1905.13,728.9,124,6,4,8,12.769696,0.647486,76.61817535,-3.670073533,0
24.63,3319.39,3,3,3,1,5.281667,5.281031,15.845,0.001907957,0
59.56,24076.63,4,5,2,2,0.173506,0.21567,0.86753194,0.004851,0
0,0,1,1,1,1,12,11.999559,12,0.000441,0
56814.86,62086.18,3,2,2,3,10,13.301956,20,-19.90586873,0
2.23,0,4,2,2,4,1000.5,500.249528,2001,0.001886545,0
52.48,287.13,24,28,13,1,2.036327,2.375185,57.01714267,0.012708609,0
1466.39,44699.56,6,7,5,2,10.936062,15.753561,76.5524362,-17.96892874,0
25905.07,1129.25,6,5,1,2,13.701916,11.41756,68.50958028,0.004221,0
3834.85,2945.2,121,53,18,63,7.878402,3.571783,417.5553096,-14.6304328,0
3880.52,1645.59,21,12,5,12,4.114642,2.350007,49.37569865,0.025560232,0
21466.84,20051.27,23,9,5,11,6.755565,4.835781,60.80008333,-50.42288815,0
1904.23,4621.92,16,9,9,11,1.947683,1.118571,17.52914441,-0.367999256,0
248.61,17068.13,1156,19,9,72,72.622476,1.206055,1379.827042,-14.37230628,0
10154.24,5026.86,87,25,10,41,10.501527,3.933071,262.5381628,-79.63904036,0
674.61,221,16,4,2,10,63.3775,15.825,253.51,0.31,0
3517.86,7188.55,49,30,11,22,110.350012,100.90074,3310.500353,-1633.635915,0
20.41,0,5,1,1,4,101,20.199496,101,0.00252,0
0,8831.65,0,33,5,0,1.402192,0,46.27232361,46.27232361,0
244.78,169.09,61,8,3,4,0.121569,0.010066,0.97255313,0.35855313,0
0,0,1,1,1,1,0.449477,0.447277,0.44947692,0.0022,0
0,0,1,1,1,1,0.86761,0.86699,0.867610131,0.00062,0
408.32,170321.78,3,2,2,2,0.23,0.280059,0.46,-0.380176274,0
5801.32,3041.25,85,40,10,24,18.64848,8.995439,745.9391851,-18.67313494,0
3.6,0,3,2,2,3,1000.5,666.999528,2001,0.001414909,0
0,0,1,1,1,1,1,0.996747,1,0.00325311,0
13.67,40512.33,17,17,5,3,12.28744,12.28679,208.8864824,0.011052491,0
193,0,4,1,1,2,0.39,0.099442,0.39,-0.00776788,0
20981.23,121771.36,11,3,3,6,10.397695,2.833016,31.19308507,0.029906,0
129.61,26178.65,3,11,5,2,32.977228,240.576616,362.7495057,-358.9803421,0
0,0,1,1,1,1,0.732876,0.731616,0.732876,0.00126,0
5.88,0.42,3,2,2,3,1000.5,666.999528,2001,0.001414909,0
21.65,0,3,1,1,3,101,33.666149,101,0.001554,0
31239.32,984.92,8,2,2,4,1.5,0.34,3,0.28,0
997.32,84555.41,4,4,3,3,1.31125,2.591529,5.245,-5.121116224,0
9.02,12.37,59,34,8,52,3.455158,1.990643,117.475363,0.027399237,0
3.62,0,3,2,2,3,1000.5,666.999528,2001,0.001414909,0
15.48,0,3,1,1,3,101,33.666149,101,0.001554,0
63819.21,336.67,8,2,2,5,0.800922,0.458381,1.6018449,-2.065204501,0
161.67,0.04,2,2,2,2,50.5,50.499508,101,0.000984218,0
5.05,0,4,2,2,3,1000.5,500.249528,2001,0.001886545,0
157.32,0,2,1,1,2,101,50.499508,101,0.000984218,0
36.98,0,2,1,1,2,30,14.999496,30,0.001008,0
3.21,0.38,3,2,2,3,1000.5,666.999528,2001,0.001414909,0
108.58,0.82,3,2,2,3,50.5,33.666165,101,0.001506437,0
0,2336.51,0,98,3,0,0.9501,0,93.10979582,93.10979582,0
26.4,620.61,163,217,5,2,314.639235,418.874903,68276.71402,0.104811001,0
3500.97,14465.72,6,55,1,4,0.46172,2.128333,25.39458564,12.62458564,0
2809.83,3186.72,58,67,12,32,8.303953,9.990969,556.364853,-23.1113442,0
19121.43,11.04,14,2,1,9,3.74915,0.677948,7.4983,-1.99296836,0
1396.24,1470.58,213,580,8,132,0.316584,0.860486,183.6186244,0.335129226,0
30200.21,109066.9,6,4,4,5,5.418029,3.611791,21.67211742,0.00137294,0
0,1426.21,0,159,5,0,0.91998,0,146.2768721,146.2768721,0
0,0,1,1,1,1,2.75,2.74938,2.75,0.00062,0
24.47,0,3,2,2,3,50.5,33.666159,101,0.001523001,0
1449.95,556.53,191,438,4,3,0.696882,1.597554,305.2343334,0.101450356,0
5.13,3733.57,34,34,1,34,0.385352,0.384883,13.10198159,0.015961896,0
0,27224.25,0,13,5,0,1.33857,0,17.40140661,17.40140661,0
24.86,0.23,3,2,2,3,50.5,33.666163,101,0.001512,0
20.87,0,3,1,1,3,101,33.666149,101,0.001554,0
6,37680.11,7,8,4,1,9.842931,11.24715,78.74344479,0.01339322,0
155.16,0,2,1,1,2,101,50.499508,101,0.000984218,0
13.6,0,3,1,1,3,101,33.666149,101,0.001554,0
364.17,230.02,682,557,554,170,1.220148,0.995851,679.6224224,0.45179059,0
1.97,1332.65,2,2,2,1,296.1,296.099456,592.2,0.001088977,0
8197.19,3055.47,98,47,18,40,20.405141,11.861401,959.0416393,-203.3756139,0
0,0,1,1,1,1,4.995,4.98,4.995,0.015,0
1.97,0,3,2,2,3,1000.5,666.99939,2001,0.001830667,0
161.06,0.63,2,2,2,2,50.5,50.499508,101,0.000984218,0
5.95,123984.24,6,6,5,2,5.843667,5.84204,35.062,0.00975847,0
93612.1,10060.62,2,80,3,1,0.098978,3.958433,7.918215339,0.00135,0
5.75,8482.58,18,18,7,1,5.466667,5.465914,98.4,0.013551552,0
5.66,16246.22,11,11,11,1,1.018111,1.017056,11.19922425,0.01161011,0
72100,10243.09,13,8,4,8,131.189784,80.696,1049.518271,0.47027113,0
163.02,0.94,2,2,2,2,50.5,50.499508,101,0.000984218,0
162.38,0.63,2,2,2,2,50.5,50.499508,101,0.000984218,0
132551.76,47103.98,6,3,3,3,2.744752,2.171335,8.23425725,-4.793751,0
0,0,1,1,1,1,1,0.999559,1,0.000441,0
0,19247.54,0,13,4,0,0.452745,0,5.88569015,5.88569015,0
159.83,0.92,2,2,2,2,50.5,50.499508,101,0.000984218,0
22.05,21.34,8901,7835,189,650,3647.937469,3210.983135,28581590.07,629.1782661,0
6736.68,1019.6,16,73,72,1,0.123734,0.56413,9.03258,0.006507092,0
17363.42,3975.35,4,2,1,3,6.995,7.918247,13.99,-17.682988,0
0,0,1,1,1,1,12.123629,12.123009,12.12362879,0.00062,0
160.19,0.15,2,2,2,2,50.5,50.499508,101,0.000984218,0
3.54,3346.38,2,2,2,1,0.601137,0.600717,1.202274835,0.000840005,0
0,4097.93,0,47,5,0,11.885895,0,558.6370505,558.6370505,0
152.67,0,2,1,1,2,101,50.499286,101,0.001428506,0
0,0,1,1,1,1,2.39451,2.394006,2.39451049,0.000504,0
22.91,0,3,1,1,3,101,33.666149,101,0.001554,0
6.38,2935.83,68,70,70,68,2.018109,2.077035,141.2676352,0.029244115,0
0,0,1,1,1,1,0.70724,0.7064,0.70724002,0.00084,0
162.63,0.43,2,2,2,2,50.5,50.499508,101,0.000984218,0
71.83,27.81,5304,4698,333,2525,81.983698,214.505344,385159.4122,-752576.9329,0
3.59,0,3,2,2,3,1000.5,666.999528,2001,0.001414909,0
26.18,20470.41,4,4,2,1,6.236932,6.23386,24.94772779,0.01228876,0
10.53,2020.11,9,12,2,9,6.710382,8.946717,80.5245836,0.004129493,0
159.52,0,2,1,1,2,101,50.499508,101,0.000984218,0
2411.88,84822.03,11,4,3,6,0.31883,0.112727,1.27532199,0.03532431,0
3827.27,1074.42,64,1560,1,43,1.994397,47.960507,3111.258825,41.78640022,0
22.77,0,3,1,1,3,101,33.666149,101,0.001554,0
484.97,13360.06,22,17,13,21,0.263426,0.203076,4.47824154,0.01058002,0
16472.66,8727.64,45,20,9,25,2.005246,0.911633,40.10491576,-0.918555982,0
0,1995.75,0,160,3,0,0.670056,0,107.2089593,107.2089593,0
1.88,0,3,2,2,3,1000.5,666.999528,2001,0.001414909,0
367.75,5872.92,1259,69,21,78,40.263488,4.987012,2778.180693,-3500.466893,0
0,0,1,1,1,1,1.373735,1.358735,1.373735,0.015,0
5487.5,22466.36,14,28,5,7,0.653013,0.920945,18.28436324,5.391128874,0
2516.11,10216,12,27,9,11,0.089581,0.201136,2.41867522,0.00504,0
0,44163.43,0,2,2,0,254.5,0,509,509,0
0,0,1,1,1,1,0.3,0.29938,0.3,0.00062,0
163.85,0,2,1,1,2,101,50.499508,101,0.000984218,0
0,0,1,1,1,1,1.466441,1.465969,1.46644078,0.000471636,0
1.56,0,3,2,2,3,1000.5,666.999528,2001,0.001414909,0
0,0,1,1,1,1,1,0.999559,1,0.000441,0
0,2762.25,0,76,5,0,0.240532,0,18.28040267,18.28040267,0
0,3801.67,0,84,4,0,1.186623,0,99.67635547,99.67635547,0
161.61,0.94,2,2,2,2,50.5,50.499508,101,0.000984218,0
0,11594.2,0,18,5,0,68.129553,0,1226.331962,1226.331962,0
7.4,1945.73,41,41,1,1,0.108187,0.107767,4.43565538,0.01722,0
136.47,482175.49,4,2,2,3,15.061125,7.53027,30.1222493,0.00116968,0
0,6682.47,0,82,5,0,0.219089,0,17.96526264,17.96526264,0
0,12143.51,0,24,3,0,0.785615,0,18.85476593,18.85476593,0
8691.1,4980.4,2,3,2,2,2.086115,3.128731,6.25834463,0.00088263,0
0,2405.98,0,118,5,0,0.403462,0,47.60848499,47.60848499,0
0,1346.79,0,143,4,0,0.111189,0,15.89998028,15.89998028,0
18151.95,29228.1,7,5,5,4,7.284753,5.20281,36.42376702,0.004094496,0
21.68,0,3,1,1,3,101,33.666149,101,0.001554,0
1.35,0.68,3,2,2,3,1000.5,666.999528,2001,0.001414909,0
161.55,0.82,2,2,2,2,50.5,50.499487,101,0.001026218,0
5.71,5707.63,2,3,3,1,1.799266,2.697775,5.39779878,0.00224945,0
0,0,1,1,1,1,10,9.999528,10,0.000471636,0
0,0,1,1,1,1,0.225559,0.225055,0.22555922,0.000504,0
4.81,0,4,2,2,4,1000.5,500.249528,2001,0.001886545,0
103.49,0,3,1,1,3,101,33.666171,101,0.001488218,0
160.58,0,2,1,1,2,101,50.499508,101,0.000984218,0
3070.03,35556.84,51,23,8,25,1.277459,0.69957,29.38156653,-6.29650084,0
160.38,0.6,2,2,2,2,50.5,50.499508,101,0.000984218,0
231.96,112125.71,8,9,6,1,5.425545,6.102275,48.82990775,0.011706884,0
6.29,0,3,2,2,3,1000.5,666.999528,2001,0.001414909,0
0,824.57,0,275,7,0,1.30568,0,359.061997,359.061997,0
20437.43,47057.88,15,3,2,11,0.204333,0.120252,0.613,-1.190776506,0
0,0,1,1,1,1,0.381175,0.380555,0.381175036,0.00062,0
6.44,76.03,5,5,1,1,6.9,6.899288,34.5,0.003559205,0
15.95,0,4,1,1,4,101,25.249475,101,0.0021,0
0,0,1,1,1,1,1.116753,1.114553,1.11675294,0.0022,0
0,3396.11,0,72,5,0,0.839403,0,60.43698417,60.43698417,0
0.93,1748.94,64,64,3,2,0.201675,0.200835,12.90717676,0.05376,0
0,2426.58,0,117,6,0,0.854269,0,99.94944496,99.94944496,0
0,191,0,1624,1,0,0,0,0,0,0
17.24,1420.14,203,204,3,1,10.766147,10.815768,2196.294011,0.6931342,0
3294.21,5448.4,129,107,50,57,43.940834,35.926786,4701.669219,67.11380848,0
18.7,365.31,1058,1063,2,2,0.325509,0.326628,346.0164569,0.444381,0
0,0,1,1,1,1,0.01,0.009418,0.01,0.000581532,0
0,0,1,1,1,1,0.180717,0.179795,0.18071719,0.000921794,0
9.49,11318.66,47,51,4,1,0.829698,0.897617,42.31458197,0.126566116,0
0,0,1,1,1,1,2.2,2.199496,2.2,0.000504,0
159.96,0.6,2,2,2,2,50.5,50.499508,101,0.000984218,0
3.23,0,3,2,2,3,1000.5,666.999528,2001,0.001414909,0
134.97,8427.96,103,105,1,1,1.024937,1.042574,107.6184304,0.23326833,0
0,0,0,1,1,0,1.844472,0,1.84447207,1.84447207,0
28424.74,23213.4,16,9,6,13,0.711047,0.398909,6.39942711,0.01688182,0
329.02,1898.84,42,43,1,2,0.106772,0.108894,4.59120935,0.017661,0
0,3309.56,0,16,2,0,75.747587,0,1211.9614,1211.9614,0
11.52,8965.07,35,35,1,1,0.047967,0.047499,1.678830057,0.016355725,0
163.93,0,2,1,1,2,101,50.499508,101,0.000984218,0
22.18,0,3,1,1,3,101,33.666149,101,0.001554,0
1363.42,1856.04,34,401,6,6,2.768859,32.655689,1110.312284,0.018856844,0
0,0,0,1,1,0,2.445368,0,2.44536818,2.44536818,0
0,6436.01,0,91,6,0,0.304631,0,27.72145346,27.72145346,0
0,781.62,1,2,2,1,0.009002,0,0.018003663,0.018003663,0
0,0,1,1,1,1,1.09336,1.092856,1.09335951,0.000504,0
131125.24,56578.38,2,7,5,2,23.718381,0.7505,166.0286673,164.5276673,0
3037.03,12801.65,4,5,3,4,1.125,1.405809,5.625,0.001764,0
0,1647.44,0,139,4,0,1.087885,0,151.2160301,151.2160301,0
27916.36,2700.56,6,8,2,2,6.104675,8.139129,48.8374,0.00262559,0
0,4049.26,0,56,3,0,0.535253,0,29.9741884,29.9741884,0
0,5931.59,0,57,4,0,0.453275,0,25.83669695,25.83669695,0
5.22,0,3,2,2,3,1000.5,666.999528,2001,0.001414909,0
0,0,1,1,1,1,0.269876,0.269404,0.26987556,0.000471636,0
0,0,1,1,1,1,10.172054,10.17155,10.17205368,0.000504,0
23.86,0.49,3,2,2,3,50.5,33.665992,101,0.002024127,0
0,0,1,1,1,1,10,9.9978,10,0.0022,0
0,0,1,1,1,1,1,0.99938,1,0.00062,0
0,0,1,1,1,1,0.18,0.17938,0.18,0.00062,0
276.53,2096.14,105,83,14,42,36.757033,29.054867,3050.833773,0.072752844,0
166.16,0.21,2,2,2,2,50.5,50.499487,101,0.001026218,0
0,0,1,1,1,1,64.867547,64.866707,64.867547,0.00084,0
2104.21,5422.52,3,2,2,3,0.0991,0.065425,0.19819913,0.001925554,0
106.06,7808.66,99,100,2,3,1.048997,1.058727,104.8997309,0.08573712,0
80.35,0.84,4,2,2,3,50.5,25.249508,101,0.001968437,0
165.27,0.7,2,2,2,2,50.5,50.499487,101,0.001026218,0
36.82,2261.81,24,24,2,1,11.543095,11.542642,277.0342855,0.010878908,0
2059.98,7971.34,55,58,16,2,2.265128,2.391085,131.3774116,-0.132278095,0
0,7559.25,0,30,2,0,0.893621,0,26.80862106,26.80862106,0
0,0,1,1,1,1,0.2955,0.294453,0.2955,0.001046957,0
23.84,0.18,3,2,2,3,50.5,33.666151,101,0.001548055,0
0,0,1,1,1,1,0.329405,0.32886,0.32940511,0.000544754,0
18.32,0,3,1,1,3,101,33.666149,101,0.001554,0
0,8540.11,0,24,2,0,54.274167,0,1302.58,1302.58,0
19815.22,106764.47,14,6,6,9,0.68577,0.461588,4.11461982,-2.34761718,0
6.14,62.16,9997,3,1,1371,15,1.00E-06,45,44.99439167,0
8521.89,7446.07,66,16,10,26,7.203399,1.745379,115.2543787,0.0593787,0
23.55,0.44,3,2,2,3,50.5,33.666148,101,0.001555573,0
0,0,0,1,1,0,0.126419,0,0.12641884,0.12641884,0
1.24,0.07,3,2,2,3,1000.5,666.999528,2001,0.001414909,0
32184.54,45861.57,3,7,5,2,51.506429,120.180701,360.545,0.002898,0
4222.44,1244.43,3,45,5,1,0.133748,2.005772,6.018639658,0.001323,0
157.73,0,2,1,1,2,101,50.499508,101,0.000984218,0
26.52,0,2,1,1,2,101,50.499475,101,0.00105,0
0,0,1,1,1,1,0.05,0.04938,0.05,0.00062,0
161.55,0.63,2,2,2,2,50.5,50.499508,101,0.000984218,0
0,0,1,1,1,1,0.142549,0.141929,0.14254875,0.00062,0
1.12,0.07,3,2,2,3,1000.5,666.999528,2001,0.001414909,0
34782.5,52001.03,7,7,2,3,0.928535,0.926766,6.49974161,0.01237811,0
0,0,1,1,1,1,0.062141,0.061521,0.062141135,0.00062,0
3.62,0,3,2,2,3,1000.5,666.999528,2001,0.001414909,0
0,3420.64,0,83,5,0,0.801673,0,66.53886848,66.53886848,0
0,0,1,1,1,1,0.1094,0.108614,0.1094,0.00078606,0
305.22,264489.01,5,3,3,5,4.373274,2.623575,13.11982281,0.00194664,0
1.03,12437.77,16,16,14,1,1.703401,1.702504,27.25442392,0.0143572,0
39172.64,52599.21,2,5,4,2,0.119699,0.298903,0.59849623,0.000691,0
163.19,0.37,2,2,2,2,50.5,50.499508,101,0.000984218,0
29673.5,9589.24,22,6,3,12,2.079205,0.560875,12.4752274,0.1359874,0
0,0,1,1,1,1,6,5.998953,6,0.001046957,0
95997.34,24287.63,8,5,4,8,3.845298,2.376145,19.22649206,0.217331427,0
570.27,80707.17,2,4,3,1,0.4095,0.5,1.638,0.638,0
8252.81,13955.93,16,48,5,4,6.404237,19.212001,307.4033737,0.011364502,0
0,1619.66,0,140,3,0,1.687324,0,236.2253748,236.2253748,0
4559.52,11437.51,73,37,15,40,32.229119,16.534022,1192.477393,-14.50622072,0
1.24,0.07,3,2,2,3,1000.5,666.999528,2001,0.001414909,0
5217.07,5819.92,127,57,37,67,5.386577,2.648994,307.0349073,-29.38729011,0
1281.65,920.14,128,98,51,88,3.679377,2.816058,360.5789308,0.12349736,0
2.48,3660.15,4,4,3,1,31.887495,31.886743,127.549979,0.003005425,0
0,3067.91,0,169,4,0,0.233656,0,39.48784328,39.48784328,0
27805.31,46509.98,21,8,8,10,2.663289,1.29619,21.3063106,-5.9136894,0
1073.76,1476.59,16,5,4,5,3.062821,0.955726,15.31410258,0.022491225,0
4.14,8490.96,2,2,2,2,0.433439,0.432594,0.86687716,0.001689062,0
24.9,0,13,1,1,12,101,7.768726,101,0.00655978,0
0,2606.57,0,87,4,0,0.940666,0,81.8379298,81.8379298,0
160.51,0,2,1,1,2,101,50.499508,101,0.000984218,0
57.51,28749.02,5051,24,7,7,8.711833,0.122372,209.0839809,-409.0145104,0
0,10548.62,0,11,6,0,5.241467,0,57.65614122,57.65614122,0
794.29,531.76,67,800,1,3,4.902757,58.539899,3922.205556,0.032317878,0
24.04,1.01,3,2,2,3,50.5,33.666159,101,0.001523001,0
14354.08,2854.57,11,100,3,8,0.04984,0.452565,4.983953164,0.005738902,0
0,155.33,1,2,1,1,1.297302,2.593891,2.59460479,0.000714034,0
327.65,181.64,29,3,1,11,3.9507,0.406806,11.8521,0.054738,0
110.2,0.01,3,3,3,3,33.666667,33.666157,101,0.001530218,0
163.32,0,2,1,1,2,101,50.499508,101,0.000984218,0
0,6778.5,0,43,4,0,0.739379,0,31.79330035,31.79330035,0
2105.92,3379.09,237,156,34,101,20.632972,13.877436,3218.743692,-70.20870643,0
0,0,1,1,1,1,25.398802,25.397755,25.39880211,0.001046957,0
158.33,0,2,1,1,2,101,50.499508,101,0.000984218,0
163.54,2.01,2,2,2,2,50.5,50.499487,101,0.001026218,0
2283.6,25559,60,55,5,3,77.254917,70.81473,4249.020441,0.136670341,0
0,0,1,1,1,1,2.080186,2.079566,2.0801859,0.00062,0
972.41,217.41,2,3,2,2,11.324135,17.07099,33.9724061,-0.169573198,0
0,1626.96,0,119,5,0,0.687114,0,81.76654211,81.76654211,0
14915.69,3911.93,9,219,5,6,0.465595,10.800196,101.9653841,4.763622838,0
2.58,3274.75,81,91,16,1,15.395501,17.338454,1400.990629,-3.424122821,0
163.45,0.02,2,2,2,2,50.5,50.499487,101,0.001026218,0
7615.41,22252.64,13,10,2,8,0.082497,0.06692,0.82496756,-0.044989188,0
24.18,0.33,3,2,2,3,50.5,33.666149,101,0.001554,0
12.78,8980.9,70,70,2,1,0.246505,0.245862,17.25534477,0.045032073,0
33.22,0,3,1,1,3,101,33.666163,101,0.001512,0
2.63,25.46,1098,894,1,738,0.773005,0.628947,691.0667363,0.483221875,0
1714.67,7067.61,14,19,2,1,0.649381,0.880469,12.33824514,0.011679678,0
0,0,1,1,1,1,2,1.99938,2,0.00062,0
9789.1,9500.64,10,17,2,3,51.857753,88.1577,881.581794,0.004790624,0
0,0,1,1,1,1,22,21.99938,22,0.00062,0
1819.56,1581.87,401,160,60,165,3.02817,1.302397,484.5072008,-37.75394306,0
2.52,0,3,1,1,3,423.243877,141.080821,423.2438767,0.001414909,0
0,1799.87,0,126,3,0,0.409729,0,51.6258967,51.6258967,0
0,0,1,1,1,1,1,0.99938,1,0.00062,0
23.18,0,2,1,1,2,101,50.499475,101,0.00105,0
15.31,517.6,1407,1497,1,3,0.098148,0.104006,146.927481,0.590961007,0
0,117.11,0,324,228,0,356.704453,0,115572.2429,115572.2429,0
0,0,1,1,1,1,0.112262,0.110062,0.11226227,0.0022,0
19244.67,0,2,1,1,2,7.986694,3.505,7.98669434,0.97669434,0
162.66,1.02,2,2,2,2,50.5,50.499487,101,0.001026218,0
22.72,170813.83,3,2,2,3,50.5,35.165551,101,-4.496652,0
155.42,0,2,1,1,2,101,50.499286,101,0.001428506,0
36.79,1612.27,533,536,4,1,1.66227,1.68018,890.9764872,-4.559279749,0
28793.99,7387.31,32,10,6,23,0.606368,0.174141,6.06367978,0.49117978,0
0,1429.36,0,140,3,0,0.899439,0,125.921517,125.921517,0
464.26,33817.19,14,18,2,4,0.17091,0.203618,3.07638424,0.225729,0
132.58,3285.9,184,188,6,1,1.121131,1.144663,210.7726674,0.154690804,0
108.44,0.82,3,2,2,2,50.5,33.666143,101,0.001572218,0
0,0,1,1,1,1,0.260166,0.259546,0.260165986,0.00062,0
2754.97,2545.19,90,124,2,3,1.390324,1.915083,172.4001663,0.042711868,0
483.31,290.3,2,2,2,2,1.146906,1.2295,2.29381225,-0.16518775,0
0,0,1,1,1,1,0.3,0.299559,0.3,0.000441,0
0,2086.99,0,153,5,0,1.249075,0,191.1084136,191.1084136,0
0,0,1,1,1,1,3,2.99938,3,0.00062,0
0,1972.07,0,115,3,0,0.17858,0,20.53671112,20.53671112,0
0,0,1,1,1,1,0.097559,0.097055,0.097559,0.000504,0
0,889.07,1,4,1,1,0.432863,0.037635,1.731452203,1.693817163,0
358.47,88046.23,3,3,2,3,3.669333,3.66752,11.008,0.005441,0
0,1764.16,0,114,3,0,0.343507,0,39.15981527,39.15981527,0
2796.41,37937.2,6,3,2,4,0.041821,0.020195,0.12546395,0.004293807,0
793.95,66237.99,11,12,8,1,89.427627,97.553795,1073.13152,0.039777475,0
3092.91,9775.97,11,76,3,9,0.208187,0.859318,15.82221171,6.369714386,0
29.37,1475.2,829,835,1,1,1.005456,1.01196,839.5553528,0.640848068,0
22.79,0,3,1,1,3,101,33.666149,101,0.001554,0
0,663.87,1,2,2,1,1.032966,2.059331,2.0659311,0.0066,0
0,2494.68,0,128,5,0,0.252498,0,32.31976434,32.31976434,0
45.17,1290.23,513,636,5,1,0.833235,1.031778,529.9373086,0.635251734,0
0,9816.34,0,9,4,0,9.071422,0,81.6427955,81.6427955,0
4.38,0,3,2,2,3,1000.5,666.999528,2001,0.001414909,0
4.8,0.35,3,2,2,3,1000.5,666.999528,2001,0.001414909,0
59.44,2085.1,408,423,1,1,0.994212,1.02948,420.551825,0.524149743,0
158.84,3.52,2,2,2,2,50.5,50.499487,101,0.001026218,0
0,8.8,0,9999,2710,0,6.20E-05,0,0.616895894,0.616895894,0
5256.73,5200.14,40,8,5,23,2.411367,0.481025,19.29093731,0.049937305,0
1176.07,2502.34,61,28,11,18,5.7137,2.867707,159.9836038,-14.94649615,0
19.72,3597.93,108,109,5,1,1.303821,1.314447,142.1165359,0.156244515,0
167023.71,0,3,1,1,3,6.812201,2.270125,6.81220065,0.001827,0
0,30118.62,0,2,2,0,1.455,0,2.91,2.91,0
2.45,25532.58,4,4,2,1,5.528908,5.528362,22.11563253,0.002184948,0
4560.4,3641.5,175,50,29,86,2.890266,0.838803,144.5132979,-2.277202149,0
13.41,1682.52,2,2,2,1,3.386061,3.376883,6.77212271,0.0183571,0
2.22,2496.45,4,4,4,1,1.25,1.249517,5,0.001932804,0
9.83,31900.45,5,6,6,1,1.001105,1.200484,6.006630607,0.004211617,0
612.46,1358.31,3,4,1,1,1.17,1.559748,4.68,0.00075602,0
11.09,2162.14,183,184,3,1,0.138502,0.137749,25.48427878,0.276225861,0
0,0,1,1,1,1,1.1,1.098565,1.1,0.00143523,0
41.49,3394.1,370,374,4,3,0.892415,0.899356,333.7633261,1.00149532,0
1.96,0,2,1,1,2,98.363606,49.181332,98.3636065,0.000943273,0
0,123369.2,1,3,2,1,0.24287,0.4,0.72860901,0.32860901,0
0,16271.2,1,36,2,1,0.273739,3.5,9.854608034,6.354608034,0
4700.39,4415.2,16,26,3,1,0.504703,0.814544,13.12228774,0.089584829,0
3.97,7786.06,8,8,7,1,12.766195,12.764665,102.1295605,0.01223744,0
0,0,1,1,1,1,5,4.99874,5,0.00126,0
1.89,0.01,3,45,45,3,44.466667,666.999528,2001,0.001414909,0
160.48,0.69,2,2,2,2,50.5,50.499508,101,0.000984218,0
6.92,6741.16,29,31,1,2,0.002962,0.002308,0.0918361,0.0249076,0
0,5910.26,0,17,4,0,46.336559,0,787.7214998,787.7214998,0
0,0,1,1,1,1,1.548853,1.548403,1.54885256,0.000449141,0
3.15,5911.94,68,69,1,1,0.26114,0.264,18.01869135,0.066696055,0
7.71,16228.62,4,7,4,1,1.465477,2.556959,10.25834097,0.030506135,0
157.46,0,2,1,1,2,101,50.499508,101,0.000984218,0
161.17,0.3,2,2,2,2,50.5,50.499508,101,0.000984218,0
156.16,2925.08,85,87,2,3,0.059985,0.060976,5.218722494,0.035721,0
25.48,828.71,59,64,7,1,13.413469,14.549437,858.462,0.045211617,0
19.34,876.72,1999,2113,12,3,30.759633,32.51252,64995.10434,2.576351628,0
22387.89,5.08,4,2,1,2,30.05,15.0245,60.1,0.002,0
5464.42,18006.95,6,28,10,4,4.429336,20.669614,124.0214152,0.003730947,0
0,57554.25,0,4,2,0,8.360968,0,33.44387,33.44387,0
69.63,108.81,2,2,2,1,0.498456,0.498008,0.9969124,0.00089692,0
310.33,5005.28,124,167,5,2,0.330032,0.444007,55.11542298,0.05861082,0
160.84,184251.12,5,3,3,3,0.37,9.031737,1.11,-44.04868277,0
21.77,0,3,1,1,3,101,33.666149,101,0.001554,0
3.02,5711.32,2,3,3,1,0.325859,0.488273,0.97757691,0.001030219,0
6238.72,1256.93,53,867,1,53,0.4166,6.814433,361.1924277,0.027500008,0
1.88,0.4,3,2,2,3,1000.5,666.999528,2001,0.001414909,0
2863.7,7519.13,39,32,9,22,3.170122,2.600301,101.443909,0.03216727,0
0,0,1,1,1,1,0.995,0.9,0.995,0.095,0
9756.62,57147.06,14,5,4,7,4.647777,1.658459,23.23888405,0.020460495,0
7.02,1451.37,121,121,1,2,0.634642,0.633532,76.79170838,0.1343333,0
12370.51,3415.81,10,9,3,6,55.07289,50.562834,495.6560139,-9.9723301,0
0,12597.92,0,18,7,0,7.048022,0,126.8643958,126.8643958,0
0,1828.61,0,124,3,0,0.460757,0,57.13392745,57.13392745,0
37703.86,3341.02,25,10,7,18,2.109301,0.94908,21.09300543,-2.633994573,0
0,0,1,1,1,1,1.999564,1.999093,1.9995643,0.000471636,0
0,1723.98,0,227,5,0,0.866146,0,196.615141,196.615141,0
2.07,0,4,2,2,4,1000.5,500.249528,2001,0.001886545,0
21759.82,2095.65,2,3,1,2,3.078333,4.61708,9.235,0.000840011,0
0,2119.21,0,107,2,0,0.233005,0,24.93156573,24.93156573,0
0,0,0,1,1,0,35,0,35,35,0
155.1,0,2,1,1,2,101,50.499508,101,0.000984218,0
7575.4,130659.21,14,6,6,10,1.241561,0.531714,7.44936714,0.00536861,0
905.51,13328.35,64,72,4,5,80.136299,90.152486,5769.813506,0.054431033,0
2385.79,170354.16,12,5,5,8,9.772427,4.070586,48.86213363,0.01509888,0
20.17,3.92,3,2,2,3,50.5,33.666149,101,0.001554,0
6.53,13731.65,6,7,5,2,5.896254,6.878326,41.27377799,0.00382222,0
901.61,1704.44,81,45,11,19,7.082794,14.471596,318.7257356,-853.4735279,0
247.72,31648.25,8,9,9,1,0.084107,0.093855,0.75696684,0.006127052,0
14.23,775.77,681,712,6,10,3.077847,3.217086,2191.426851,0.591041644,0
0,0,1,1,1,1,0.311935,0.309735,0.3119353,0.0022,0
0,2602.36,0,112,6,0,0.28238,0,31.6265243,31.6265243,0
157.73,0,2,1,1,2,101,50.499508,101,0.000984218,0
25.94,0.28,3,2,2,3,50.5,33.666163,101,0.001512,0
16.69,1502.46,187,193,5,1,2.728139,2.81501,526.5307433,0.123883763,0
5.95,2723.09,139,146,17,1,127.255145,133.661872,18579.25112,0.25086888,0
0,12090.62,0,11,2,0,9.569432,0,105.2637501,105.2637501,0
148.18,6223.06,107,190,4,1,0.554501,0.980223,105.3551839,0.471326795,0
161.23,0.82,2,2,2,2,50.5,50.499487,101,0.001026218,0
12.48,311.67,4,4,2,1,14.88275,14.88233,59.531,0.00168,0
24.66,14.42,180,9820,1408,11,19.097725,1038.433629,187539.6575,621.6042415,0
160.7,1.78,2,2,2,2,50.5,50.499508,101,0.000984218,0
23.89,0,3,1,1,3,101,33.666149,101,0.001554,0
0,10057.75,0,13,4,0,63.415385,0,824.4,824.4,0
61.91,1673.77,412,388,9,1,6.142438,5.941689,2383.265842,-64.71014472,0
1.85,0.07,4,2,2,4,1000.5,500.249528,2001,0.001886545,0
15881.91,21083.41,11,39,31,9,11.477749,40.689409,447.6322208,0.048720839,0
263.85,26929.17,53,5,5,6,8.985447,1.546353,44.92723476,-37.02947044,0
21.2,2.7,3,2,2,3,50.5,33.666149,101,0.001554,0
87627.86,13990.94,3,5,1,1,1.038132,1.729805,5.19066154,0.001246032,0
20512.33,15878.28,8,9,9,6,4.186721,4.709272,37.68049147,0.006316957,0
0,0,1,1,1,1,1.8,1.799748,1.8,0.00025202,0
160.96,0.19,2,3,3,2,33.666667,50.499508,101,0.000984218,0
24.05,0,3,1,1,3,101,33.666149,101,0.001554,0
40460.94,39708.73,13,12,4,2,193.10288,178.247179,2317.234562,0.021238059,0
0,0,1,1,1,1,5,4.996956,5,0.00304422,0
2.55,42999.44,7,7,3,1,6.43033,6.428871,45.01231258,0.01021797,0
0,2314.04,0,98,3,0,0.197614,0,19.36612739,19.36612739,0
0,1.57,0,9999,3,0,0,0,0,0,0
0,17666.31,0,5,3,0,6.214482,0,31.07241158,31.07241158,0
29260.33,0,2,1,1,2,0.6,0.299188,0.6,0.00162434,0
119077.75,52788.43,3,10,8,3,8.658084,28.846405,86.58083892,0.041622947,0
0,0,1,1,1,1,0.1,0.09958,0.1,0.00042,0
23.86,0.43,3,2,2,3,50.5,33.666152,101,0.001544256,0
1458.13,4183.71,53,251,8,21,1.076657,5.191226,270.2408993,-4.89406396,0
491.31,18098.78,46,50,4,2,0.966346,1.049474,48.31729602,0.041473706,0
0,0,0,1,1,0,0.0239,0,0.02389988,0.02389988,0
2,16405.49,4,4,1,1,5.5425,5.541832,22.17,0.002670038,0
0,2080.51,0,109,3,0,0.190967,0,20.81543511,20.81543511,0
0,0,1,1,1,1,1.792785,1.792688,1.79278478,9.67E-05,0
2941.85,6655.5,75,29,15,37,6.093641,2.594667,176.715586,-17.88441396,0
5716.41,1668.58,35,6,2,4,0.302,0.050486,1.812,0.045,0
22.14,0,3,1,1,3,101,33.666149,101,0.001554,0
0,3570.35,0,181,1,0,0,0,0,0,0
3387.8,46956.5,6,6,4,3,134.203833,134.202079,805.223,0.010527,0
23.23,0,3,1,1,3,101,33.666149,101,0.001554,0
156.97,0,2,1,1,2,101,50.499508,101,0.000984218,0
155.04,1674.32,394,402,9,2,4.222402,4.307474,1697.405456,0.260774423,0
9220.03,1442.85,38,144,19,3,23.536926,89.192009,3389.317357,0.021023785,0
127.2,17.71,2,4,3,2,25.30419,50.607889,101.2167617,0.000984218,0
6,2259.52,170,171,7,1,0.147889,0.147686,25.28910151,0.182503553,0
0,0,1,1,1,1,4.99,4.989496,4.99,0.000504,0
20434.25,5467.9,15,12,5,9,7.346135,2.480738,88.15361413,50.94254263,0
0,0,1,1,1,1,0.113988,0.113516,0.113988,0.000471636,0
22.48,0,3,1,1,3,101,33.666149,101,0.001554,0
3908.74,10739.59,49,10,7,12,72.100968,14.806689,721.0096846,-4.51805557,0
0,0,1,1,1,1,1.409452,1.408948,1.40945229,0.000504,0
2298.48,90.96,49,7,3,2,1.015449,0.135796,7.10814206,0.45414206,0
0,2225.06,0,131,3,0,0.254216,0,33.30223377,33.30223377,0
162.28,28.22,2,2,1,2,2.209018,2.208526,4.41803527,0.000984218,0
22.52,0,3,1,1,3,101,33.666149,101,0.001554,0
0,1758.08,0,129,4,0,0.410447,0,52.94762249,52.94762249,0
23.46,0.37,3,2,2,3,50.5,33.666149,101,0.001554158,0
0,0,0,1,1,0,1.363896,0,1.36389572,1.36389572,0
52.91,0.3,6,2,2,2,50.5,16.832838,101,0.002970305,0
0,0,0,1,1,0,0.002049,0,0.00204917,0.00204917,0
102.19,0,3,1,1,3,101,33.666171,101,0.001488218,0
0,2453.98,0,100,5,0,0.497135,0,49.71351457,49.71351457,0
0,6319.32,1,8,1,1,4.7575,0.01,38.06,38.05,0
1910.63,12332.55,3,5,1,2,0.217087,0.36137,1.08543385,0.001323,0
0,2134.77,0,115,4,0,0.19253,0,22.14096162,22.14096162,0
3093.64,56149.55,15,15,4,2,0.910348,0.909898,13.65521254,0.00674201,0
108.84,42.02,3,2,2,3,50.5,33.666165,101,0.001506437,0
47.16,284.6,2,2,2,1,1.25,1.248188,2.5,0.00362337,0
0,1444.76,0,221,6,0,0.901066,0,199.135681,199.135681,0
0,3996.16,1,3,1,1,0.006779,0.019836,0.02033643,0.00050001,0
0,5822.22,1,3,1,1,11.385288,34.155391,34.155863,0.000471636,0
0,0,1,1,1,1,0.145868,0.145797,0.14586788,7.04E-05,0
0,2548.09,0,89,3,0,0.224421,0,19.97348364,19.97348364,0
1.56,0.11,3,2,2,3,1000.5,666.999528,2001,0.001414909,0
0.86,30007.36,2,2,2,2,1.878738,1.877898,3.757476793,0.00168,0
37.82,52.24,5102,7388,1157,1035,655.117652,948.240874,4840009.21,2084.272476,0
0,0,1,1,1,1,4,3.9978,4,0.0022,0
4860.24,4902.17,145,75,37,81,14.683324,7.776063,1101.249332,-26.27986751,0
0,1547.29,0,148,3,0,0.352555,0,52.17811743,52.17811743,0
0,0,1,1,1,1,3,2.998877,3,0.001122944,0
0,1674.81,0,115,4,0,0.222147,0,25.54694923,25.54694923,0
161.39,0.3,2,2,2,2,50.5,50.499508,101,0.000984218,0
3.1,925.23,73,73,3,1,4.235125,4.234705,309.164093,0.030660004,0
3.87,6392.85,11,11,9,11,2.204409,2.203911,24.24849464,0.005474833,0
0,1953.03,0,103,5,0,0.818868,0,84.34338569,84.34338569,0
0,5154.07,0,44,5,0,0.970412,0,42.69812499,42.69812499,0
161.55,0.63,2,2,2,2,50.5,50.499508,101,0.000984218,0
1.73,0.42,4,2,2,4,1000.5,500.249528,2001,0.001886545,0
17517.21,9672.3,13,17,13,12,1.650545,2.157884,28.05925891,0.00677158,0
0,0,1,1,1,1,20.80213,20.80171,20.80213014,0.00042,0
5.04,1530.83,2,2,1,1,5.245,5.244263,10.49,0.001474149,0
12684.38,2896.19,34,181,152,6,49.647022,121.723694,8986.111012,4847.505426,0
157.89,0,2,1,1,2,101,50.499508,101,0.000984218,0
13.29,5291.24,147,181,6,2,3.718618,4.577797,673.0698759,0.133718224,0
7.97,7868.86,17,26,1,1,0.092081,0.139693,2.394114333,0.019337423,0
3.26,4491.02,9,9,1,1,3.776152,3.775663,33.98537217,0.004403048,0
24004.64,23748.38,18,4,4,10,28,11.709444,112,-98.77,0
14.99,0,3,1,1,3,101,33.666149,101,0.001554,0
107.27,1.46,3,2,2,3,50.5,33.666179,101,0.001464437,0
0,2636.82,0,86,3,0,0.513478,0,44.15911017,44.15911017,0
1559.01,53123.24,2,3,3,1,0.068011,0.101546,0.204033012,0.000940819,0
15146.55,0,9,1,1,9,21.00144,2.333052,21.00144,0.003969,0
2682.05,7244.51,47,31,12,17,11.413088,7.609149,353.8057208,-3.82427917,0
903.05,22013.47,46,48,1,1,0.573754,0.597301,27.54019602,0.064364915,0
0,953.46,0,202,4,0,0.356378,0,71.98829922,71.98829922,0
4790.91,4690.94,14,3,2,7,2.83377,0.705631,8.50131132,-1.37751968,0
0,1692.16,0,134,4,0,0.228434,0,30.61009998,30.61009998,0
57479.75,11264.69,4,3,3,1,3.226333,2.419158,9.679,0.0023688,0
161.24,0.3,2,2,2,2,50.5,50.499508,101,0.000984218,0
1252.16,33694.53,9,8,4,2,2.420779,2.150859,19.36623147,0.008497606,0
0,17443.08,0,13,6,0,5.062861,0,65.81719007,65.81719007,0
80.96,155838.28,10,3,2,3,0.762823,0.450816,2.28847,-2.21968974,0
0,0,1,1,1,1,0.033322,0.032902,0.0333217,0.00042,0
162.87,0,2,2,2,2,50.5,50.499487,101,0.001026218,0
24.27,0.44,3,2,2,3,50.5,33.666148,101,0.001555573,0
206.28,871.37,8,3,3,7,0.020128,0.007065,0.06038348,0.00386,0
0,0.29,0,9999,6459,0,79.872615,0,798646.2797,798646.2797,0
21.94,0,3,1,1,3,101,33.666149,101,0.001554,0
2986.83,4371.28,179,44,15,57,12.91995,3.297598,568.4778002,-21.7921998,0
4100.53,3431.34,63,38,13,18,4.128293,2.489155,156.8751286,0.058388814,0
4.18,3873.38,201,202,3,1,0.123869,0.123745,25.02144,0.148794414,0
17.15,2332.58,825,832,9,3,17.635116,17.783709,14672.41629,0.856217128,0
163.78,0,2,1,1,2,101,50.499508,101,0.000984218,0
15.23,0,3,1,1,3,101,33.665988,101,0.002035312,0
0,7696.13,0,26,3,0,0.891289,0,23.17350344,23.17350344,0
0,1580.72,0,2,1,0,0,0,0,0,0
104.88,0,3,1,1,2,101,33.666171,101,0.001488218,0
0,9860.36,0,23,6,0,16.816147,0,386.7713765,386.7713765,0
106.69,0.22,3,3,3,2,33.666667,33.666171,101,0.001488218,0
7.88,17663.16,18,20,10,1,2.243608,2.491569,44.8721618,0.02392097,0
11567.25,25292.7,17,10,7,9,0.851311,0.500311,8.51310655,0.007815591,0
22086.33,55993.95,9,7,6,8,1.055501,0.820388,7.388507589,0.005019001,0
5173.8,4691.58,91,98,3,9,73.8723,79.553928,7239.485449,0.077963,0
2998.86,2084.12,68,28,22,34,3.942889,1.652007,110.4008906,-1.935609813,0
7.38,373.04,2324,2402,10,15,1.91791,1.981467,4606.820489,1.8912579,0
25.91,0.13,3,2,2,3,50.5,33.666163,101,0.001512,0
10062.39,7621.88,55,23,10,23,3.981765,2.240464,91.58059997,-31.64491371,0
0,6361,0,36,8,0,12.292915,0,442.5449378,442.5449378,0
164.7,0,2,1,1,2,101,50.499508,101,0.000984218,0
0,13299.68,0,10,7,0,49.519635,0,495.1963516,495.1963516,0
23.57,0.92,3,2,2,3,50.5,33.666149,101,0.001554,0
134.28,18457.82,40,54,2,1,0.701056,0.94369,37.85702701,0.109420727,0
406.61,10909.43,49,65,2,1,0.71059,0.941416,46.18835595,0.058978049,0
164696.65,1859.46,5,17,3,2,13.263529,45.09472,225.48,0.0064018,0
78085.1,6594.06,6,72,5,6,0.088887,1.066231,6.399830553,0.002442,0
2.06,1411.11,2,2,2,1,4.499779,4.499264,8.999559,0.001030842,0
8812.23,14331.78,54,36,15,31,6.811828,4.529463,245.2257995,0.63479819,0
0,0,1,1,1,1,6,5.99938,6,0.00062,0
23157.85,22086.52,5,5,4,5,7.804435,7.8038,39.02217743,0.003177426,0
160.91,0.84,2,2,2,2,50.5,50.499508,101,0.000984218,0
9153.5,20998.2,30,10,4,13,1.079837,0.404149,10.79836875,-1.326111447,0
1749.52,126509.98,15,8,6,10,2.61045,1.391813,20.88360027,0.00640143,0
138727.59,9592.23,3,6,5,2,6.891373,13.782306,41.34824097,0.001323,0
0,0,1,1,1,1,4.995,4.994528,4.995,0.000471636,0
22.18,0,3,1,1,3,101,33.666149,101,0.001554,0
164.01,0,2,2,2,2,50.5,50.499487,101,0.001026218,0
0,2159.54,0,105,2,0,0.193014,0,20.26644372,20.26644372,0
158.87,0,2,1,1,2,101,50.499508,101,0.000984218,0
169.98,96.57,2671,33,2,8,0.605205,0.007044,19.97177024,1.15760024,0
20.67,0,3,1,1,3,101,33.666149,101,0.001554,0
21.36,0,3,1,1,3,101,33.666149,101,0.001554,0
4.3,18630.29,7,7,2,7,16.06148,16.061044,112.4303594,0.00305458,0
30.35,17749.04,2,2,2,2,12.861127,12.860612,25.722254,0.001030958,0
0,1168.84,0,194,7,0,0.865636,0,167.9333705,167.9333705,0
22.16,0,3,1,1,3,101,33.666149,101,0.001554,0
0,2796.19,1,2,1,1,2.045,4.048,4.09,0.042,0
104.97,0,3,1,1,3,101,33.666179,101,0.001464437,0
22344.75,4054,32,47,33,17,22.474439,21.09925,1056.298651,381.1226609,0
1.77,0,3,2,2,3,1000.5,666.999528,2001,0.001414909,0
0,0,1,1,1,1,0.862155,0.861351,0.86215484,0.000803431,0
22.99,0,3,1,1,3,101,33.666149,101,0.001554,0
11056.2,23190.32,17,13,5,10,0.128312,0.136666,1.668059717,-0.655266422,0
195.52,580.18,4400,664,133,2042,1187.674107,179.3906,788615.6069,-703.0326144,0
19899.33,0.97,2,2,2,1,1.335212,1.334771,2.670424,0.000882,0
35647.27,60.38,18,9,6,11,11.361111,5.67965,102.25,0.01629724,0
6.44,3266.12,3,3,3,3,1.996499,1.996058,5.989496,0.001323,0
15.47,0,3,1,1,3,101,33.666149,101,0.001554,0
0,0,1,1,1,1,0.8641,0.863596,0.8641,0.000504,0
0,1989.12,0,114,4,0,0.642346,0,73.22741,73.22741,0
25626.59,150.32,3,5,3,2,1.008456,1.680222,5.042278511,0.001613102,0
51880.05,2325.77,14,13,1,2,3.287308,3.051352,42.735,0.016075854,0
11174.49,12245.22,50,35,13,14,1.554224,1.077491,54.3978404,0.523276781,0
0,0,1,1,1,1,0.01287,0.012324,0.012869985,0.000546,0
992.54,1766,135,312,3,113,0.107207,0.247114,33.44846185,0.088107661,0
15.46,0,3,1,1,3,101,33.666149,101,0.001554,0
21648.06,39105.85,27,7,4,20,12.091128,5.553694,84.63789389,-65.31183972,0
26.03,0,3,2,2,3,50.5,33.666163,101,0.001512,0
23.23,0,3,1,1,3,101,33.998884,101,-0.996652,0
733.09,811.45,104,78,21,42,8.825307,6.719712,688.3739371,-10.4760629,0
1.04,0,3,2,2,3,1000.5,666.999528,2001,0.001414909,0
23.4,4649.78,4,4,2,1,8.361989,8.360639,33.4479561,0.00539901,0
451.89,613.95,2644,114,18,268,14.627432,0.914884,1667.527231,-751.4255472,0
408.01,702.6,5,1618,2,5,0.245627,2.635668,397.4243212,384.2459825,0
1270.97,335.2,105,105,4,4,1.000997,1.000157,105.1047335,0.08826282,0
2988.42,10957.12,13,10,9,8,2.244473,1.723987,22.44472851,0.032898,0
21.15,0,3,1,1,3,101,33.666149,101,0.001554,0
46.58,986.24,700,1099,2,3,0.256509,0.402371,281.9034212,0.243696877,0
1.56,0,3,2,2,3,1000.5,666.99939,2001,0.001830667,0
0,44.4,0,521,401,0,1.273225,0,663.3500862,663.3500862,0
161.31,0,2,1,1,2,101,50.499508,101,0.000984218,0
0,0,1,1,1,1,0.3,0.29938,0.3,0.00062,0
161,0,2,1,1,2,101,50.499508,101,0.000984218,0
21.13,0,3,1,1,3,101,33.666149,101,0.001554,0
21949.99,3560.28,5,12,2,3,17.250674,41.401458,207.0080876,0.000798008,0
1.38,183.45,2,2,2,1,1.660126,1.659286,3.32025246,0.00168,0
2279.81,894.15,96,2,2,2,3,0.060551,6,0.187140204,0
0.8,5007.46,6,6,1,2,2.68412,2.68328,16.10472291,0.00504,0
75078.84,5437.19,16,4,2,9,124.276844,31.067596,497.1073767,0.025838672,0
306.54,165163.36,6,4,4,4,0.16365,0.108729,0.65459874,0.0022251,0
216.89,46.66,1096,8904,1646,529,8.338713,51.909624,74247.89855,17354.95106,0
9110.48,5450.78,57,55,10,32,16.344094,15.754779,898.9251688,0.902758908,0
11.19,49805.08,3,3,3,1,10.19452,10.193532,30.583559,0.00296406,0
0,0,1,1,1,1,4.995,4.994528,4.995,0.000471636,0
19.27,0,3,1,1,3,101,33.666149,101,0.001554,0
0,2870.43,0,79,3,0,0.268551,0,21.21551849,21.21551849,0
63,1210.55,633,876,2,3,0.100074,0.138166,87.6647455,0.205605346,0
158.28,0.63,2,2,2,2,50.5,50.499508,101,0.000984218,0
156.47,0,2,1,1,2,101,50.499508,101,0.000984218,0
5.48,13900.63,22,23,2,1,0.003261,0,0.075,0.075,0
17339.13,44006.28,7,3,2,7,0.078543,0.031066,0.23563042,0.01816782,0
0,1564.03,0,145,2,0,0.2427,0,35.19153639,35.19153639,0
21801.85,16571.25,17,10,5,12,0.845591,0.685475,8.455910255,-3.197156645,0
1876.99,690.72,2,3,2,1,0.087982,0.131553,0.263945815,0.00084002,0
0,0,1,1,1,1,0.418267,0.417826,0.4182673,0.000441,0
15.22,161.22,8713,1287,288,53,32.673136,4.816478,42050.32618,84.35717962,0
90455.19,115222.2,6,5,5,4,0.243019,0.07,1.215095959,0.795095959,0
19106.22,11955.68,17,25,2,4,0.840221,1.352224,21.00552005,-1.982295699,0
37174.25,25247.48,6,3,1,5,0.723319,0.381796,2.16995751,-0.120819585,0
4140.01,16783.71,5,6,4,3,5.827333,6.992143,34.964,0.003285371,0
36979.34,52812.74,8,5,1,2,3.028434,1.892127,15.14217079,0.005153631,0
0,5717.08,0,35,3,0,0.88617,0,31.01595948,31.01595948,0
463.89,2449.33,251,304,1,251,0.504319,0.610406,153.312909,0.101111053,0
7121.67,1975.24,40,13,12,19,3.244641,1.130874,42.18033167,-3.07461202,0
34.08,32176.91,12,13,2,1,182.577692,197.791682,2373.51,0.00982147,0
58.04,2255.6,287,288,5,2,0.179909,0.180115,51.81368262,0.120561,0
9725.29,13703.31,57,11,2,19,57.859091,16.264561,636.45,-290.63,0
0,0,1,1,1,1,10,9.99938,10,0.00062,0
2.55,1308.39,25,25,3,1,12.860341,12.859921,321.508534,0.0105,0
161.06,0.63,2,2,2,2,50.5,50.499508,101,0.000984218,0
1752.5,12505.59,12,17,1,1,4.402489,6.236433,74.84231489,0.005113295,0
26034.83,53919.47,5,15,1,1,13.161383,39.335845,197.4207472,0.741523062,0
0,5341.79,0,25,8,0,15.373161,0,384.3290338,384.3290338,0
10888.14,14701.83,48,28,4,32,66.384949,44.613868,1858.778572,-282.6870991,0
35.95,9869.86,8,8,2,1,5.751134,5.749202,46.00907467,0.015454767,0
0,1832.87,0,159,3,0,0.49167,0,78.17548944,78.17548944,0
0,4604.71,0,19,1,0,1.00107,0,19.02033767,19.02033767,0
56099.5,22861.18,7,12,5,2,0.422185,0.723473,5.066214231,0.00190419,0
1.96,20612.16,4,5,2,1,1.504994,1.880722,7.52497,0.002082072,0
0,0,0,1,1,0,1.018974,0,1.01897429,1.01897429,0
0,1557.9,0,171,2,0,2.254856,0,385.5804046,385.5804046,0
77.53,0,4,1,1,2,101,25.249502,101,0.001992218,0
46.07,0.61,7,2,2,3,50.5,14.428041,101,0.003714218,0
9.32,21838.33,23,23,6,1,1.674898,1.673275,38.52264536,0.03732065,0
18.54,0,3,1,1,3,101,33.666149,101,0.001554,0
27123.04,67845.07,35,7,6,18,1.96783,0.360857,13.77480983,1.144809835,0
0,5195.59,0,17,2,0,53.395049,0,907.7158249,907.7158249,0
15024.23,7033.97,33,74,15,33,3.636828,8.15488,269.1252365,0.014191092,0
21.46,0,3,1,1,3,101,33.809133,101,-0.4273987,0
0,0,1,1,1,1,5,4.999559,5,0.000441,0
0,0,0,1,1,0,0.25,0,0.25,0.25,0
43.16,1645.28,174,174,5,2,2.531588,2.544733,440.4962864,-2.287262838,0
200.48,1961.63,918,42,17,59,1.176791,0.091581,49.42522041,-34.64593976,0
157.1,0,2,1,1,2,101,50.499508,101,0.000984218,0
29.98,111.09,10000,2,1,2720,1,1560.535404,2,-15605352.04,0
28669.34,6634.31,8,2,1,4,0.532903,0.131917,1.065805,0.010467366,0
1.88,0.35,3,2,2,3,1000.5,666.999528,2001,0.001414909,0
0,1151.97,0,213,6,0,0.880444,0,187.5345765,187.5345765,0
105.03,0,3,1,1,2,101,33.666171,101,0.001488218,0
14.99,0,4,1,1,4,101,25.249475,101,0.0021,0
58250.62,49049.09,2,2,2,2,0.575601,0.57516,1.15120121,0.000882,0
1473.93,12527.07,55,33,4,13,0.55116,0.302,18.18828449,1.578284487,0
0,0,1,1,1,1,0.216697,0.216225,0.216697,0.000471636,0
107.53,0,3,1,1,3,101,33.666179,101,0.001464437,0
0,0,1,1,1,1,22,21.99938,22,0.00062,0
2.66,9663.03,8,8,1,1,0.099387,0.098967,0.79509572,0.00336,0
49569.04,1671.49,4,3,1,1,6.062669,4.546692,18.18800599,0.00123832,0
22.77,0,3,1,1,3,101,33.666149,101,0.001554,0
19.32,37581.71,5,6,3,1,1.53736,1.843081,9.22416272,0.00875899,0
1073.45,2568.64,8,4,2,4,1.357365,1.306254,5.42945861,-5.02057188,0
443.88,6.35,72,6710,4278,27,11.407321,1063.098264,76543.12141,0.046368,0
108.58,0.82,3,2,2,2,50.5,33.666143,101,0.001572218,0
20.64,2400.86,208,221,2,1,1.050941,1.116205,232.258032,0.08736,0
11375.19,33928.91,40,16,5,34,0.954105,0.181041,15.26568307,8.02402307,0
0,12252.86,1,3,3,1,0.072811,0.19979,0.21843421,0.01864421,0
164.72,0,2,1,1,2,101,50.499487,101,0.001026218,0
23.21,0.33,3,2,2,3,50.5,33.666149,101,0.001554,0
631.96,3761,5,5,2,1,0.100501,0.099147,0.502502921,0.006770221,0
4.33,8067.27,143,147,3,1,0.196691,0.201177,28.91356092,0.145317434,0
24.06,0.18,3,2,2,3,50.5,33.666149,101,0.001554,0
8513.11,58621.41,10,5,3,6,1.11734,0.54076,5.586698,0.179098,0
0,0,1,1,1,1,3.52,3.519528,3.52,0.000471636,0
3117.33,5255.01,37,24,8,15,2.255861,1.460487,54.14066727,0.102663018,0
160.24,1.23,2,2,2,2,50.5,50.499508,101,0.000984218,0
44.76,185.67,3269,4886,3,3,0.117293,0.174921,573.0933493,1.275884926,0
12890.02,11153.21,25,22,6,2,5.877088,5.171304,129.2959269,0.013317551,0
0,0,1,1,1,1,3.41,3.40938,3.41,0.00062,0
22.12,0,3,1,1,3,101,33.666149,101,0.001554,0
10876.42,7808.16,40,14,8,27,1.917311,0.670025,26.8423493,0.0413493,0
0,0,1,1,1,1,9.999528,9.999108,9.99952837,0.00042,0
168.89,932.74,537,841,4,258,2.298781,3.59941,1933.274417,0.390982455,0
0,3193.86,0,71,2,0,0.945329,0,67.11833937,67.11833937,0
2.13,5753.66,26,31,2,1,0.229194,0.270785,7.105,0.0645833,0
0,0,1,1,1,1,4.995,4.99417,4.995,0.000829773,0
8088.17,12594.02,11,10,10,3,0.427247,0.387867,4.2724719,0.005939922,0
2478.25,170542.42,11,5,5,7,21.799122,9.899229,108.9956107,0.10408651,0
11111.27,0,2,1,1,2,0.263649,0.131383,0.26364861,0.000882,0
0,0,1,1,1,1,0.218193,0.217573,0.21819328,0.00062,0
12.89,1473.71,1129,1145,11,2,1.69633,1.719613,1942.298335,0.85498494,0
3.64,10065.3,13,13,2,13,1.080114,1.079675,14.04148731,0.005714234,0
0,5273.01,0,111,9,0,0.340555,0,37.80156772,37.80156772,0
0,0,0,1,1,0,3,0,3,3,0
25.09,0,3,2,2,3,50.5,33.666163,101,0.001512,0
0,7.91,0,2,2,0,0.084448,0,0.16889645,0.16889645,0
24.51,0.26,3,2,2,3,50.5,33.666151,101,0.001548055,0
0,1579.32,0,145,3,0,0.442536,0,64.16771073,64.16771073,0
107.47,0,3,1,1,2,101,33.665859,101,0.002423952,0
109.23,0,3,1,1,3,101,33.666171,101,0.001488218,0
2465.94,36913.42,56,24,7,20,27.569433,13.784468,661.6663949,-110.2638091,0
160.8,0.84,2,2,2,2,50.5,50.499508,101,0.000984218,0
82,75.42,8889,1111,2,2446,72.339849,9.03071,80369.57239,95.59522798,0
8180.13,93851.75,34,7,3,17,1.006345,0.263059,7.044414445,-1.899585555,0
1.48,121637.04,2,2,1,1,1.544,1.543703,3.088,0.000594905,0
1354.97,21755.32,215,9,3,12,0.876607,0.074804,7.88945928,-8.193485884,0
110.5,0.02,3,2,2,3,50.5,33.666165,101,0.001506437,0
4441.63,5933.63,19,4,3,19,35.920835,7.56179,143.6833381,0.009328331,0
17.57,0,4,1,1,3,101,25.249475,101,0.0021,0
3.53,2075.42,20,12,2,20,100.5975,60.358023,1207.17,0.009535298,0
0,0,1,1,1,1,0.118719,0.118138,0.1187192,0.000581532,0
0,0,1,1,1,1,0.08,0.0778,0.08,0.0022,0
11359.81,6636.12,62,44,20,31,18.727109,12.788262,823.992806,31.12057014,0
3.04,2742,2,2,2,1,0.350668,0.350094,0.70133609,0.001147999,0
2848.05,6870.16,245,42,30,142,1.015199,0.212764,42.63835764,-9.48884236,0
0,0,1,1,1,1,0.999528,0.998481,0.99952837,0.001046957,0
0,2187.03,0,146,3,0,0.320469,0,46.78843712,46.78843712,0
160.24,0.21,2,2,2,2,50.5,50.499487,101,0.001026218,0
19.41,0,3,1,1,3,101,33.665988,101,0.002035312,0
18.18,0,2,1,1,2,101,50.499475,101,0.00105,0
708.75,4013.63,248,245,7,155,0.276599,0.272609,67.76670686,0.159698846,0
0,1383.06,0,287,2,0,0.217142,0,62.31976849,62.31976849,0
130195.42,4083.79,2,26,4,1,0.999675,12.995436,25.99154361,0.000671352,0
27694.92,5922.85,11,48,7,2,15.233359,66.471511,731.2012215,0.014595742,0
7.27,60547.71,2,5,4,1,10.171885,25.4268,50.85942448,0.00582387,0
450.6,14352.27,1722,4,2,11,8.00025,0.117667,32.001,-170.622,0
0,0,1,1,1,1,0.057307,0.056687,0.05730681,0.00062,0
6.13,12040.35,24,25,11,1,19.852625,20.678448,496.3156136,0.03285735,0
107.72,59636.12,8,9,7,2,3.519206,3.958469,31.67285272,0.005103,0
2.93,0.52,3,2,2,3,1000.5,666.999528,2001,0.001414909,0
25667.45,5370.69,8,6,1,2,2.071107,1.552831,12.42664053,0.00399,0
0,0,1,1,1,1,2.288363,2.287743,2.28836274,0.00062,0
2528.27,2095.4,161,110,73,82,17.848411,12.697674,1963.325217,-81.0002833,0
1.92,0,2,1,1,2,1057.540042,528.769341,1057.540042,0.001359031,0
1.95,0,2,1,1,2,1474.633796,737.316426,1474.633796,0.000943273,0
1171.46,9223.53,10,7,2,4,24.005714,16.801754,168.04,0.022455368,0
104.73,0,3,1,1,2,101,33.666171,101,0.001488218,0
2.58,0.12,3,2,2,3,1000.5,666.999528,2001,0.001414909,0
14.93,0,4,1,1,3,101,25.249475,101,0.0021,0
2022.34,2925.12,39,6,5,4,3.009251,0.812618,18.05550774,-13.63659226,0
80.49,8453.46,2,2,2,2,2.41593,2.415452,4.83185916,0.000954636,0
25.37,6208.77,176,205,10,3,0.939201,1.092511,192.5361952,0.254335288,0
165.53,0.01,2,3,3,2,33.666667,50.499487,101,0.001026218,0
23.14,0,3,1,1,3,101,33.666149,101,0.001554,0
0,250.61,0,913,4,0,1.18988,0,1086.360227,1086.360227,0
3648.76,1073.77,6,94,4,1,8.543879,133.852049,803.1246147,0.01232049,0
16.56,8212.09,27,27,3,27,0.214023,0.213549,5.778618239,0.012805943,0
21.63,0,3,1,1,3,101,33.666149,101,0.001554,0
4753.38,12246.14,67,57,20,28,1.222102,1.248742,69.6597865,-14.0059135,0
0,0,0,1,1,0,0.033087,0,0.03308699,0.03308699,0
2658.27,13471.62,26,16,7,13,0.613381,0.376229,9.814101338,0.032151708,0
0,13338.58,0,17,7,0,3.223047,0,54.79179592,54.79179592,0
0,3825.04,0,26,2,0,71.97932,0,1871.462317,1871.462317,0
3.58,0.03,3,2,2,3,1000.5,666.999528,2001,0.001414909,0
36.01,27095.31,9,12,6,1,4.409765,5.877016,52.91717638,0.0240279,0
160.58,0,2,1,1,2,101,50.499508,101,0.000984218,0
16.05,2190.65,232,244,5,1,1.439697,1.513335,351.2859709,0.192257698,0
0,8481.67,0,27,3,0,0.8233,0,22.22909647,22.22909647,0
0,0,1,1,1,1,3.059807,3.059335,3.05980684,0.000471636,0
77.6,0,4,1,1,2,101,25.249502,101,0.001992218,0
5.68,1642.1,109,109,1,109,5.245394,5.244934,571.7479215,0.050071223,0
0,10194.57,0,17,5,0,18.693511,0,317.789682,317.789682,0
0,1951.89,0,82,2,0,0.958084,0,78.56284873,78.56284873,0
16.83,8716.59,3,3,1,3,0.727757,0.727302,2.18327169,0.001365,0
22.14,0,3,1,1,3,101,33.666149,101,0.001554,0
15.7,170.05,3,3,1,3,0.347202,0.346707,1.04160468,0.001483117,0
7.1,0,3,2,2,3,1000.5,666.999528,2001,0.001414909,0
2.91,161.76,2,2,2,1,2.733875,2.733345,5.46774903,0.001058104,0
397.33,5707.5,183,164,4,177,0.327461,0.293078,53.70365944,0.070395913,0
9.43,13149.84,16,16,3,1,1.181571,1.180113,18.90513199,0.02331834,0
0,2914.9,0,100,4,0,0.518907,0,51.89069626,51.89069626,0
0.62,16.67,1519,1519,787,1,0.2953,0.294827,448.5601222,0.717662823,0
5958.62,5840.05,31,16,9,16,4.718193,2.449419,75.49108663,-0.440913369,0
5.66,54431.37,5,5,1,5,0.008548,0.008098,0.04273774,0.002247,0
0,2752.56,0,116,6,0,0.243813,0,28.28230347,28.28230347,0
0,1605.08,0,120,3,0,0.447525,0,53.70298616,53.70298616,0
11812.35,5597.11,71,29,15,45,30.859914,12.743355,894.9375,-9.840736,0
87.22,528.57,729,1975,2,1,2.23795,6.062568,4419.950423,0.338499,0
1.74,17.09,2,2,1,1,20.05,20.049428,40.1,0.001143109,0
3.99,3250.28,4,4,4,1,0.6,0.599507,2.4,0.001971948,0
2.03,0.15,3,2,2,3,1000.5,666.999528,2001,0.001414909,0
45862.76,0,2,1,1,2,0.025,0.011935,0.025,0.00112995,0
0,1785.55,0,127,4,0,2.118816,0,269.0896064,269.0896064,0
1.22,7645.16,14,15,6,2,10.211865,10.940459,153.177973,0.01155,0
1.17,0.42,3,2,2,3,1000.5,666.999528,2001,0.001414909,0
166.36,0.01,2,3,3,2,33.666667,50.499487,101,0.001026218,0
157.39,0,2,1,1,2,101,50.499508,101,0.000984218,0
2.2,0,4,2,2,4,1000.5,500.249528,2001,0.001886545,0
2.45,0.66,3,2,2,3,1000.5,666.999528,2001,0.001414909,0
26024.5,19263.72,15,16,8,10,4.394636,5.286612,70.31416897,-8.985018344,0
1378.57,2634.18,48,488,9,24,0.732232,7.083645,357.3289966,17.31402497,0
0,2406.73,0,139,1,0,0.05393,0,7.49628656,7.49628656,0
0.95,0.7,9996,4,1,6564,12963.95,3.966755,51855.8,12204.12006,0
165.15,0,2,2,2,2,50.5,50.499487,101,0.001026218,0
2716.23,15886,252,20,10,81,0.197215,0.027923,3.944290306,-3.092421143,0
20.95,0,3,1,1,3,101,33.666149,101,0.001554,0
0,50279.59,0,4,3,0,8.276943,0,33.10777329,33.10777329,0
0,0,1,1,1,1,0.54916,0.548688,0.54916,0.000471636,0
159.16,0,2,1,1,2,101,50.54868,101,-0.097359782,0
0,0,1,1,1,1,0.001,0.00079,0.001,0.00021,0
0,0,1,1,1,1,5,4.99938,5,0.00062,0
380.96,27692.65,23,12,2,8,0.350577,0.182613,4.206928258,0.006825,0
0,570.01,0,695,3,0,0.973672,0,676.70196,676.70196,0
0,2080.46,0,109,5,0,0.463973,0,50.57306809,50.57306809,0
27449.13,45839.58,3,29,9,2,0.640943,6.195464,18.587336,0.000944682,0
45.89,0,9999,1,1,809,100,0,100,100,0
4817.16,18166.41,100,14,8,17,9.580231,1.434064,134.1232338,-9.283202949,0
3.78,8172.45,3,3,1,3,2.836766,2.836315,8.510298,0.001353636,0
2038.93,20179.84,28,31,6,3,55.263115,61.183656,1713.15655,0.014169815,0
0,0,1,1,1,1,0.8687,0.868196,0.8687,0.000504,0
2.23,0,4,2,2,4,1000.5,500.249528,2001,0.001886545,0
56.71,131.27,9054,952,225,4601,41.495337,21.739258,39503.56036,-157323.68,0
21.56,0,3,1,1,3,101,33.666149,101,0.001554,0
161.92,0.82,2,2,2,2,50.5,50.499487,101,0.001026218,0
2146.91,6523.28,91,31,6,32,13.791074,6.094496,427.5233014,-127.0757986,0
0,0,1,1,1,1,1.1,1.09938,1.1,0.00062,0
11.99,0,4,1,1,3,101,25.249475,101,0.0021,0
3.66,1851.58,616,616,1,1,0.21117,0.210567,130.0804617,0.371360131,0
1.96,14296.76,8,8,2,1,13.503959,13.503349,108.031673,0.00487852,0
0,0,1,1,1,1,6.55289,6.55227,6.552889784,0.00062,0
25.35,496.07,617,1494,2,3,0.77182,1.868197,1153.099455,0.421604998,0
163.47,0.21,2,2,2,2,50.5,50.499487,101,0.001026218,0
162.03,0.83,2,3,3,2,33.666667,50.499508,101,0.000984218,0
5724.61,2837.76,143,69,24,39,8.38644,4.226309,578.6643381,-25.69783146,0
8.83,1113.81,588,591,3,493,0.218613,0.219149,129.2000759,0.340199504,0
0,0,1,1,1,1,0.99,0.989496,0.99,0.000504,0
363.35,1882.13,272,330,3,3,0.075817,0.091651,25.01969313,0.090517408,0
23.22,0,3,2,2,3,50.5,33.666149,101,0.001554,0
0,1462.57,0,136,3,0,0.416181,0,56.60061773,56.60061773,0
5.89,15553.18,6,6,2,1,3.256367,3.25551,19.53819914,0.00513669,0
92996.37,6860.16,6,2,1,5,56.044266,18.673333,112.0885324,0.04853238,0
143.12,42.4,2,2,1,2,1.979317,1.978825,3.958634367,0.000984218,0
25903.18,0,7,0,0,4,0,0.000916,0,-0.006412764,0
0,0,1,1,1,1,0.435988,0.435484,0.43598781,0.000504,0
0,7696.16,0,26,3,0,0.761507,0,19.79919093,19.79919093,0
161.5,0,2,1,1,2,101,50.499508,101,0.000984218,0
6.01,0,62,2,2,62,5000.5,161.305838,10001,0.038031,0
2076.13,1225.67,377,247,144,124,8.11266,5.353078,2003.826964,-14.28342554,0
167.62,0.01,2,3,3,2,33.666667,50.499487,101,0.001026218,0
21.68,0,3,1,1,3,101,33.665988,101,0.002035312,0
29.5,2170.97,117,118,1,7,0.053387,0.052829,6.299701146,0.11865,0
9597.58,4409.66,69,84,27,56,6.289556,7.642025,528.3227404,1.023038532,0
3.71,0,3,2,2,3,1000.5,666.999528,2001,0.001414909,0
0,18678.68,0,7,5,0,3.341457,0,23.39020079,23.39020079,0
3469.78,10968.4,78,15,7,45,0.492288,0.122183,7.384323901,-2.145967084,0
3926.59,6478.14,151,69,19,71,10.089085,3.979367,696.14685,95.26241564,0
23132.57,2034.94,14,272,8,9,2.171246,27.862506,590.5788159,200.5037271,0
62.97,19.65,3604,6398,467,1052,117.828075,340.106156,753864.0252,-471878.5607,0
160.52,0,2,1,1,2,101,50.499508,101,0.000984218,0
2980.94,5132.44,61,178,4,5,0.301124,0.872309,53.60015559,0.389333808,0
14.63,48330.12,10,10,9,1,0.476554,0.474479,4.765543375,0.020749675,0
0,1137.25,0,585,6,0,0.944883,0,552.7568331,552.7568331,0
24.44,0,3,1,1,3,101,33.666149,101,0.001554,0
4018.73,54218.28,32,3,2,2,7.511097,0.765548,22.53329072,-1.964242757,0
0,0,1,1,1,1,0.1,0.09938,0.1,0.00062,0
2418.04,1876.96,47,245,13,2,73.539569,383.343822,18017.19442,0.03477629,0
0,2447.47,0,116,7,0,0.228638,0,26.52200868,26.52200868,0
18443.71,3268.26,17,69,2,9,0.202169,1.225545,13.94967701,-6.88458818,0
15.49,11801.56,12,12,7,2,68.948967,68.948135,827.3876,0.009975,0
5680.31,16390.95,20,19,16,13,0.578164,0.32105,10.98510967,4.56410967,0
9312.07,11088.47,86,36,12,44,6.856375,4.343751,246.8294831,-126.7331289,0
154.5,0,2,1,1,2,101,50.499508,101,0.000984218,0
3.34,78162.61,3,3,2,1,0.654783,0.653374,1.96434936,0.0042276,0
146990.55,0,2,1,1,2,0.75,0,0.75,0.75,0
0,0,1,1,1,1,9.359546,9.358636,9.35954647,0.00091,0
15.94,41758.89,7,7,3,1,2.776734,2.774329,19.43713538,0.01683238,0
0,0,1,1,1,1,10,9.99938,10,0.00062,0
160.42,1.02,2,2,2,2,50.5,50.499487,101,0.001026218,0
320.06,1763.27,215,228,3,54,0.132458,0.139709,30.20045133,0.16300619,0
830.37,2020.02,25,303,6,12,3.345214,40.623396,1013.599924,-1.984987802,0
14.76,0,3,1,1,3,101,33.666149,101,0.001554,0
0,0,1,1,1,1,2.232886,2.232266,2.2328863,0.00062,0
0,0,1,1,1,1,0.138179,0.137759,0.13817932,0.00042,0
11099.68,6524.67,67,37,6,27,4.768086,2.695698,176.4191646,-4.192627023,0
159.05,0,2,1,1,2,101,50.499286,101,0.001428506,0
0,12452.52,1,26,3,1,13.939605,1,362.429737,361.429737,0
0,15275.27,0,43,3,0,0.142326,0,6.12,6.12,0
205282.57,0,3,1,1,1,5,1.666415,5,0.000756008,0
0,2059.91,0,287,6,0,0.097609,0,28.01391147,28.01391147,0
160.94,0.3,2,2,2,2,50.5,50.499508,101,0.000984218,0
1324.2,16170.71,14,25,8,6,13.830757,14.857143,345.7689202,137.7689202,0
22.74,0,3,1,1,3,101,33.666149,101,0.001554,0
0,0,1,1,1,1,0.048703,0.047101,0.04870341,0.001602564,0
0,22082.89,0,4,3,0,6.336955,0,25.34781876,25.34781876,0
31438.5,4555.61,8,5,3,5,2.253833,1.407815,11.26916488,0.006643594,0
0,9042.13,0,22,6,0,1.588658,0,34.95046961,34.95046961,0
22.14,0,3,1,1,3,101,33.666149,101,0.001554,0
3.37,0.42,4,2,2,3,1000.5,500.249528,2001,0.001886545,0
2306.44,0,2,1,1,1,1.995,1,1.995,-0.005,0
0,17444.24,0,13,5,0,2.572961,0,33.4484947,33.4484947,0
80.12,0.04,4,2,2,2,50.5,25.249502,101,0.001992218,0
0,1771.71,0,128,3,0,0.252587,0,32.33114939,32.33114939,0
0,0,1,1,1,1,0.521875,0.521255,0.521875,0.00062,0
0,0,1,1,1,1,3.608889,3.608269,3.60888874,0.00062,0
0,169011.67,0,6,6,0,3.352106,0,20.11263856,20.11263856,0
0,0,1,1,1,1,1.170093,1.169622,1.17009319,0.000471636,0
163.93,1.02,2,2,2,2,50.5,50.499487,101,0.001026218,0
237.29,21756.42,19,24,2,2,18.237731,23.036575,437.70555,0.010619049,0
0,628.3,0,716,6,0,1.063666,0,761.5849408,761.5849408,0
22.62,0,3,1,1,3,101,33.666149,101,0.001554,0
5436.34,13424.62,100,31,15,22,10.7541,3.834513,333.3770856,-50.07420706,0
3.94,2150.4,595,599,9,1,4.267958,4.29599,2556.506833,0.392672113,0
6900.53,4075.77,136,40,7,20,9.02984,2.977247,361.1936113,-43.71198873,0
22.75,0,3,1,1,3,101,33.666149,101,0.001554,0
165.88,0.08,2,2,2,2,50.5,50.499487,101,0.001026218,0
162.69,0.6,2,2,2,2,50.5,50.499286,101,0.001428506,0
11.46,1305.04,26,26,3,26,0.062301,0.061846,1.619822609,0.011829707,0
5.34,1760.58,2,2,1,2,3.684003,3.683532,7.36800516,0.000940373,0
4.77,50534.92,3,3,3,1,12.68,12.679161,38.04,0.00251749,0
2059.28,12969.45,118,21,7,28,2.725619,0.809813,57.23798908,-38.31991846,0
672.18,12763.54,33,33,9,2,3.472551,3.47042,114.5941735,0.070325008,0
32.45,0.47,10,3,3,6,33.666667,10.09949,101,0.005100218,0
1019.48,2891.08,11,259,2,7,0.404067,5.924166,104.6533116,39.48748176,0
11.24,8137.89,10,13,3,1,0.319994,0.414376,4.15991988,0.01615856,0
346.27,7127.72,47,52,3,1,3.611352,3.995118,187.7902961,0.019740004,0
168.08,811.06,3518,48,18,2478,515.098463,7.149872,24724.72621,-428.5233769,0
0,0,1,1,1,1,0.32,0.319441,0.32,0.000559397,0
105.72,0.63,3,2,2,2,50.5,33.666171,101,0.001488218,0
2.63,0,3,2,2,3,1000.5,666.99939,2001,0.001830667,0
1.54,55.28,2,2,2,1,1.45,1.449434,2.9,0.001132258,0
274972.69,0,2,1,1,2,2.999,1.499091,2.999,0.000818377,0
210.67,43294.12,4,4,4,1,1.999691,1.99884,7.99876593,0.00340483,0
3081,1291.93,224,128,47,97,1.879105,1.098902,240.525409,-5.628602018,0
0,1778.11,0,34,2,0,15.937882,0,541.888,541.888,0
16601.46,8132.58,28,19,9,21,16.484044,11.210714,313.1968321,-0.70316795,0
0,0,1,1,1,1,0.70305,0.70243,0.703050174,0.00062,0
102.63,0,3,1,1,2,101,33.666171,101,0.001488218,0
164.83,0.21,2,2,2,2,50.5,50.499487,101,0.001026218,0
17.93,0,3,1,1,3,101,33.666149,101,0.001554,0
2040.38,3326.91,10,172,2,4,0.454141,5.980026,78.11230018,18.31203749,0
0,0,1,1,1,1,1.037,1.0348,1.037,0.0022,0
26.01,1357.09,947,971,8,2,2.155086,2.209056,2092.588789,0.612954137,0
0,4277.02,0,2,2,0,4.67677,0,9.3535392,9.3535392,0
13.12,633.82,310,336,2,11,8.470262,9.179748,2846.008051,0.286041,0
169.95,503.4,10,2975,2,7,0.389833,90.803071,1159.752649,251.7219384,0
0,1417.28,0,160,4,0,2.698728,0,431.7965326,431.7965326,0
163.77,0,2,1,1,2,101,50.499508,101,0.000984218,0
0,10645.46,0,83,1,0,1.160579,0,96.32809722,96.32809722,0
158.38,0,2,1,1,2,101,50.499508,101,0.000984218,0
0,0,1,1,1,1,3,2.999114,3,0.0008857,0
400.18,74002.41,6,3,3,5,0.667202,0.332397,2.00160718,0.007225,0
0,1710.44,0,117,3,0,0.234012,0,27.3794163,27.3794163,0
4.85,1934.32,16,29,19,16,14.173466,25.688867,411.0305058,0.008629937,0
17394.78,2256.01,31,12,3,9,5.711798,3.368607,68.541578,-35.88523855,0
19.44,611.66,1192,1250,5,13,0.226579,0.236855,283.2238002,0.893148121,0
0,458.6,0,422,5,0,3.951115,0,1667.370629,1667.370629,0
0,0,1,1,1,1,10.999528,10.999087,10.99952837,0.000441,0
64.77,3414.8,398,416,2,3,0.442701,0.462303,184.1635526,0.166912899,0
0,37793.24,0,6,3,0,9.585267,0,57.5116,57.5116,0
0,30225.65,0,2,2,0,5.45305,0,10.9061,10.9061,0
0,2699.48,0,84,5,0,0.831353,0,69.83363361,69.83363361,0
29.23,10817.12,34,34,2,1,0.899813,0.898257,30.59365247,0.05293021,0
548.16,51391.17,43,7,7,8,19.371429,4.511186,135.6,-58.381,0
6.39,2420.56,5,6,5,1,1.126851,1.349168,6.761104446,0.015265726,0
0,8716.3,0,48,7,0,0.664612,0,31.90138727,31.90138727,0
116.8,2382.91,341,425,3,3,0.133489,0.16605,56.73268615,0.109578884,0
2467.73,14030.77,96,57,51,25,37.561772,27.971667,2141.021012,-544.2589907,0
147390.99,0,2,1,1,2,0.515639,0.038005,0.515639,0.439629825,0
0,2043.05,0,111,3,0,0.45167,0,50.13541416,50.13541416,0
3.84,19698.93,28,28,5,1,21.630639,21.628789,605.65788,0.051777925,0
0,0,0,1,1,0,0.127808,0,0.12780791,0.12780791,0
20.42,0,3,1,1,3,101,33.666149,101,0.001554,0
17.9,51.84,4,4,1,1,0.332791,0.331395,1.3311625,0.00558145,0
0,0,1,1,1,1,22,21.99938,22,0.00062,0
108.49,0.03,3,11,11,2,9.181818,33.666157,101,0.001530218,0
2.16,3713.95,3,3,3,1,15.399114,15.398694,46.19734321,0.00126,0
541.67,350.13,9,6,5,8,0.6655,0.443097,3.993001398,0.005125177,0
163.95,0,2,2,2,2,50.5,50.499508,101,0.000984218,0
0,28420.52,0,7,4,0,2.652576,0,18.56802891,18.56802891,0
0,0,1,1,1,1,4.980117,4.977917,4.98011731,0.0022,0
1.79,26332.21,21,21,6,3,2.974771,2.973931,62.47019943,0.01764,0
0,0,1,1,1,1,0.016,0.015528,0.016,0.000471659,0
108.48,0.84,3,2,2,3,50.5,33.666179,101,0.001464437,0
221.96,12327.37,22,23,2,1,1.114152,1.163969,25.62549122,0.018180129,0
5.87,0.16,3,2,2,3,1000.5,666.999528,2001,0.001414909,0
0,0,1,1,1,1,0.5,0.499528,0.5,0.000471636,0
164.17,0.06,2,2,2,2,50.5,50.499487,101,0.001026218,0
19.76,0,3,1,1,3,101,33.666149,101,0.001554,0
1221.32,34190.91,12,8,4,10,0.026686,0.016978,0.21348911,0.009748119,0
0,2556.91,0,114,7,0,0.715576,0,81.57567274,81.57567274,0
376.52,367.38,256,3780,35,4,1.297702,19.174111,4905.314436,-3.258076437,0
1.09,0,3,2,2,3,1000.5,666.999528,2001,0.001414909,0
11710.91,61415.52,18,6,2,12,1.666379,1.079604,9.99827255,-9.434595975,0
5780.61,5257.66,132,59,33,37,14.946234,6.869317,881.8277885,-24.92204001,0
2.85,4599.4,25,25,3,1,0.514319,0.513899,12.85796991,0.010500002,0
21.99,0,3,1,1,3,101,33.666149,101,0.001554,0
0,0,1,1,1,1,12.168132,12.167512,12.16813229,0.00062,0
3474.06,0,4,1,1,4,3.895,0.973309,3.895,0.001764,0
9.68,430.59,1551,1569,1,1,1.31401,1.328316,2061.682073,1.46470851,0
0,6.42,0,9999,2518,0,2.20E-05,0,0.22022,0.22022,0
0,202.04,0,2413,424,0,0.000233,0,0.561999904,0.561999904,0
1.3,0,2,1,1,2,1488.581321,744.290189,1488.581321,0.000943273,0
17.45,951.43,396,859,5,3,1.139343,2.470682,978.6954103,0.305311008,0
3.5,177.42,2,2,1,2,1.768974,1.768498,3.537947035,0.000952024,0
0,0,1,1,1,1,0.340895,0.338695,0.34089467,0.0022,0
0,29587.85,0,4,2,0,15.003736,0,60.01494234,60.01494234,0
6.25,10957.6,4,4,2,4,4.625,4.624542,18.5,0.001832602,0
11843.86,1895.54,73,44,6,37,5.479898,3.301976,241.115529,0.071307628,0
5.11,119962.09,6,6,5,2,2.997236,2.988306,17.98341566,0.053582461,0
441.59,2653.46,411,128,8,345,24.704295,7.692353,3162.149763,0.592776838,0
0,1563.95,0,145,3,0,0.283983,0,41.1776069,41.1776069,0
4408.87,576.34,15,275,3,10,0.449574,8.24,123.632982,0.03298202,0
79.38,0.3,4,2,2,3,50.5,25.249508,101,0.001968437,0
4.68,863.83,1055,1201,4,1,0.099084,0.112271,119.0002304,0.554465427,0
19.62,0,3,1,1,3,101,33.665988,101,0.002035312,0
0,0,1,1,1,1,0.068168,0.067548,0.068168058,0.00062,0
5.02,0,3,2,2,3,1000.5,666.999528,2001,0.001414909,0
29241.42,0,2,1,1,2,0.032037,0.015214,0.032037,0.0016091,0
1.27,45855.8,10,10,6,2,0.897518,0.896674,8.9751774,0.008442,0
12.12,4530.86,21,21,2,1,3.695417,3.694997,77.60375608,0.008820006,0
24.71,1460.63,121,122,6,7,25.291005,25.499089,3085.502636,0.112833,0
0,0,1,1,1,1,193.311068,193.310228,193.3110678,0.00084,0
19.43,0,3,1,1,3,101,33.666149,101,0.001554,0
1.27,27.71,2,2,1,1,1.3,1.29895,2.6,0.0021,0
30.53,0,5,1,1,3,2.202158,1.7398,2.20215811,-6.49684189,0
105.32,1.23,3,2,2,3,50.5,33.666179,101,0.001464437,0
13.12,1035.54,13,12,2,1,3.331984,3.074385,39.983811,0.016811,0
0,8655.23,0,125,3,0,0.186779,0,23.34742062,23.34742062,0
4.09,3414.01,108,109,4,2,0.240723,0.241558,26.23879233,0.150550938,0
4480.98,6747.94,19,35,7,11,31.38958,44.539474,1098.635294,252.3852944,0
34.48,2715.16,279,357,28,2,7.910058,10.200797,2823.890579,-22.13167886,0
16.92,0,3,1,1,3,101,33.666149,101,0.001554,0
160.29,0.17,2,2,2,2,50.5,50.499508,101,0.000984218,0
0,3842.75,0,72,3,0,0.945148,0,68.05066397,68.05066397,0
21.43,0,3,1,1,3,101,33.666149,101,0.001554,0
296.32,4193.85,117,91,12,62,14.307116,11.127107,1301.947569,0.076063732,0
23.98,0,3,2,2,3,50.5,33.666151,101,0.001548055,0
0,0,1,1,1,1,7.99,7.989496,7.99,0.000504,0
4228.91,12388.64,3,42,2,3,0.165851,2.200368,6.965738706,0.364633746,0
24.93,1930.23,5,3,2,5,0.317304,0.189963,0.95191275,0.00210002,0
20236.24,14490.48,7,60,8,2,0.082297,0.704949,4.937825872,0.003181122,0
3746.8,38009.72,15,13,2,15,8.122233,6.938764,105.5890319,1.507568804,0
0,64183.82,0,3,2,0,0.666667,0,2,2,0
1883.28,75058.23,8,4,4,4,2.9975,1.497132,11.99,0.01294002,0
16.01,0,4,1,1,3,101,25.249475,101,0.0021,0
19.94,7463.48,40,44,5,1,31.586474,34.816429,1389.804853,-2.8523231,0
0,709.78,0,590,3,0,1.264267,0,745.917795,745.917795,0
6.71,105100.03,3,3,3,1,42.107897,42.104842,126.3236912,0.00916656,0
0,1813.77,0,120,4,0,0.56735,0,68.08204449,68.08204449,0
39.35,372.03,1205,1322,2,1,0.871648,0.955097,1152.319097,1.426887601,0
2.73,39069.62,9,9,4,1,91.397466,91.396636,822.5771978,0.007477283,0
25.48,0.23,3,2,2,3,50.5,33.666163,101,0.001512,0
15.88,394.63,1363,1372,3,1,0.278498,0.277128,382.098638,4.373287933,0
5.03,3659.56,12,12,11,1,8.872488,8.871771,106.4698565,0.00860007,0
163.78,0,2,1,1,2,101,50.499508,101,0.000984218,0
163.56,0.6,2,2,2,2,50.5,50.499508,101,0.000984218,0
0,0.62,1,9999,9999,1,6.008009,12000,60074.08233,48074.08233,0
0,2338.02,0,97,3,0,0.395104,0,38.3251364,38.3251364,0
0,1636.02,0,140,5,0,0.977635,0,136.868965,136.868965,0
22550.24,969.74,23,7,2,10,9.155259,6.526957,64.08681238,-86.03318762,0
0,0,1,1,1,1,0.2,0.19938,0.2,0.00062,0
0,1714.65,0,116,3,0,0.210917,0,24.46637643,24.46637643,0
1.24,0.07,3,2,2,3,1000.5,666.999528,2001,0.001414909,0
0,2455.55,0,81,4,0,12.247383,0,992.0380295,992.0380295,0
25150.52,11008.9,3,83,5,1,0.095369,2.637948,7.915615247,0.00177,0
107.23,0.54,3,2,2,3,50.5,33.666179,101,0.001464437,0
8.11,4248.69,33,33,2,33,138.592388,138.591893,4573.54881,0.016345176,0
111.63,2714.36,225,228,3,2,0.456251,0.461915,104.0253415,0.094521,0
0.88,3029.31,5,5,2,2,0.401587,0.400747,2.00793271,0.0042,0
0,0,1,1,1,1,0.2997,0.299196,0.2997,0.000504,0
6064.46,775.03,16,220,5,3,0.101906,1.400945,22.41937807,0.004252818,0
0,3263.35,0,87,3,0,0.225746,0,19.63990523,19.63990523,0
64.3,2518.5,202,228,3,1,1.202771,1.356666,274.2317486,0.185125928,0
2.86,1373.88,2,2,1,2,0.048859,0.048402,0.097717155,0.000912636,0
118.76,7937.77,96,104,2,1,1.059137,1.145166,110.1502933,0.214347393,0
1.86,0,5,2,2,4,1000.5,400.199528,2001,0.002358181,0
34640.21,16607.53,2,4,4,2,3.397129,6.794027,13.58851655,0.000462,0
2.07,2567.15,8,8,8,1,6.554445,6.553949,52.43555909,0.00396353,0
36532.41,5620.65,9,2,1,6,0.01,0.001621,0.02,0.005412564,0
5755.09,12181.63,6,7,3,2,25.926132,30.246598,181.4829207,0.003333708,0
12369.07,13881.74,3,22,6,1,0.424472,3.11238,9.33838684,0.001246032,0
0,0,1,1,1,1,4,3.99958,4,0.00042,0
1.61,0.17,3,2,2,3,1000.5,666.999528,2001,0.001414909,0
0,19257.51,0,40,2,0,0.117161,0,4.686442109,4.686442109,0
0,4279.52,0,2,2,0,2.5135,0,5.027,5.027,0
3.52,19118.15,2,2,2,2,51.916041,51.915595,103.8320821,0.000891636,0
5.15,3700.52,87,87,1,2,0.114668,0.113535,9.9761533,0.0986333,0
22.09,0,3,1,1,3,101,33.666149,101,0.001554,0
2050.4,679.91,199,119,25,73,12.970894,7.765469,1543.536405,-1.791995123,0
0.98,0.68,3,2,2,3,1000.5,666.999528,2001,0.001414909,0
2.19,0,2,1,1,2,1423,711.499528,1423,0.000943273,0
65.63,3591.7,90,90,3,1,1.263355,1.262664,113.7019708,0.06217257,0
4275.36,10813.3,2,3,2,2,0.325321,0.48754,0.97596371,0.00088271,0
23.04,0,3,1,1,3,101,33.666149,101,0.001554,0
3.57,66187.11,4,5,4,1,2.763317,3.450405,13.8165835,0.014964848,0
0,266.92,0,858,6,0,3.604257,0,3092.452215,3092.452215,0
8969.36,132219.55,7,5,3,2,3.299829,2.3547,16.49914564,0.016244741,0
13.36,354.88,1700,1793,6,2,4.239846,4.471371,7602.044213,0.714021,0
163.06,0.5,2,2,2,2,50.5,50.499508,101,0.000984218,0
2758.09,5817.25,54,73,8,6,2.70038,3.649923,197.1277182,0.031895968,0
1.77,0.41,3,2,2,3,1000.5,666.999528,2001,0.001414909,0
162.57,0.21,2,2,2,2,50.5,50.499508,101,0.000984218,0
15513.74,1016.27,11,3,3,7,36.70126,13.644309,110.1037801,-39.9836157,0
0,1671.72,0,119,3,0,0.507942,0,60.44515642,60.44515642,0
193.23,673.53,4664,112,15,33,23.33074,1.345006,2613.042827,-3660.064314,0
32.51,0,2,1,1,2,101,50.499475,101,0.00105,0
9194.01,4617.62,54,19,8,26,1.519414,0.513259,28.86885821,1.15285821,0
687.23,133234.16,2,2,2,1,1.2425,1.241094,2.485,0.00281242,0
4.41,0.07,3,2,2,3,1000.5,666.999528,2001,0.001414909,0
27285.64,2620.22,7,4,4,4,0.274617,0.15629,1.09846778,0.004436821,0
0,26153.11,0,5,1,0,42.494,0,212.47,212.47,0
164.27,0,2,1,1,2,101,50.499508,101,0.000984218,0
0,91.06,0,9999,3441,0,2.40E-05,0,0.243389089,0.243389089,0
0,0,1,1,1,1,0.145868,0.145574,0.14586847,0.000294014,0
20.13,28987.35,5,6,1,1,0.854822,1.024606,5.128934664,0.005904244,0
159.05,5.4,2,2,2,2,50.5,50.499487,101,0.001026218,0
507.61,7229.58,25,30,2,1,0.957879,1.148398,28.73638021,0.026421141,0
15.25,56640.69,8,8,5,1,9.209608,9.208998,73.67686781,0.004880594,0
2.87,210.53,2,3,3,1,7.1,10.64948,21.3,0.00104,0
3876.19,7249.82,11,9,8,4,6.304369,4.314806,56.73932333,9.276461367,0
1269.9,1042.43,51,257,1,44,0.135107,0.680401,34.72237186,0.021945,0
0,11564.34,0,87,4,0,3.142793,0,273.423,273.423,0
4142.32,27334.24,12,9,5,6,1.157254,0.866915,10.41528471,0.012307025,0
164.01,1.23,2,2,2,2,50.5,50.499508,101,0.000984218,0
25852.19,2994.35,10,10,5,5,72.771899,79.87127,727.7189891,-70.99370977,0
1.47,0.51,4,2,2,4,1000.5,500.249528,2001,0.001886545,0
34793.92,0,8,0,0,4,0,0.001008,0,-0.00806646,0
21.52,0,3,1,1,3,101,33.666149,101,0.001554,0
1.88,0,3,2,2,3,1000.5,666.999528,2001,0.001414909,0
0,3882.21,0,29,2,0,55.688793,0,1614.975,1614.975,0
126.91,2324.16,390,393,7,3,1.461288,1.472109,574.2863556,0.163821005,0
40824.57,0,4,0,0,3,0,0.001781,0,-0.00712304,0
0,0,1,1,1,1,6.704341,6.703921,6.70434091,0.00042,0
0,22.43,0,9999,321,0,0.618268,0,6182.058684,6182.058684,0
0,2389.1,0,122,3,0,0.215652,0,26.30955478,26.30955478,0
71368.89,29524.85,9,5,1,5,64.099002,35.610066,320.49501,0.00441315,0
1915.27,2766.16,299,30,14,78,19.563769,2.449361,586.9130601,-145.4459927,0
113.06,2677.31,144,144,2,3,0.23435,0.23393,33.74639191,0.06050101,0
2229.96,13369.46,17,27,1,2,0.101103,0.160069,2.72978225,0.00861101,0
4211.31,40017.95,28,9,7,12,0.310382,0.090847,2.79344133,0.2497243,0
31302.04,31174.66,7,6,4,3,28.012415,0.144543,168.0744892,167.0626868,0
1405.62,11709.93,42,16,6,24,1.232348,0.472794,19.71757345,-0.13978109,0
953.88,1999.2,116,590,4,10,0.251807,1.288711,148.5659374,-0.924498427,0
0,2416.77,0,2,1,0,1.295474,0,2.5909487,2.5909487,0
3.62,0,3,2,2,3,1000.5,666.999528,2001,0.001414909,0
5718.77,8471.74,61,53,1,38,27.169528,30.769222,1439.985,-436.9375713,0
17.3,0,3,1,1,3,101,33.665988,101,0.002035312,0
16.92,0,3,1,1,3,101,33.666149,101,0.001554,0
9.81,9864.92,34,34,3,1,7.577323,7.575679,257.6289828,0.055883939,0
63087.18,287.58,3,2,1,1,0.145,0.096165,0.29,0.001503799,0
2,0,4,2,2,4,1000.5,500.249528,2001,0.001886545,0
4.17,5130.87,6,6,2,6,3.224342,3.223885,19.34605,0.002738968,0
0,0,1,1,1,1,20.009559,20.008512,20.009559,0.001046957,0
0,22678.02,0,10,2,0,38.1085,0,381.085,381.085,0
1237.6,3436.98,124,266,33,57,1.520553,3.628974,404.4669764,-45.52580451,0
6076.93,12888.73,12,32,7,7,1.223311,5.700593,39.145937,-29.26117584,0
0,6237.1,0,44,2,0,0.958275,0,42.16410715,42.16410715,0
5.06,1768.96,9998,2,2,211,51,2.596055,102,-25853.35742,0
1.98,8788.53,4,4,2,4,2.613418,2.612966,10.45367001,0.001805388,0
107.51,0.29,3,2,2,2,50.5,33.666157,101,0.001530218,0
19.72,0,3,1,1,3,101,33.666149,101,0.001554,0
2.19,5034.48,4,4,3,1,7.549477,7.548828,30.19790619,0.002592615,0
164.78,0.21,2,2,2,2,50.5,50.499487,101,0.001026218,0
3.76,0,3,2,2,3,1000.5,666.99939,2001,0.001830667,0
3.64,13706.36,83,83,1,1,0.997229,0.996562,82.77,0.055319167,0
1018.81,6.29,3,3,3,2,3.332667,3.332226,9.998,0.001323,0
1226.4,1306.92,128,134,3,1,0.051923,0.053839,6.957671134,0.066306953,0
0,0,1,1,1,1,10,9.99938,10,0.00062,0
0,1580.9,0,202,6,0,0.801761,0,161.9557897,161.9557897,0
51613.33,0,2,1,1,2,0.25208,0.125268,0.25207966,0.001544465,0
1378.16,18221.17,29,16,3,29,758.161862,418.295668,12130.5898,0.015430174,0
7353.09,1990.53,71,31,12,23,9.795025,4.27565,303.6457705,0.07460055,0
0,2054.58,0,43,4,0,0.288266,0,12.39544538,12.39544538,0
6.85,1093.16,1138,1142,5,2,0.434741,0.435202,496.4747023,1.214530266,0
3.88,24508,4,5,1,1,0.003,0,0.015,0.015,0
0,13668.95,0,12,6,0,23.086992,0,277.0439029,277.0439029,0
0,1758.02,0,129,3,0,0.244917,0,31.59431894,31.59431894,0
0,3433.76,0,93,4,0,0.787824,0,73.26760354,73.26760354,0
3231.2,16075.18,10,32,3,5,0.28418,0.87129,9.093758261,0.380855672,0
9544.09,37026.77,20,20,2,3,1.116612,1.115196,22.33223856,0.02832251,0
9.93,479.76,2612,2387,5,3,0.206679,0.369351,493.343108,-471.4014855,0
25582.21,6876.05,3,6,6,3,0.093505,0.180333,0.56103184,0.02003184,0
0,0,1,1,1,1,0.432919,0.432415,0.43291917,0.000504,0
0,2.07,0,9999,3786,0,0.003475,0,34.74576727,34.74576727,0
28.84,128280.54,2,2,2,1,0.159758,0.158963,0.3195169,0.001591457,0
13.77,28099.83,4,4,2,1,9.645226,9.642479,38.58090409,0.010986778,0
0,2489.33,0,92,4,0,0.942265,0,86.68837385,86.68837385,0
266.53,132608.01,12,3,3,10,0.488176,0.11878,1.46452837,0.039163,0
0,45356.44,0,5,4,0,2.964019,0,14.82009691,14.82009691,0
0,5039.46,0,45,3,0,0.913706,0,41.11675788,41.11675788,0
163.62,0,2,1,1,2,101,50.499508,101,0.000984218,0
25.44,0,3,2,2,3,50.5,33.666159,101,0.001523001,0
22.21,0,3,1,1,3,101,33.666149,101,0.001554,0
160.03,0.3,2,2,2,2,50.5,50.499508,101,0.000984218,0
0,15.95,0,2,2,0,0.067549,0,0.13509747,0.13509747,0
18.41,0,3,1,1,3,101,33.666149,101,0.001554,0
0,13338.34,0,17,4,0,16.146862,0,274.4966488,274.4966488,0
6955.27,10908.74,21,34,1,5,2.381236,3.854928,80.9620358,0.008545784,0
118.66,5536.46,82,93,5,1,1.711727,1.940619,159.1906234,0.059830928,0
5927.95,54445.39,7,5,3,7,0.095539,0.067706,0.47769724,0.003757992,0
0,20811.74,0,9,3,0,7.230411,0,65.0737,65.0737,0
0,30242.45,0,2,2,0,9,0,18,18,0
29.68,24.59,9784,216,5,4918,489.485357,10.702612,105728.837,1014.480173,0
0,0,1,1,1,1,0.045,0.0428,0.045,0.0022,0
483.85,2500.12,38,38,1,3,0.150103,0.149682,5.703908826,0.015981003,0
0,0,1,1,1,1,1.626,1.62538,1.626,0.00062,0
0.79,5058.21,5,5,2,2,0.332478,0.331638,1.662388208,0.0042,0
13824.22,79418.23,3,2,2,3,4.767866,3.170484,9.53573273,0.024280672,0
3.49,7244.24,2,2,2,1,13,12.999255,26,0.001489147,0
6.16,0,3,2,2,3,1000.5,666.999528,2001,0.001414909,0
157.09,0,2,1,1,2,101,50.499508,101,0.000984218,0
26.25,551.11,1626,1632,2,1,0.288045,0.289317,470.0902248,-0.338635486,0
26.32,0.21,3,2,2,3,50.5,33.666163,101,0.001512,0
22.06,0,3,1,1,3,101,33.666149,101,0.001554,0
12647.19,15738.07,2,2,2,1,5.661556,5.661115,11.32311115,0.00088215,0
3193.16,801.17,3,2,1,2,0.044927,0.029455,0.08985461,0.001490808,0
96.94,15772.07,9,20,2,1,4.973533,11.051574,99.47065726,0.006489961,0
21.65,0,3,1,1,3,101,33.666149,101,0.001554,0
23.66,0,3,1,1,3,101,33.666149,101,0.001554,0
0,2257.71,0,159,5,0,0.889895,0,141.4933497,141.4933497,0
0,16199.12,0,14,6,0,2.741197,0,38.37675297,38.37675297,0
3.38,0.05,3,2,2,3,1000.5,666.999528,2001,0.001414909,0
7276.41,5153.45,128,17,1,6,0.009412,0,0.16,0.16,0
241.38,6175.33,48,91,8,1,0.964223,1.827619,87.74430758,0.018590222,0
0,0.19,1,3,1,1,2.495,7.484559,7.485,0.000441,0
2090.66,2902.39,5,5,5,5,9.672877,9.671949,48.36438509,0.0046406,0
3.74,2245.4,2,2,1,1,0.313968,0.312983,0.627935753,0.001968789,0
157.54,0,2,1,1,2,101,50.499508,101,0.000984218,0
0,0,1,1,1,1,1.764627,1.764049,1.764626933,0.000578246,0
2901.54,2570.68,12,147,8,6,13.919214,170.509724,2046.124457,0.007773062,0
1.46,1.49,3,2,2,3,1000.5,666.999528,2001,0.001414909,0
33.39,0,3,1,1,3,101,33.666015,101,0.001956288,0
8288.39,9725.42,60,41,12,40,4.883685,3.342305,200.231068,-0.3072533,0
0,2087.15,0,153,3,0,0.700242,0,107.1370634,107.1370634,0
26.13,0.49,3,2,2,3,50.5,33.666163,101,0.001512,0
3.21,0,3,2,2,3,1000.5,666.999528,2001,0.001414909,0
2124.79,2886.97,98,250,15,60,0.192356,0.490222,48.08896223,0.047220659,0
0,0.35,0,9999,4417,0,54.057505,0,540520.9891,540520.9891,0
0,1803.07,0,121,9,0,0.767425,0,92.85843162,92.85843162,0
19.89,0,3,1,1,3,101,33.666149,101,0.001554,0
1.27,0,2,1,1,2,1037.134475,518.566766,1037.134475,0.000943273,0
4.69,2151.53,4,4,1,1,0.003,0,0.012,0.012,0
0,0,1,3,3,1,3.335638,10.006441,10.00691279,0.000471636,0
163.19,0.37,2,2,2,2,50.5,50.499508,101,0.000984218,0
0,1689.37,0,189,6,0,0.870399,0,164.5054643,164.5054643,0
156.31,0,2,1,1,2,101,50.499508,101,0.000984218,0
0,0,1,1,1,1,16.299,16.298214,16.299,0.00078606,0
33.48,4691.4,39,39,3,1,1.386282,1.384739,54.0649865,0.060184713,0
14303.01,20641.58,17,11,8,13,0.855092,0.551822,9.406015864,0.025035864,0
2.86,0,3,2,2,3,1000.5,666.999528,2001,0.001414909,0
22.82,0,3,1,1,3,101,33.666149,101,0.001554,0
4.39,4140.21,6,6,6,1,5.599859,5.598797,33.59915656,0.00637284,0
20807.97,23567.05,8,8,3,1,5.730538,5.730074,45.84430699,0.003713634,0
0,0,1,1,1,1,100,99.996747,100,0.00325311,0
46795.42,30025.24,3,3,2,1,2.395761,2.395354,7.18728394,0.001222646,0
0,825.9,0,2,2,0,0.022946,0,0.04589263,0.04589263,0
0,2099.86,0,108,3,0,0.204169,0,22.05025232,22.05025232,0
107.78,0.21,3,2,2,3,50.5,33.666176,101,0.001473262,0
0,1659.47,0,138,3,0,0.24085,0,33.23729368,33.23729368,0
0,0,1,1,1,1,25.18,25.179528,25.18,0.000471636,0
23.76,0.18,3,2,2,3,50.5,33.666151,101,0.001548055,0
246604.77,47589.5,3,7,4,3,3.327806,7.733333,23.29464043,0.09464043,0
195.32,14896.46,5,24,3,1,0.223746,1.072915,5.369897006,0.005323106,0
164.18,0.85,2,2,2,2,50.5,50.499487,101,0.001026218,0
19.67,26794.86,7,7,5,1,8.910921,8.909343,62.37644443,0.01104665,0
0,0,1,1,1,1,0.6,0.59916,0.6,0.00084,0
159.63,0.33,2,2,2,2,50.5,50.499508,101,0.000984218,0
18.69,0,3,1,1,3,101,33.666149,101,0.001554,0
2769.14,1829.42,73,424,8,22,0.400615,2.326431,169.8607278,0.031281788,0
27.06,6966.37,8613,22,20,9,1.96474,0.007886,43.22428764,-24.69371236,0
160.4,0.84,2,2,2,2,50.5,50.499508,101,0.000984218,0
21.65,0,3,1,1,3,101,33.665988,101,0.002035312,0
0,44932.58,0,2,1,0,3.698976,0,7.39795266,7.39795266,0
23.82,0.03,3,2,2,3,50.5,33.666155,101,0.001536086,0
7460.29,176.82,6,2,2,3,1.260743,0.586833,2.52148541,-0.99951459,0
791.69,2218.5,67,23,15,29,27.020526,9.455127,621.4721067,-12.0214319,0
50337.59,50590.45,7,4,1,2,2.204475,1.259054,8.8179,0.004522521,0
17.84,0,3,1,1,3,101,33.666149,101,0.001554,0
0,3137.37,0,73,3,0,0.173491,0,12.66481125,12.66481125,0
0,0,1,1,1,1,0.50145,0.500978,0.50145,0.000471636,0
2388.85,3763.16,8,16,7,5,1.208023,2.43925,19.32837387,-0.185626125,0
2536.45,2007.32,279,144,40,122,7.500122,3.887749,1080.017503,-4.664588485,0
8.75,26227.35,5,5,2,1,5.48754,5.486018,27.4377,0.007611987,0
0,28348.18,0,8,4,0,4.602367,0,36.81893952,36.81893952,0
3.38,0.05,3,2,2,3,1000.5,666.999528,2001,0.001414909,0
0,2799.84,0,81,3,0,1.071273,0,86.77313903,86.77313903,0
159.63,0.33,2,2,2,2,50.5,50.499508,101,0.000984218,0
0,3194.26,0,71,3,0,0.16724,0,11.87407224,11.87407224,0
0,0,1,1,1,1,0.008481,0.007797,0.0084812,0.0006846,0
7470.96,8287.97,10,15,13,10,146.984511,220.476327,2204.767658,0.004389,0
0,2043.1,0,111,2,0,0.202148,0,22.43845016,22.43845016,0
22.22,0,3,1,1,3,101,33.666149,101,0.001554,0
176.1,6234.35,128,160,1,3,0.104542,0.130346,16.72668397,0.042386191,0
7.06,5829.16,80,81,2,1,1.056678,1.068449,85.59094657,0.115042657,0
14.36,0,3,1,1,3,101,33.666149,101,0.001554,0
9240.32,22158.67,11,29,11,3,1.17976,3.109485,34.21304,0.00870215,0
161.67,0.04,2,2,2,2,50.5,50.499508,101,0.000984218,0
6.51,1323.34,100,165,2,2,0.049785,0.081022,8.214467218,0.112283308,0
99.11,8153.28,10,15,3,1,3.008593,4.512047,45.12890141,0.00842815,0
0,1563.96,0,145,3,0,0.413793,0,59.9999691,59.9999691,0
3661.74,1255.66,24,16,7,9,17.490772,11.659885,279.852357,0.015119374,0
0,0,1,1,1,1,1.07861,1.078139,1.07861032,0.000471636,0
196.73,3899.8,305,329,5,3,0.207388,0.223365,68.23067335,0.1042478,0
2.48,3957.68,2,2,2,1,0.895452,0.89469,1.79090325,0.001523857,0
0,1023.61,0,283,6,0,0.810535,0,229.3814585,229.3814585,0
22.81,0,3,1,1,3,101,33.666149,101,0.001554,0
12.01,32682.6,10,10,6,2,3.658094,3.657646,36.58093586,0.004477596,0
0,2385.6,0,96,4,0,1.064131,0,102.156607,102.156607,0
0,0,1,1,1,1,0.756631,0.756127,0.75663071,0.000504,0
17069.52,6366.53,30,10,5,19,6.369997,3.183423,63.6999702,-31.80272687,0
0,5499.05,0,11,2,0,2.595616,0,28.5517771,28.5517771,0
164.83,0.21,2,2,2,2,50.5,50.499487,101,0.001026218,0
0,10407.65,0,28,5,0,0.764748,0,21.41293785,21.41293785,0
24.75,0,3,2,2,3,50.5,33.666149,101,0.001554158,0
2207.85,279.46,128,132,2,1,0.569015,0.586336,75.11002235,0.059025632,0
105.81,0,3,1,1,3,101,33.666176,101,0.001473262,0
2132.92,1930.1,11,4,2,7,0.384993,0.139252,1.53997306,0.008197642,0
34.26,516.68,1663,2340,2,1,0.641903,0.902214,1502.052625,1.670862149,0
163.07,0,2,1,1,2,101,50.499508,101,0.000984218,0
0,0,1,1,1,1,0.719528,0.719057,0.71952837,0.000471636,0
0,152406.62,0,2,2,0,0.056307,0,0.11261448,0.11261448,0
20740.81,0,2,1,1,2,0.351929,0.175524,0.35192906,0.000882,0
12949.43,5335.48,12,3,1,7,0.01,0.000837,0.03,0.019958048,0
0,0,1,1,1,1,4.020663,4.005663,4.0206626,0.015,0
0,0,1,1,1,1,4.995,4.994528,4.995,0.000471636,0
0,2422.05,0,295,8,0,2.900889,0,855.762163,855.762163,0
0,8609.78,1,3,3,1,0.334356,0.5,1.00306696,0.50306696,0
162.38,0.63,2,2,2,2,50.5,50.499508,101,0.000984218,0
557.71,4500.98,28,42,5,2,6.4387,9.656892,270.4254133,0.032427585,0
148.83,170.69,1302,2184,87,3,40.003395,67.101991,87367.41558,0.622680674,0
1576.24,80425.83,6,6,6,6,6.860657,6.856358,41.16394278,0.025793848,0
22.86,0,3,1,1,3,101,33.666149,101,0.001554,0
18.79,10547.57,2,2,1,2,3.318288,3.317802,6.63657642,0.000972737,0
5.18,3097.77,112,113,5,2,0.175256,0.175616,19.80391215,0.134917225,0
0,2752.64,0,116,6,0,0.594147,0,68.9210923,68.9210923,0
0,33350.62,0,6,2,0,2.205667,0,13.234,13.234,0
3837.42,26683.31,4,4,3,4,18.218647,18.218207,72.87458665,0.00176001,0
0,9660.46,0,8,3,0,1.448478,0,11.58782318,11.58782318,0
161.2,0,2,1,1,2,101,50.499508,101,0.000984218,0
6.78,7.15,5504,4496,1622,1914,39.381583,27.800349,177059.5968,24046.47337,0
1340.31,2966.99,64,115,2,2,0.201266,0.361183,23.14558914,0.029907954,0
0,1510.44,0,98,7,0,2.541571,0,249.0739355,249.0739355,0
1582.86,2425.42,359,156,50,129,3.464638,1.972365,540.4835075,-167.5955501,0
2.16,0.01,3,36,36,3,55.583333,666.999528,2001,0.001414909,0
734.64,9126.21,82,104,14,1,14.405103,20.250875,1498.13071,-162.4410027,0
0,2047.08,0,156,3,0,0.352909,0,55.05380286,55.05380286,0
0,0,0,1,1,0,2.08975,0,2.08975002,2.08975002,0
0,0,1,1,1,1,6.458,6.457214,6.458,0.00078606,0
22.29,0,3,1,1,3,101,33.666149,101,0.001554,0
94379.42,0,2,1,1,2,0.273771,0.136461,0.2737714,0.00085022,0
0,1487.22,0,154,6,0,0.516396,0,79.52497883,79.52497883,0
4.53,12246.26,6,6,5,6,2.168103,2.167443,13.00861681,0.003961018,0
161.04,0.84,2,2,2,2,50.5,50.499508,101,0.000984218,0
86411.4,135707.2,7,2,2,7,0.088994,0.021898,0.17798823,0.024698885,0
0,0,1,1,1,1,10,9.99938,10,0.00062,0
159.7,0.63,2,2,2,2,50.5,50.499508,101,0.000984218,0
22.51,57702.91,12,12,2,1,7.520673,7.516345,90.24807002,0.0519281,0
4398.91,1104.07,51,16,8,18,2.232344,0.86549,35.71749999,-8.42250001,0
0.71,29707.33,2,2,2,2,1.471714,1.470874,2.943428,0.00168,0
710.69,2212.07,45,126,3,7,0.507659,1.416505,63.96503024,0.222306737,0
64.14,6.36,7850,2150,917,4028,32.439233,8.6613,69744.35077,1753.145462,0
0,0,1,1,1,1,0.060042,0.059601,0.060042322,0.000441,0
0,0,1,1,1,1,0.435264,0.43476,0.43526428,0.000504,0
5636.12,7867.06,20,27,6,19,1.884141,2.650587,50.87181709,-2.13992491,0
1973.25,1946.96,44,23,2,38,91.819376,47.996026,2111.845652,0.020491,0
0,9786.16,1,2,2,1,4.515356,6,9.03071137,3.03071137,0
35843.61,8529.99,12,9,4,8,17.194091,12.87575,154.7468195,0.237819493,0
163.62,0,2,1,1,2,101,50.499508,101,0.000984218,0
0,5043.88,0,32,6,0,3.554919,0,113.7574012,113.7574012,0
0,0,1,1,1,1,59.995,59.994528,59.995,0.000471636,0
0,400.5,0,1444,242,0,0,0,0,0,0
595.97,8895.3,58,74,2,2,0.199988,0.254657,14.79913122,0.029021138,0
162.51,0.05,2,2,2,2,50.5,50.499487,101,0.001026218,0
0,0,1,1,1,1,0.01,0.009528,0.01,0.000471636,0
4.64,15983.03,8,9,2,1,1.323333,1.487196,11.91,0.01242812,0
2.81,23620.49,5,5,2,1,5.604336,5.603829,28.02167908,0.002533701,0
0,0,1,1,1,1,0.1,0.099214,0.1,0.00078606,0
2516.75,407.81,3,9,4,1,5.711207,10.003333,51.40086603,21.39086603,0
0,74172.46,1,4,4,1,9.847419,19.389048,39.38967751,20.00063,0
162.76,0.01,2,3,3,2,33.666667,50.499487,101,0.001026218,0
9811.44,21470.73,18,12,5,9,0.218329,0.144222,2.619951213,0.023952946,0
1512.75,4993.86,332,99,48,176,6.275012,1.931481,621.2261907,-20.02546603,0
163.77,0,2,1,1,2,101,50.499508,101,0.000984218,0
22.45,3714.94,43,44,6,43,0.147604,0.150502,6.494584641,0.022984192,0
0,20169.61,0,3,2,0,17.731333,0,53.194,53.194,0
1.34,0,3,2,2,3,1000.5,666.999528,2001,0.001414909,0
20.68,28896.15,23,23,3,1,10.913784,10.910052,251.0170212,0.08583481,0
2535.12,5550,22,128,3,4,0.696988,4.05452,89.21443639,0.014987648,0
0,3286.7,0,69,3,0,2.15269,0,148.5356299,148.5356299,0
0,0,1,1,1,1,6,5.99938,6,0.00062,0
2635.08,110.59,12,6,5,6,17.474066,14.731667,104.8443931,-71.93560689,0
0,8496.64,0,19,7,0,4.628769,0,87.94660539,87.94660539,0
23.62,0.33,3,2,2,3,50.5,33.666149,101,0.001554,0
0,1619.79,0,140,3,0,0.796249,0,111.4748893,111.4748893,0
23.67,62015.58,6,6,1,1,5.937178,5.932764,35.62306527,0.026481282,0
0,0,1,2,1,1,0.057938,0.1157,0.11587618,0.00017618,0
14.19,11.31,1204,8796,919,630,3.447041,16.224251,30320.17522,10786.17705,0
0,0,1,1,1,1,2.194274,2.193833,2.19427423,0.000441,0
4912.06,9483.08,87,43,23,32,119.106941,58.862506,5121.598453,0.5604534,0
46541.86,14539.54,13,11,4,8,4.090304,3.466212,44.99334451,-0.067411635,0
0,1230.33,1,2,1,1,0.031678,0.062495,0.063356073,0.000861,0
24.34,0.23,3,2,2,3,50.5,33.666159,101,0.001523001,0
0,7146.63,0,28,6,0,0.763531,0,21.3788748,21.3788748,0
0,1304.56,0,229,4,0,2.31239,0,529.5373366,529.5373366,0
158.02,0,2,1,1,2,101,50.499508,101,0.000984218,0
156.14,2143.62,9,10,1,1,0.835075,0.927393,8.3507548,0.004221,0
0,41963.93,0,4,1,0,0.254295,0,1.01717826,1.01717826,0
78.55,0,4,1,1,2,101,25.249504,101,0.001983543,0
10483.04,12892.31,4,2,2,2,22.747908,11.373518,45.4958167,0.001743,0
0,0,1,1,1,1,0.503745,0.503304,0.5037445,0.000441,0
17078.38,4858.77,26,19,8,16,27.683806,22.151695,525.9923166,-49.95174352,0
26.12,1989.33,2,2,2,2,1.4102,1.409723,2.8204,0.000953638,0
0,26471.87,0,2,2,0,10.910861,0,21.82172196,21.82172196,0
6.17,9769.36,5,5,5,1,5.081837,5.081067,25.40918463,0.00385043,0
1105.38,2673.37,15,8,4,15,5.85548,3.122502,46.84383707,0.00630002,0
2.11,0.52,3,2,2,3,1000.5,666.999528,2001,0.001414909,0
1933.05,3924.67,233,139,47,66,7.847112,4.755155,1090.748611,-17.20252198,0
6820.93,7259.51,113,21,10,39,3.670103,1.415679,77.07217093,-82.89958975,0
0,0,0,1,1,0,0.681968,0,0.681968,0.681968,0
2.22,0,4,2,2,4,1000.5,500.249528,2001,0.001886545,0
0,0,1,1,1,1,0.999,0.998,0.999,0.001,0
0,1681.69,0,119,3,0,0.443528,0,52.779871,52.779871,0
163.38,0.01,2,183,183,2,0.551913,50.499487,101,0.001026218,0
60637.93,0,3,1,1,1,0.3,0.099341,0.3,0.00197708,0
25.54,0.45,3,2,2,3,50.5,33.666163,101,0.001512,0
0,0,0,1,1,0,0.009531,0,0.00953081,0.00953081,0
34.36,0,3,1,1,3,101,33.666163,101,0.001512,0
5471.79,6321.19,79,29,15,40,5.010721,1.938295,145.3109216,-7.81440836,0
91023.62,0,3,1,1,3,0.252029,0.083366,0.25202883,0.001932,0
14881.98,0,2,1,1,2,10.535733,5.267426,10.53573307,0.000882,0
21.65,0,3,1,1,3,101,33.666149,101,0.001554,0
251968.55,441.12,2,3,2,2,1.246861,0.5,3.7405817,2.7405817,0
8.33,2034.74,4,4,4,4,8.992586,8.992125,35.97034553,0.001846979,0
7.89,11289.95,10,11,8,2,12.083229,13.291053,132.9155139,0.00498,0
23725.87,7298.49,10,9,1,1,1.783663,2.374844,16.05296731,-7.695474247,0
5091.76,1133.91,111,219,42,58,35.197661,69.442757,7708.287725,0.14172545,0
11502.4,0,2,1,1,2,100.01,50,100.01,0.01,0
197.01,1660.61,73,216,2,1,0.29649,0.874733,64.04176378,0.186243014,0
14090.31,10271.52,22,19,15,15,0.439969,0.376573,8.359411537,0.074801989,0
3,2527.77,65,65,1,1,1.002774,1.002354,65.18028744,0.027300007,0
4.62,2502.19,267,268,7,1,0.483089,0.961707,129.4677727,-127.307941,0
17.34,0.18,4,2,2,3,50.5,25.249475,101,0.0021,0
25568.82,24517.38,9,9,7,9,0.587464,0.587011,5.28717225,0.004075603,0
12.98,235.23,2,2,1,1,1.0355,1.03504,2.071,0.000920472,0
32673.7,54225.86,4,3,2,4,4.843387,3.631067,14.53016,0.00589,0
8.8,169.73,9996,4,1,236,15.375,0,61.5,61.5,0
7.44,7.59,9994,6,2,5030,283618.8316,510.031897,1701712.99,-3395545.789,0
35520.03,8656.19,3,3,3,2,1.888798,1.888167,5.666395,0.001895,0
6384.84,20300.66,8,35,3,3,3.779537,16.534508,132.2838025,0.007737373,0
43.32,30049.4,2,2,2,1,7.053088,7.049245,14.10617613,0.00768701,0
34403.49,0,3,1,1,3,0.253479,0.083678,0.253479,0.002443805,0
0,0,1,1,1,1,0.001,0.000139,0.001,0.000861,0
0,0,1,1,1,1,0.06,0.059559,0.06,0.000441,0
0,0,1,1,1,1,3,2.99916,3,0.00084,0
1225.24,43947.8,8,7,5,8,0.151202,0.131436,1.058416896,0.00692896,0
0,0,1,1,1,1,0.25,0.24938,0.25,0.00062,0
46.34,1369.49,498,707,2,1,0.705012,0.99981,498.4434175,0.538044384,0
0,3338.43,0,75,4,0,0.906488,0,67.9866192,67.9866192,0
17.76,0.51,4,2,2,4,50.5,25.249479,101,0.002084311,0
0,0,1,1,1,1,0.001104,0.000684,0.001104143,0.00042,0
5.84,2264.29,407,407,2,1,0.442354,0.441693,180.0381575,0.269027697,0
25.27,0.27,3,2,2,3,50.5,33.666159,101,0.001523001,0
0,0,0,1,1,0,0.250381,0,0.2503805,0.2503805,0
26812.33,2211.54,23,33,28,15,30.796024,44.184683,1016.268804,0.021094815,0
20.48,216.4,5062,4371,2,5058,0.955344,0.824585,4175.809347,1.757945446,0
33.44,0,3,1,1,3,101,33.666163,101,0.001512,0
0,0,1,1,1,1,0.152992,0.152372,0.15299209,0.00062,0
6267.48,71994.45,41,8,3,9,0.83103,0.123171,6.648239,1.598239,0
14.76,6761.68,78,102,42,1,3.919094,5.124216,399.7476348,0.05877893,0
23.13,0,3,1,1,3,101,33.666149,101,0.001554,0
0,0,1,1,1,1,0.43,0.429,0.43,0.001,0
2.12,0,3,2,2,3,1000.5,666.999528,2001,0.001414909,0
17684.35,6.75,3,3,1,2,0.0056,0.004533,0.0168,0.0032,0
0,0,1,1,1,1,1.243627,1.243123,1.24362689,0.000504,0
0,2140.09,0,90,5,0,0.537803,0,48.40227251,48.40227251,0
23.57,0,3,1,1,3,101,33.666149,101,0.001554,0
18.96,0,3,1,1,3,101,33.666149,101,0.001554,0
23.43,0,3,1,1,3,101,33.666149,101,0.001554,0
28.33,3901.86,254,260,25,2,8.761415,8.966169,2277.967953,0.56108926,0
33.8,2252.59,7,7,2,1,125.874846,125.874426,881.1239236,0.00294,0
4.45,32609.86,23,25,22,2,0.789535,0.856767,19.73837576,0.03273632,0
2.35,0,4,2,2,4,1000.5,500.249528,2001,0.001886545,0
0,18896.26,0,12,6,0,2.58455,0,31.01460234,31.01460234,0
21.68,0,3,1,1,3,101,33.666149,101,0.001554,0
0,1553.29,0,146,3,0,0.412648,0,60.24659353,60.24659353,0
34.72,4025.26,196,198,3,1,0.620825,0.628593,122.9233837,-0.280926148,0
0,4724.59,0,48,4,0,0.895398,0,42.97910865,42.97910865,0
162.83,0.3,2,2,2,2,50.5,50.499508,101,0.000984218,0
1.95,12308.33,4,5,5,1,1.1573,1.446152,5.7865,0.00189311,0
25640.59,7280.02,9,9,1,1,0.976215,0.975724,8.78593086,0.004413751,0
5602.29,4706.41,133,64,23,91,12.205908,6.290555,781.1781293,-55.46567067,0
0,0,1,1,1,1,2.302789,2.302169,2.30278894,0.00062,0
4.16,25898.91,5,5,5,1,1.245729,1.244087,6.22864488,0.00820996,0
306.22,2299.96,35,39,2,2,0.576355,0.641804,22.47784783,0.014721,0
19970.29,9502.19,3,7,3,2,113.249372,264.248093,792.7456034,0.001323,0
40321.07,414.01,5,5,4,5,2.692717,3.691024,13.46358357,-4.991535114,0
0,1566.51,0,127,3,0,0.463201,0,58.82655726,58.82655726,0
5837.27,3374.66,140,46,32,64,3.304245,1.160187,151.9952877,-10.43091229,0
160.85,0.84,2,2,2,2,50.5,50.499508,101,0.000984218,0
123.34,537.43,137,140,1,2,0.133223,0.135721,18.65127803,0.057561,0
80.73,0.06,4,11,11,2,9.181818,25.249502,101,0.001992218,0
265.5,94079.21,5,5,5,2,0.029026,0.028719,0.14512913,0.001533949,0
1.93,0.84,4,2,2,4,1000.5,500.249528,2001,0.001886545,0
1.41,106.83,2,2,2,1,0.5,0.499429,1,0.001142618,0
2231.24,3099.08,9,5,5,5,6.377661,6.195681,31.88830329,-23.87282571,0
29692.04,525.91,3,3,3,3,6.331528,6.330653,18.99458533,0.002625572,0
161.45,0.82,2,2,2,2,50.5,50.499487,101,0.001026218,0
96.42,957.18,130,130,2,2,0.270866,0.270446,35.21254393,0.054621,0
2950.31,2158.31,329,63,8,59,1.988656,0.424817,125.2853575,-14.47955019,0
4853.6,9834.52,2,3,1,1,4.999534,7.498859,14.99860085,0.000882,0
0,0,1,1,1,1,0.174173,0.171973,0.17417315,0.0022,0
21.74,44644,6,7,2,1,1.525335,1.775601,10.67734358,0.02373508,0
40.55,11358.08,42,58,8,6,38.391994,53.01694,2226.735678,0.024204603,0
2738.04,28438.68,9,10,10,9,0.337629,0.372318,3.37629102,0.025432642,0
3.71,363.42,2,2,1,1,199.939671,199.939251,399.8793424,0.00084,0
0,0,1,1,1,1,12.715329,12.714709,12.71532945,0.00062,0
161.2,1504.96,14,14,11,14,0.335279,0.334859,4.69390609,0.00588002,0
0,0,1,1,1,1,0.012394,0.011774,0.01239443,0.00062,0
34.8,0,2,1,1,2,41.43,20.714496,41.43,0.001008,0
0,0,1,1,1,1,0.259612,0.257412,0.25961214,0.0022,0
3894.6,123418.52,13,7,7,9,0.654063,0.351658,4.57844281,0.00689244,0
2.31,2427.32,47,57,1,2,0.109447,0.131529,6.238486888,0.056633308,0
0,3650.77,0,128,11,0,2.308343,0,295.4679238,295.4679238,0
3505.62,13350.16,21,27,4,21,0.290133,0.372747,7.833578973,0.005886764,0
5.98,0,3,2,2,3,1000.5,666.999528,2001,0.001414909,0
16236.74,23345.71,39,16,11,21,10.000121,4.087196,160.0019437,0.601309046,0
159.65,0.5,2,2,2,2,50.5,50.499508,101,0.000984218,0
6.59,4810.74,4,3,2,4,6.023322,4.517014,18.06996552,0.001911017,0
0,0,1,1,1,1,2,1.9978,2,0.0022,0
0,0,0,1,1,0,0.342309,0,0.34230924,0.34230924,0
87.84,97570.54,6,6,6,1,5.740229,5.738938,34.44137498,0.00774957,0
161.19,0.36,2,2,2,2,50.5,50.499508,101,0.000984218,0
7861.04,29707.7,33,37,16,26,35.906356,40.739091,1328.535164,-15.85483553,0
1899.64,113809.07,15,8,7,10,3.649513,1.945934,29.19610393,0.0070984,0
16.69,1407.61,778,779,1,2,0.208887,0.208095,162.7231454,0.825233301,0
0,916.06,0,250,5,0,0.882215,0,220.5538066,220.5538066,0
20.44,9768.03,29,35,4,1,25.267236,30.491182,884.353276,0.1089988,0
0,0,1,1,1,1,20,19.999528,20,0.000471636,0
13872.15,4636.31,31,18,6,12,9.802476,5.690919,176.4445646,0.026088184,0
0,0,1,1,1,1,11,10.99938,11,0.00062,0
14913.67,48438.89,17,13,7,13,1.204172,0.82904,15.65424243,1.560560754,0
6.73,0.27,3,2,2,3,1000.5,666.99939,2001,0.001830667,0
7336.02,19239.35,35,17,15,18,116.554208,60.350004,1981.421536,-130.8285993,0
4.74,0.42,3,2,2,3,1000.5,666.999528,2001,0.001414909,0
4604.94,1421.71,20,1047,4,8,0.212844,11.227899,222.847289,-1.710700189,0
5460.64,10550.89,63,21,13,23,10.494489,3.981165,220.3842707,-30.4291293,0
0,0,1,1,1,1,0.057726,0.056886,0.05772647,0.00084,0
158.22,0.69,2,2,2,2,50.5,50.499491,101,0.00101837,0
2.11,0,3,2,2,3,1000.5,666.999528,2001,0.001414909,0
9525.6,10123.94,12,25,7,4,0.181577,0.2845,4.539434715,1.125434715,0
1190.52,6056.69,26,134,6,7,0.105374,0.216539,14.12012454,8.490099694,0
161.5,0.24,2,2,2,2,50.5,50.499487,101,0.001026218,0
84409.8,5587.89,4,14,2,3,6.921429,2.125,96.9,88.4,0
0,0,1,1,1,1,14.995,14.994528,14.995,0.000471636,0
65.38,44.81,7364,2636,295,3336,8.879812,18.363102,23407.18343,-111818.7023,0
1.51,0.28,3,2,2,3,1000.5,666.999528,2001,0.001414909,0
7.54,1137.93,421,428,5,1,0.132443,0.133722,56.68543611,0.388644232,0
8158.39,4456.62,68,33,21,38,8.228042,4.293162,271.5253718,-20.40962819,0
11.44,2787.57,4,4,1,1,1.523192,1.522711,6.09276727,0.001924692,0
0,19259.84,0,10,5,0,1.592861,0,15.92861304,15.92861304,0
29205.19,5407.2,27,17,6,12,9.577851,5.352374,162.8234701,18.30937012,0
0,0,1,1,1,1,3.972853,3.972349,3.97285342,0.000504,0
3.33,1948.83,2,2,2,2,0.430383,0.429924,0.86076591,0.000917507,0
1.29,0.74,3,2,2,3,1000.5,666.999528,2001,0.001414909,0
1119.81,1328.54,86,364,5,22,2.236531,9.465499,814.09742,0.064515196,0
0,1695.75,0,118,5,0,0.33711,0,39.77895051,39.77895051,0
2.11,0,3,2,2,3,1000.5,666.999528,2001,0.001414909,0
0,1921.91,0,118,4,0,0.567808,0,67.00135075,67.00135075,0
163.97,0,2,1,1,2,101,50.499508,101,0.000984218,0
2.66,4558.05,5,5,1,1,3.12,3.119523,15.6,0.002386813,0
530.19,192.89,116,3095,3,6,5.011661,133.715845,15511.09234,0.054279056,0
14.69,37294.11,8,8,8,1,3.071192,3.069292,24.56953792,0.015200068,0
18.29,0,3,1,1,3,101,33.666149,101,0.001554,0
20.07,0,3,1,1,3,101,33.666149,101,0.001554,0
12.29,631.46,2,2,2,1,0.603787,0.602892,1.2075733,0.001789548,0
0,3014.9,0,83,6,0,0.178995,0,14.85659606,14.85659606,0
22.26,0,3,1,1,3,101,33.666149,101,0.001554,0
2036.64,4445.8,149,23,6,18,3.120455,0.937726,71.77046879,-67.9506827,0
6.87,8045.95,8,8,3,1,15.186757,15.185691,121.4940585,0.008529502,0
22.27,0,3,1,1,3,101,33.666149,101,0.001554,0
20659.78,31583.9,6,14,3,2,0.389634,0.9087,5.454870959,0.002673327,0
163.59,0.37,2,2,2,2,50.5,50.499508,101,0.000984218,0
0,0,1,1,1,1,0.30219,0.301749,0.30218986,0.000441,0
0,1010.78,1,2,2,1,1,0,2,2,0
158.47,0,2,1,1,2,101,50.499508,101,0.000984218,0
0,7876.62,0,37,4,0,0.703745,0,26.03855698,26.03855698,0
27641.15,17666.58,3,2,2,2,0.515248,0.343032,1.03049628,0.001401495,0
20550.31,6513.15,29,5,3,11,5.64295,0.97114,28.2147505,0.0516905,0
22.77,0,3,1,1,3,101,33.666149,101,0.001554,0
13.03,120.21,1460,1538,466,2,1.489594,1.569337,2290.995589,-0.236779,0
0,0,1,1,1,1,0.314737,0.312537,0.31473681,0.0022,0
0,1579.42,0,145,8,0,0.372146,0,53.96121734,53.96121734,0
0,0,1,1,1,1,1,0.999496,1,0.000504,0
920.39,1243.92,166,55,9,58,2.184289,0.889652,120.1359128,-27.54634618,0
22.16,0,3,1,1,3,101,33.666149,101,0.001554,0
6.33,541.41,2,2,2,2,3.72583,3.725374,7.4516601,0.000912636,0
27376.35,13369.59,20,8,5,14,1.43845,0.573616,11.5076,0.03527449,0
32.42,1928.34,610,635,9,2,1.371259,1.426215,870.7495736,0.758359425,0
665.93,1629.77,126,583,4,4,0.247472,1.144037,144.2762595,0.127546535,0
2069.55,10094.54,26,31,1,1,0.201648,0.239811,6.251099871,0.016020171,0
163.12,0.4,2,3,3,2,33.666667,50.499508,101,0.000984218,0
352973.94,0,2,1,1,2,15.270879,7.634452,15.270879,0.00197425,0
15.72,0,3,1,1,3,101,33.666149,101,0.001554,0
17.67,0,3,1,1,3,101,33.666149,101,0.001554,0
102.22,29737.4,6,7,7,2,0.6768,0.78837,4.737597985,0.007377195,0
0,2875.45,0,73,4,0,0.097331,0,7.105128634,7.105128634,0
8608.93,39682.31,14,19,2,2,0.187684,0.254061,3.565994042,0.009133191,0
0,2060.11,0,155,4,0,0.853564,0,132.3024673,132.3024673,0
0,2050.8,0,97,3,0,0.986518,0,95.6922861,95.6922861,0
0,0,1,1,1,1,0.995665,0.995245,0.9956652,0.00042,0
162.67,0.82,2,2,2,2,50.5,50.499487,101,0.001026218,0
145.22,8133.65,5,6,2,5,0.043159,0.051,0.258955566,0.003955566,0
32.72,3342.63,341,358,11,1,151.542282,159.096319,54252.13708,0.292417421,0
0,28416.1,0,7,4,0,2.841688,0,19.89181805,19.89181805,0
5418.91,39416.94,4,25,4,2,0.09351,0.58405,2.337761936,0.00156,0
21.86,0,3,1,1,3,101,33.666149,101,0.001554,0
0,0,1,1,1,1,2,1.99916,2,0.00084,0
4.9,27760.76,7,11,9,1,4.209306,6.611651,46.30236276,0.020804457,0
10.59,26832.43,3,3,3,1,0.827973,0.82697,2.48391756,0.003006805,0
4420.86,5621.25,63,13,5,43,45.635957,9.447131,593.2674444,-1.901838996,0
0,5192.47,1,3,3,1,0.598078,0.5,1.79423387,1.29423387,0
4.51,35129.03,16,22,9,2,6.404268,8.804519,140.893903,0.021597932,0
2.25,0,4,2,2,4,1000.5,500.249528,2001,0.001886545,0
88560.74,18593.82,3,3,2,3,0.001044,2.90E-05,0.0031328,0.00304728,0
680,548.97,40,328,4,1,0.101624,0.832484,33.33253725,0.033174692,0
162.76,0.37,2,2,2,2,50.5,50.499508,101,0.000984218,0
5124.44,2328.97,145,52,31,90,17.645646,6.755792,917.5736104,-62.01628963,0
1.76,29819.4,10,10,5,1,1.481561,1.480751,14.81560837,0.00809601,0
156.38,0,2,1,1,2,101,50.499286,101,0.001428506,0
0,0,1,1,1,1,0.2,0.199496,0.2,0.000504,0
1.76,107.27,3,3,2,1,7,6.99895,21,0.00315,0
0,0,1,1,1,1,1.49951,1.49,1.49951045,0.00951045,0
0,0,1,1,1,1,0.537683,0.537212,0.53768343,0.000471636,0
0,0,1,1,1,1,22,21.99938,22,0.00062,0
0,177064.48,1,5,2,1,0.857004,4.2843,4.28502,0.00072001,0
13.01,0,5,1,1,5,101,20.199471,101,0.002646,0
3.71,0,3,29,29,3,69,666.999528,2001,0.001414909,0
0,0,0,1,1,0,0.092881,0,0.092880895,0.092880895,0
3.12,14177.93,7,7,6,1,76.553936,76.553516,535.8775542,0.00294,0
0,0,1,1,1,1,1,0.999559,1,0.000441,0
35043.33,0,2,0,0,2,0,0,0,0,0
161.34,1.42,2,2,2,2,50.5,50.499508,101,0.000984218,0
78.85,0.69,4,2,2,2,50.5,25.249169,101,0.003325082,0
6.19,7775.82,45,47,6,1,0.492726,0.513678,23.15811386,0.042625419,0
0,1789.31,0,128,4,0,1.763739,0,225.7586539,225.7586539,0
3.92,0,3,2,2,3,1000.5,666.999528,2001,0.001414909,0
26.08,0.42,4,2,2,3,50.5,25.249496,101,0.002016,0
0,1905.45,0,119,3,0,0.205059,0,24.40206085,24.40206085,0
19.62,912.17,1438,1471,5,2,1.442368,1.474663,2121.723661,1.158729014,0
2954.99,357.28,3,6,4,1,1.083447,2,6.5006804,0.5006804,0
7.24,1947.98,15,17,2,1,11.238123,12.735992,191.0480902,0.00820695,0
0,0,1,1,1,1,3,2.999496,3,0.000504,0
102624.42,0,3,1,1,1,0.57394,0.1892,0.57394047,0.006339362,0
0,2638.14,0,74,2,0,3.133941,0,231.9116475,231.9116475,0
405.06,119333.39,17,8,8,11,2.547234,1.198194,20.37786923,0.0085653,0
30.27,16726.08,14,16,7,1,0.892164,1.017843,14.2746237,0.02481705,0
0,0,1,1,1,1,0.779727,0.778582,0.77972742,0.001145916,0
0,0,1,1,1,1,1.046035,1.045563,1.04603483,0.000471636,0
0,30.85,0,2,1,0,0,0,0,0,0
3.74,3840.69,6,6,3,6,3.958679,3.958129,23.75207238,0.003297195,0
17.76,0,4,2,2,3,50.5,25.249475,101,0.002100158,0
0,0,1,1,1,1,2,1.99958,2,0.00042,0
2.45,0.66,3,2,2,3,1000.5,666.999528,2001,0.001414909,0
0,0,1,1,1,1,0.107377,0.106873,0.10737653,0.000504,0
117.08,1303,802,849,2,341,0.472633,0.499607,401.2652565,0.580515688,0
0,1554.25,0,128,5,0,0.608971,0,77.94826549,77.94826549,0
3.72,0.52,3,2,2,3,1000.5,666.999528,2001,0.001414909,0
162.58,0.3,2,2,2,2,50.5,50.499508,101,0.000984218,0
3.24,0,3,2,2,3,1000.5,666.999528,2001,0.001414909,0
32.71,66728.14,3,3,2,1,12.83,12.828563,38.49,0.00431182,0
26399.69,1333.77,16,6,6,8,73.678902,19.7909,442.073414,125.419014,0
158.77,0,2,1,1,2,101,50.499508,101,0.000984218,0
11044.77,1074.01,28,12,3,11,7.981916,3.776115,95.78299466,-9.948217745,0
10.23,3985.82,8,8,8,8,0.67981,0.679377,5.43848182,0.003465,0
22.18,0,3,1,1,3,101,33.666149,101,0.001554,0
43722.81,44729.47,7,6,6,2,1.633588,1.399331,9.80152622,0.006211962,0
106.69,0.3,3,2,2,3,50.5,33.666171,101,0.001488218,0
3307.98,2057.65,126,83,25,57,13.481622,9.241552,1118.974667,-45.46093308,0
162.94,0.03,2,3,3,2,33.666667,50.499286,101,0.001428506,0
14.78,0,3,1,1,3,101,33.666149,101,0.001554,0
2.45,0.66,3,2,2,3,1000.5,666.999528,2001,0.001414909,0
161.24,0.94,2,2,2,2,50.5,50.499508,101,0.000984218,0
0,0,1,1,1,1,0.02206,0.021588,0.02205992,0.000471636,0
0,1553.26,0,146,2,0,1.507901,0,220.1534741,220.1534741,0
127607.87,10039.27,5,3,2,5,0.885299,0.523974,2.65589776,0.036025612,0
22.1,0,3,1,1,3,101,33.666149,101,0.001554,0
108.39,0.48,3,3,3,3,33.666667,33.666171,101,0.001488218,0
154.77,0,2,1,1,2,101,50.499508,101,0.000984218,0
0,1679.86,0,135,3,0,0.318252,0,42.96397353,42.96397353,0
0,0,1,1,1,1,0.905553,0.905049,0.90555258,0.000504,0
0,0,1,1,1,1,4.921721,4.921,4.92172128,0.00072128,0
6.19,1764.58,2,2,1,2,1.495306,1.494836,2.9906119,0.000940373,0
2922.05,224097.92,4,3,3,4,0.391533,0.292898,1.1746,0.00300862,0
6263.83,2995.92,6,117,3,3,0.511549,9.974679,59.85118396,0.003108,0
0,0,1,1,1,1,0.5,0.499435,0.5,0.000564546,0
17.97,5478.29,4,3,2,4,29.207977,21.90551,87.62393032,0.001889014,0
416.61,9917.16,198,53,8,22,1.765686,0.476293,93.58135476,-0.724590243,0
157.89,0,2,1,1,2,101,50.499508,101,0.000984218,0
21.36,0,3,1,1,3,101,33.666149,101,0.001554,0
1882.17,25007.33,13,9,4,6,1.938941,1.657775,17.45047229,-4.100597545,0
6.22,5879.89,3,3,3,1,7.411633,7.410683,22.2348987,0.00285057,0
0,1553.26,0,146,3,0,0.625732,0,91.35689989,91.35689989,0
5.3,2675.37,2,2,2,1,2.501895,2.50115,5.003790482,0.001491,0
11.98,2894,74,76,11,9,362.763995,372.567534,27570.06366,0.066171,0
689.54,816.43,725,567,159,117,11.510783,9.789287,6526.613884,-570.6188552,0
3043.85,5628.05,152,90,25,72,3.825476,2.31448,344.2928662,-7.50813383,0
19.8,17164.12,10,10,1,1,2.189428,2.184907,21.89428411,0.0452139,0
161.88,0.3,2,2,2,2,50.5,50.499508,101,0.000984218,0
22.79,0,3,1,1,3,101,33.666149,101,0.001554,0
161.16,1.11,2,2,2,2,50.5,50.499487,101,0.001026218,0
14659.01,24740.35,31,18,11,19,7.641808,3.625968,137.5525453,25.14754531,0
18.82,0,4,2,2,3,50.5,25.249485,101,0.002058,0
164.68,0.21,2,2,2,2,50.5,50.499487,101,0.001026218,0
2.65,11373.36,74,74,2,2,5.844987,5.844567,432.5290338,0.031080006,0
21.51,0,3,1,1,3,101,33.666149,101,0.001554,0
0,0,1,1,1,1,0.24958,0.24896,0.24958,0.00062,0
421.85,13533.32,10,12,3,1,0.807052,0.967529,9.684618485,0.009330485,0
0,0,1,1,1,1,22,21.99938,22,0.00062,0
13.22,0,5,1,1,4,101,20.199471,101,0.002646,0
0,35.74,0,10000,3,0,0,0,0,0,0
240.2,190357.37,4,2,2,4,0.022933,0.008716,0.04586571,0.011,0
0,13339.12,0,17,6,0,4.471913,0,76.02252603,76.02252603,0
3487.85,4670.31,140,121,33,57,89.609844,75.203455,10842.79115,314.3073876,0
0,3423.26,0,3,3,0,2.667935,0,8.00380528,8.00380528,0
6886.76,8632.33,122,11,7,57,6.459571,0.779523,71.0552793,-24.04658137,0
557.89,212.73,618,3,1,117,3.366247,0.007866,10.09873996,5.237476656,0
3372.51,18466.82,5,4,3,5,1.689484,1.34275,6.75793702,0.04418674,0
2.09,133779.25,8,4,3,3,0.02505,0.011701,0.100199296,0.006592895,0
0,232.85,0,277,66,0,1.393973,0,386.1305073,386.1305073,0
165.76,0.21,2,2,2,2,50.5,50.499487,101,0.001026218,0
164.08,0.82,2,2,2,2,50.5,50.499487,101,0.001026218,0
1188.12,9073.02,13,13,1,1,1.000368,0.999397,13.00478983,0.012623622,0
17.95,864.38,1851,1908,7,3,2.244199,2.312388,4281.931954,1.701688242,0
12053.29,5797.14,32,16,4,14,42.849665,23.387594,685.5946452,-62.80835526,0
6.01,0.42,3,2,2,3,1000.5,666.999528,2001,0.001414909,0
0,0,1,1,1,1,0.709039,0.708598,0.70903859,0.000441,0
7.43,6583.56,137,139,3,1,0.229306,0.231118,31.87349353,0.210348736,0
0,28343.51,0,8,2,0,1.8875,0,15.1,15.1,0
162.71,0.21,2,2,2,2,50.5,50.499487,101,0.001026218,0
0,3225.28,0,99,3,0,0.173332,0,17.15984531,17.15984531,0
1.93,0.1,3,2,2,3,1000.5,666.999528,2001,0.001414909,0
32.18,0,2,1,1,2,101,50.499475,101,0.00105,0
0,6888.99,1,6,2,1,53.297085,319.780809,319.7825094,0.0017,0
1.09,0,3,2,2,3,1000.5,666.999528,2001,0.001414909,0
13214.65,16443.62,17,10,5,11,4.464757,2.621059,44.64757159,0.08957159,0
2779.87,9490.43,5,60,3,4,0.037274,0.299873,2.236415703,0.73705277,0
1.85,0.42,4,2,2,4,1000.5,500.249528,2001,0.001886545,0
0,1674.79,0,115,3,0,0.487343,0,56.04445387,56.04445387,0
39728.89,5276.38,10,2,2,8,0.215305,0.041,0.43061018,0.02061018,0
162.72,0,2,1,1,2,101,50.499508,101,0.000984218,0
0,3781.52,0,16,2,0,2.021792,0,32.34866851,32.34866851,0
4.4,0.47,86,3,3,85,3333.666667,116.290187,10001,0.043911,0
136.72,12195.05,102,102,1,1,1.031661,1.030935,105.2293895,0.07399056,0
15834.46,4347.46,9,6,2,7,9.93,6.874186,59.58,-2.2876748,0
0,0,1,1,1,1,0.1,0.0978,0.1,0.0022,0
108.83,0.04,3,2,2,3,50.5,33.666179,101,0.001464437,0
0,33519.03,0,6,3,0,18.605495,0,111.6329706,111.6329706,0
41813.31,4.57,8,2,2,3,0.275,0.068066,0.55,0.005471256,0
123254.17,3129.65,4,3,1,4,3,2.1625,9,0.35,0
160.91,0.63,2,2,2,2,50.5,50.499508,101,0.000984218,0
22.61,0,3,1,1,3,101,33.666149,101,0.001554,0
0,88.41,0,9999,1649,0,159.510377,0,1594944.257,1594944.257,0
0,0,1,1,1,1,10.0016,10.00055,10.00160006,0.00105005,0
2189.2,7164.32,93,126,25,29,0.692528,1.038139,87.25858671,-9.288340407,0
1061.84,29093.56,80,13,7,6,7.750375,1.268473,100.7548686,-0.72294403,0
0,1705.13,0,133,5,0,1.959164,0,260.5688718,260.5688718,0
264869.53,599.77,3,5,1,2,8.265,13.773831,41.325,0.00350582,0
0,0,1,1,1,1,25,24.99909,25,0.00091,0
0,0,1,1,1,1,0.403399,0.402927,0.40339863,0.000471636,0
0,0,1,1,1,1,1,0.998863,1,0.001137379,0
4244.62,16924.23,25,14,5,15,3.499314,1.958951,48.99039689,0.016613664,0
30163.96,0,5,1,1,3,0.01,0.001301,0.01,0.003497345,0
4826.19,956.21,11,82,4,1,6.73476,50.203197,552.2503223,0.0151595,0
6088.8,0,3,1,1,3,0.348124,0.330528,0.34812417,-0.643459058,0
108.12,0.3,3,2,2,3,50.5,33.666171,101,0.001488218,0
17.34,14.58,146,9854,1559,4,20.789666,1362.218,204861.3715,5977.543531,0
19.74,0.14,4,3,3,3,33.666667,25.249496,101,0.002016,0
160.95,0.33,2,2,2,2,50.5,50.499508,101,0.000984218,0
158.28,0.63,2,2,2,2,50.5,50.499508,101,0.000984218,0
0,30.57,1,2,1,1,0.999559,1.998498,1.999118,0.00062,0
0,1977.9,0,5,3,0,85.042,0,425.21,425.21,0
274956.74,0,2,1,1,2,1.226296,0.612739,1.22629604,0.000818377,0
29149.68,111614.17,4,8,3,2,1.146651,2.292875,9.17320617,0.001705004,0
88.49,2773.56,354,394,5,1,1.254059,1.394541,494.0993845,0.431974832,0
0,1645.39,0,325,3,0,0.936503,0,304.3634277,304.3634277,0
25.37,0,4,1,1,4,101,25.249496,101,0.002016,0
166.24,0,2,2,2,2,50.5,50.499487,101,0.001026218,0
32.69,7.48,116,4411,1025,86,0.077851,2.960678,343.4011671,-0.03745996,0
0,0,1,1,1,1,0.631749,0.631308,0.63174938,0.000441,0
0,0.17,1,2,2,1,4.650034,9.299282,9.30006765,0.00078606,0
16.68,0,3,1,1,3,101,33.666149,101,0.001554,0
0,382.88,1,2,1,1,1.5,2.99,3,0.01,0
13.77,746.67,1696,1735,5,3,1.371141,1.401967,2378.929617,1.193528295,0
0,20615.55,0,11,3,0,13.972845,0,153.7013,153.7013,0
1.97,0,3,2,2,3,1000.5,666.999528,2001,0.001414909,0
0,12473.89,0,47,4,0,1.055683,0,49.61710295,49.61710295,0
4.5,2158.2,4,4,1,1,0.3725,0.371161,1.49,0.00535578,0
162.05,0.24,2,3,3,2,33.666667,50.499508,101,0.000984218,0
23.98,3156.43,228,229,4,1,1.986835,2.059497,454.9851539,-14.58014592,0
385.56,3076.03,2636,10,5,19,36.958411,0.92598,369.5841148,-2071.299285,0
159.66,0.3,2,2,2,2,50.5,50.499508,101,0.000984218,0
0,3628.68,0,88,4,0,0.713397,0,62.77890686,62.77890686,0
0,12101.42,0,5,3,0,2.634272,0,13.17136019,13.17136019,0
5286.46,7933.14,26,29,16,17,3.555778,3.964851,103.1175691,0.031442069,0
0,0,1,1,1,1,0.7,0.69938,0.7,0.00062,0
0,14364.43,0,14,7,0,113.420657,0,1587.8892,1587.8892,0
0,4147.13,0,77,5,0,0.969396,0,74.64353029,74.64353029,0
0,1441.31,0,138,3,0,0.768069,0,105.9935508,105.9935508,0
160.95,0.33,2,2,2,2,50.5,50.499508,101,0.000984218,0
29022.81,5288.15,9,133,2,7,0.05636,0.832184,7.495827957,0.006175,0
66.59,9613.52,101,104,31,1,1.384346,1.420669,143.9719552,0.484403279,0
159.43,0.75,2,3,3,2,33.666667,50.499508,101,0.000984218,0
106.87,0.39,3,2,2,3,50.5,33.666171,101,0.001488218,0
21.77,0,3,1,1,3,101,33.666149,101,0.001554,0
2.44,13733.11,5,5,4,1,1.153252,1.152713,5.76626,0.002697284,0
3.75,5629.59,13,14,11,13,0.910429,0.980016,12.746,0.005797185,0
0.88,1447.16,18,18,1,1,1.254444,1.253979,22.58,0.008385406,0
81.24,0,4,1,1,2,101,25.249502,101,0.001992218,0
13512.99,13727.72,48,24,16,21,1.675443,0.84949,40.21063756,-0.56487073,0
8.96,93666.95,10,10,6,1,104.640485,104.637461,1046.404848,0.03023452,0
2854.02,19402.8,7,8,4,7,0.082417,0.093771,0.659337614,0.00294002,0
3.54,8328.12,3,3,1,3,1.123183,1.122718,3.369550293,0.001395636,0
21727.78,26187.15,9,13,2,1,0.121112,0.173458,1.574456215,0.013336545,0
44.57,2269.13,3,3,3,1,0.232103,0.231458,0.69630997,0.001935338,0
0,15.2,0,9999,2631,0,0.000152,0,1.523569134,1.523569134,0
24.85,0.45,3,2,2,3,50.5,33.666155,101,0.001536086,0
17163.1,8592.65,25,16,5,15,0.418954,0.267365,6.703263673,0.019143125,0
1384.59,51810.42,5,3,3,4,1.703333,1,5.11,0.11,0
0,238.94,1,3,2,1,0.036333,0.106154,0.109,0.00284647,0
163.23,0.33,2,2,2,2,50.5,50.499508,101,0.000984218,0
161.23,0,2,1,1,2,101,50.499286,101,0.001428506,0
164.14,0.82,2,2,2,2,50.5,50.499487,101,0.001026218,0
9522.97,10178.22,52,23,10,30,9.23219,5.249038,212.3403775,-60.60962247,0
21.86,0,3,1,1,3,101,33.666149,101,0.001554,0
50.83,32724.85,6,32,2,2,0.877702,4.680761,28.0864722,0.001909104,0
0,1643.35,0,138,3,0,1.215259,0,167.7057364,167.7057364,0
2.86,45412.54,11,11,3,1,44.372727,44.372299,488.1,0.004714025,0
0,278.08,0,2,1,0,0,0,0,0,0
323.98,3399.88,153,155,6,3,0.827783,0.837819,128.3063499,0.120085432,0
0,0,1,1,1,1,0.227921,0.227417,0.22792103,0.000504,0
0,2938.89,0,103,5,0,0.423113,0,43.58061737,43.58061737,0
2.42,0,2,1,1,2,634.240264,317.119661,634.2402643,0.000943273,0
90.06,30.22,4095,3760,993,2380,1.856024,1.711818,6978.650215,-31.24386844,0
0,0,1,1,1,1,0.220311,0.219471,0.22031112,0.00084,0
0,1267.18,0,230,4,0,0.951296,0,218.7980157,218.7980157,0
23567.14,3850.65,5,5,2,2,2.398987,2.398449,11.9949341,0.002688042,0
2768.89,40878.12,219,8,4,8,1.888575,0.097941,15.10860173,-6.340460714,0
4918.97,16508.71,24,14,6,12,4.402712,2.566895,61.63797236,0.032500381,0
3768.17,8657.45,13,5,3,1,0.257295,0.003077,1.2864765,1.2464765,0
2.18,0.23,4,2,2,4,1000.5,500.249528,2001,0.001886545,0
0,3194.06,0,71,3,0,0.31,0,22.01002182,22.01002182,0
16.33,0,4,1,1,3,101,25.249475,101,0.0021,0
0,53.18,0,380,2,0,0,0,0,0,0
9.11,238.3,3766,3759,3,2,1.08402,1.08435,4074.83289,-8.829350292,0
5762.04,16315.1,24,25,6,6,27.614874,28.764805,690.3718452,0.016537066,0
203.14,2263.87,17,20,3,1,0.108153,0.126379,2.16306621,0.0146194,0
2.32,3417.27,6,8,6,1,1.419875,1.892639,11.359,0.003167276,0
483.35,42.72,921,551,12,323,6.602262,4.131875,3637.846177,-167.6107093,0
154.77,0,2,1,1,2,101,50.499508,101,0.000984218,0
6.47,0,3,2,2,3,1000.5,666.999528,2001,0.001414909,0
22.84,0,3,1,1,3,101,33.666149,101,0.001554,0
163.21,0,2,1,1,2,101,50.499508,101,0.000984218,0
0,2167.2,0,131,6,0,0.231123,0,30.27708374,30.27708374,0
0,2896.43,0,256,6,0,1.205148,0,308.517785,308.517785,0
0,12333.54,0,12,5,0,3.923886,0,47.08662672,47.08662672,0
17415.12,48392.42,9,16,7,5,1.324886,2.333763,21.19817665,0.194307284,0
1.24,0.68,3,2,2,3,1000.5,666.999528,2001,0.001414909,0
0,2073.65,0,154,3,0,0.342651,0,52.76819533,52.76819533,0
161.3,0,2,1,1,2,101,50.499508,101,0.000984218,0
21963.75,2033.09,12,6,5,6,28.184379,14.927607,169.1062724,-10.02501462,0
81815.88,2.54,2,2,2,2,1.814976,1.809535,3.62995242,0.010882,0
9913.28,17010.06,3,7,2,3,9.245004,9.5,64.71502538,36.21502538,0
19.98,0,2,1,1,2,0.324175,0.161481,0.32417502,0.001213464,0
0,17646.93,0,3,3,0,3.666302,0,10.99890696,10.99890696,0
55446.68,0,2,1,1,2,54.995,27.49,54.995,0.015,0
0,596.6,0,113,35,0,1.233926,0,139.433612,139.433612,0
5.87,0,3,2,2,3,1000.5,666.999528,2001,0.001414909,0
480.48,184793.34,5,5,4,5,6.393652,6.393245,31.96826005,0.0020373,0
12.66,6583.46,117,118,7,2,39.145791,39.479742,4619.20336,0.073492292,0
6573.25,5387.27,30,24,8,14,2.269969,1.913833,54.47925301,-2.935746988,0
1583.6,14202.66,4,6,2,1,0.704388,1.006638,4.226327765,0.199777735,0
0,2467.04,0,4,2,0,0.53,0,2.12,2.12,0
10896.54,20178.74,7,6,4,1,1.698473,1.455212,10.1908403,0.00435786,0
160.21,0.3,2,2,2,2,50.5,50.499508,101,0.000984218,0
6.14,2643.66,6,6,2,6,0.103847,0.103247,0.623082968,0.003600022,0
2.14,2.12,1634,8366,1366,726,466.146432,2365.208998,3899781.051,35029.548,0
0,0,0,1,1,0,0.06687,0,0.06686957,0.06686957,0
16.31,16789.75,19,20,1,1,0.952304,1.001177,19.04607749,0.023707311,0
21.68,0,3,1,1,3,101,33.666149,101,0.001554,0
793.52,1462.78,280,748,7,34,0.787856,2.109545,589.315962,-1.356702663,0
17104.3,5929.68,2,2,2,1,2.383487,2.255,4.76697354,0.25697354,0
508.97,6493.02,55,77,7,2,1.198954,1.678007,92.31943271,0.029032959,0
0,6479.6,0,35,4,0,0.81363,0,28.47704215,28.47704215,0
2999.87,5839.79,253,34,14,24,5.011673,1.837013,170.3968923,-294.3674652,0
2182.94,5581.62,208,9,4,30,35.130243,6.576224,316.1721852,-1051.682337,0
0,2151.61,0,93,3,0,0.239201,0,22.24573257,22.24573257,0
1573.6,1983.91,84,437,22,48,1.431772,8.516212,625.6845712,-89.67722876,0
0,2417.91,0,55,4,0,1.234828,0,67.9155301,67.9155301,0
0,0,1,1,1,1,0.176135,0.175505,0.17613494,0.00063,0
0,0,0,1,1,0,0.000664,0,0.000663984,0.000663984,0
0,0,1,1,1,1,5.1,5.09938,5.1,0.00062,0
0.81,40538.29,4,4,3,1,6.546145,6.545641,26.18458107,0.00201584,0
24.16,0.18,3,2,2,3,50.5,33.666149,101,0.001554,0
2.94,5033.24,11,11,6,1,8.86212,8.8617,97.48332273,0.00462,0
0,40137.49,0,5,4,0,4.091241,0,20.45620318,20.45620318,0
0,1563.89,0,145,3,0,0.366634,0,53.16195615,53.16195615,0
7816.8,4294.88,87,77,77,1,9.824947,10.394706,756.5209294,-147.8185092,0
158.07,0.84,2,2,2,2,50.5,50.499508,101,0.000984218,0
15092.45,4690.14,19,7,7,8,2.42802,0.893411,16.996139,0.021328208,0
0,1941.17,0,129,2,0,0.332143,0,42.84639454,42.84639454,0
23.21,0.33,3,2,2,3,50.5,33.666149,101,0.001554,0
9.68,2648.06,344,356,17,1,0.553682,0.571426,197.1106614,0.540286125,0
0,4080.21,1,6,5,1,1.715151,0.3424,10.29090675,9.94850675,0
0,2096.54,0,139,4,0,0.49797,0,69.21779839,69.21779839,0
3.92,0,3,2,2,3,1000.5,666.999528,2001,0.001414909,0
0,2401.05,0,133,3,0,0.481076,0,63.98312638,63.98312638,0
2506.5,5401.77,22,22,21,16,3.093644,3.093117,68.06017621,0.011591948,0
164.08,0,2,1,1,2,101,50.499492,101,0.00101578,0
21.22,0,3,1,1,3,101,33.666149,101,0.001554,0
0,124.96,0,5461,4,0,3.277248,0,17897.04971,17897.04971,0
162.67,0.82,2,2,2,2,50.5,50.499246,101,0.00150753,0
0,0,1,1,1,1,2.655173,2.654553,2.6551732,0.00062,0
4212.31,164356.11,6,6,5,6,0.037003,0.035333,0.22201879,0.01001879,0
11859.4,27657.75,31,20,14,20,0.069901,0.035465,1.39802193,0.29861844,0
2.48,0,3,2,2,3,1000.5,666.999528,2001,0.001414909,0
0,0,1,1,1,1,0.049346,0.048726,0.04934623,0.00062,0
160.85,0.54,2,2,2,2,50.5,50.499508,101,0.000984218,0
162.92,0,2,1,1,2,101,50.499508,101,0.000984218,0
25.67,0.49,3,2,2,3,50.5,33.666163,101,0.001512,0
0,0,1,1,1,1,0.39067,0.390197,0.39067043,0.000473186,0
0,5604.36,0,52,4,0,0.669844,0,34.83190827,34.83190827,0
0,0,1,1,1,1,0.035,0.034528,0.035,0.000471659,0
738.38,758.66,578,464,139,213,25.254746,20.281562,11718.20202,-4.540886436,0
5450.02,8607.45,34,43,3,3,20.867403,26.390598,897.2983445,0.018016049,0
22.26,0,3,1,1,3,101,33.666149,101,0.001554,0
162.05,0.5,2,2,2,2,50.5,50.499508,101,0.000984218,0
163.02,0,2,1,1,2,101,50.499508,101,0.000984218,0
23.21,0,3,1,1,3,101,33.666149,101,0.001554,0
984.61,2518.76,48,16,12,19,11.342021,3.780111,181.4723413,0.0270302,0
800.54,3782.63,161,181,43,76,2.49453,2.880664,451.5100055,-12.27689455,0
0,136.26,1,2,2,1,0.137447,0.274453,0.27489384,0.000441,0
0,0,0,1,1,0,0.001,0,0.001,0.001,0
0,4562.06,0,70,3,0,0.84105,0,58.87351086,58.87351086,0
4751.72,7781.79,27,84,6,5,4.775108,14.855455,401.1091001,0.011816742,0
19507.26,68156.43,8,6,2,3,39.095,29.320581,234.57,0.005351549,0
5161.43,6369.79,26,12,3,13,3.445242,1.588759,41.34290569,0.035176362,0
34.77,4933.56,50,50,2,2,0.122227,0.121031,6.111338425,0.059783305,0
17.94,2060.97,39,40,3,1,9.566143,9.811008,382.6457032,0.01638,0
636.62,1056.25,113,659,9,3,8.878018,51.777827,5850.613836,-0.280664247,0
155.76,1619.3,5214,144,36,3365,57.076446,1.557115,8219.008183,100.2121315,0
0,0,1,1,1,1,0.1,0.09938,0.1,0.00062,0
18.13,6.99,3,2,2,3,50.5,33.666149,101,0.001554,0
13676.14,45637.72,10,12,6,4,2.638899,3.165873,31.66679,0.008055678,0
6034.56,3053.94,72,26,11,36,13.022715,4.967889,338.5905776,-19.0974224,0
16.9,0,3,1,1,3,101,33.666149,101,0.001554,0
17171.6,11439.07,45,22,15,28,32.896731,15.831052,723.7280888,11.33075076,0
0,0,0,1,1,0,0,0,0,0,0
14.59,0,4,1,1,3,101,25.249475,101,0.0021,0
2469.73,5983.05,4,6,6,3,42.500709,63.750592,255.0042532,0.001886178,0
1924.15,5885.43,45,45,41,3,0.298309,0.297505,13.42388352,0.036154765,0
10777.03,25458.58,21,10,7,13,16.278526,8.072238,162.78526,-6.73174,0
3489.53,479.56,62,468,6,2,0.996382,7.52718,466.3069727,-0.378160539,0
0,0,1,1,1,1,1,0.9978,1,0.0022,0
0,0,1,1,1,1,5.994792,5.994288,5.994791537,0.000504,0
161.28,0.4,2,3,3,2,33.666667,50.499508,101,0.000984218,0
0,0,1,1,1,1,1,0.999409,1,0.000591176,0
19892.7,5782.56,33,14,6,13,9.179741,4.013636,128.516376,-3.93362403,0
20.07,1350.64,3,3,3,1,0.114567,0.114109,0.3437,0.001373638,0
105.77,0,2,1,1,2,3.18888,1.593999,3.18888016,0.00088216,0
2.5,24131.49,4,4,2,1,141.383525,141.382592,565.5341,0.003730932,0
2.77,62.09,9994,6,2,4,2.764689,0,16.58813651,16.58813651,0
163.9,0,2,1,1,2,101,50.499508,101,0.000984218,0
0,334.64,1,2,1,1,33.045,66.089559,66.09,0.000441,0
3.27,4715.62,2,2,1,2,0.143031,0.142585,0.28606164,0.000891636,0
15,9732.68,13,13,7,1,7.410372,7.408293,96.33483876,0.02702468,0
2.38,0,3,2,2,3,1000.5,666.999528,2001,0.001414909,0
23.39,0,3,1,1,3,101,33.666149,101,0.001554,0
55.57,68.37,217,9783,43,5,1.356686,59.705347,13272.46186,316.4014952,0
0,2031.71,0,99,7,0,0.955405,0,94.58508922,94.58508922,0
15.96,470.28,2,2,1,1,2.433288,2.42411,4.86657638,0.0183571,0
0,0,1,1,1,1,0.861997,0.861556,0.86199737,0.000441,0
0,0,1,1,1,1,0.1,0.099395,0.1,0.000604974,0
492.76,224404.42,8,4,4,5,0.785745,0.392621,3.14298,0.00201428,0
0,1959.67,0,175,2,0,5.376566,0,940.8989911,940.8989911,0
22.72,0,3,1,1,3,101,33.666149,101,0.001554,0
10561.92,53480.68,22,12,6,14,1.583038,0.950227,18.99645491,-1.908545093,0
154657.51,0,3,1,1,2,1.689931,0.563002,1.68993136,0.000926142,0
2.73,6982.23,2,2,2,1,28.507417,28.506997,57.01483362,0.00084,0
18.32,0,3,1,1,3,101,33.666149,101,0.001554,0
454.38,634.91,11,1594,2,2,0.05328,2.452727,84.92754904,57.94754905,0
163.47,0.14,2,3,3,2,33.666667,50.499487,101,0.001026218,0
25531.52,5035.52,27,9,3,18,38.379867,14.718021,345.4188,-51.96775781,0
2752.07,26631.65,55,30,3,20,12.855549,7.042109,385.6664821,-1.64949904,0
0,0,0,1,1,0,8.5,0,8.5,8.5,0
0,0,1,1,1,1,19.99895,19.99811,19.99895,0.00084,0
9305.88,7089.83,2,2,1,2,3.735616,3.733779,7.47123215,0.003675,0
20.77,0,3,1,1,3,101,33.666149,101,0.001554,0
85.6,1272.51,202,618,9,1,0.337962,1.033133,208.8603836,0.167448159,0
162.23,0.03,2,2,2,2,50.5,50.499487,101,0.001026218,0
9521.8,6496.51,33,36,1,2,1.002566,1.093283,36.09236355,0.014018347,0
8949.04,29806.07,19,10,10,9,0.34488,0.306535,3.44880412,-2.375356377,0
2.95,4257.15,14,14,2,1,0.941195,0.940775,13.17673659,0.00588,0
7.48,23684.7,7,6,4,1,15.1225,12.961399,90.735,0.00520574,0
3610.63,48827.05,13,19,10,8,0.676096,0.987549,12.84583132,0.007690784,0
0,4627.71,0,69,4,0,0.801578,0,55.30887946,55.30887946,0
0,0,1,1,1,1,1.321723,1.321251,1.32172265,0.000471636,0
155.95,0,2,1,1,2,101,50.499508,101,0.000984218,0
0,1757.99,0,129,2,0,0.250161,0,32.27078927,32.27078927,0
25.48,0.28,3,2,2,3,50.5,33.666163,101,0.001512,0
19.43,0.38,4,3,3,3,33.666667,25.249496,101,0.002016,0
3832.66,20453.16,39,11,4,18,6.817887,4.359305,74.99675469,-95.01614472,0
20.52,0,3,1,1,3,101,33.666149,101,0.001554,0
5866.71,2119.58,6,10,2,2,29.491,49.151167,294.91,0.003,0
5938.07,11706.47,25,24,19,3,4.578251,4.394682,109.878029,0.010988961,0
23.98,761.55,1289,1983,12,3,0.659009,1.012759,1306.814135,1.368378233,0
18.77,138.96,5,10,4,5,95.226721,190.452969,952.2672131,0.002370218,0
22351.04,5730.95,18,16,7,9,1.285465,1.092074,20.56743944,0.910111008,0
0,2534.07,0,126,4,0,0.17766,0,22.38514299,22.38514299,0
159.14,0.69,2,2,2,2,50.5,50.499508,101,0.000984218,0
535.04,5922.75,1704,14,6,15,1.598936,0.039659,22.38510605,-45.19423616,0
13430.7,16340.08,53,14,13,20,5.325508,1.085525,74.5571056,17.02429577,0
0,1817.01,0,106,3,0,0.217013,0,23.0033331,23.0033331,0
3.65,197940.52,4,4,4,2,418.361676,418.359309,1673.446702,0.009467107,0
106.33,0.21,3,2,2,2,50.5,33.666171,101,0.001488218,0
0,2412.23,0,94,4,0,0.42474,0,39.92552298,39.92552298,0
14.27,847.93,1978,2004,11,3,4.690398,4.751224,9399.557032,1.636385026,0
2623.88,486.72,2,2,1,1,45.005,45.004748,90.01,0.00050403,0
0,32396.62,0,7,4,0,2.169652,0,15.18756381,15.18756381,0
2.97,0,3,2,2,3,1000.5,666.999528,2001,0.001414909,0
2614.2,2118.86,126,96,41,67,8.270401,6.405333,793.9585305,-13.11341292,0
34.84,5361.18,3,3,3,1,2.5,2.499498,7.5,0.001506847,0
15.61,19327.87,5,5,1,5,4.202764,4.202327,21.01382,0.002184,0
27.93,3011.5,12,5,1,4,1.23602,0.513917,6.1801,0.0131,0
914.86,6018.77,27,39,3,1,0.067484,0.097059,2.631878259,0.011279985,0
21.39,0,3,1,1,3,101,33.666149,101,0.001554,0
3.14,784.01,482,482,4,1,1.090077,1.089319,525.4169456,0.365361549,0
21.94,0,3,1,1,3,101,33.666149,101,0.001554,0
5.14,783.05,779,824,18,1,56.381856,59.638411,46458.64919,0.327180008,0
0,31305,0,7,1,0,2.056072,0,14.39250575,14.39250575,0
158.4,0.69,2,2,2,2,50.5,50.499508,101,0.000984218,0
67691.12,0,2,1,1,2,0.70927,0.20127,0.70926957,0.30672963,0
163.83,0,2,1,1,2,101,50.499508,101,0.000984218,0
0,0,1,1,1,1,1.003982,1.00351,1.0039819,0.000471636,0
14.79,529.38,2879,3022,8,3,2.258151,2.369419,6824.131634,2.574987535,0
11200.08,5511.61,18,6,6,8,4.266438,1.421005,25.598627,0.020535648,0
3221.64,4480.04,283,16,11,73,0.121316,0.081465,1.94105029,-21.1134337,0
0,0,1,1,1,1,0.53,0.5278,0.53,0.0022,0
9174.48,1032.22,103,27,12,57,1.643345,0.423506,44.37031997,0.749186791,0
9676.37,46570.37,7,5,2,7,7.235761,5.157857,36.178805,0.073805,0
18424.89,48149.18,9,8,5,2,11.418546,10.14844,91.34836781,0.012411241,0
0,0,1,1,1,1,4.395,4.394214,4.395,0.00078606,0
6900.67,7993.31,141,27,10,41,280.702992,56.310753,7578.980785,-360.8354499,0
0,0,1,1,1,1,1.99,1.989748,1.99,0.00025202,0
0,1881.38,0,130,6,0,0.208538,0,27.10995407,27.10995407,0
21.65,0,3,1,1,3,101,33.666149,101,0.001554,0
9673.63,8132.74,36,76,6,4,32.662884,68.954255,2482.379209,0.026041719,0
162.22,0.33,2,2,2,2,50.5,50.499508,101,0.000984218,0
8576.44,49.15,33,7,6,25,1.628329,0.388939,11.39830291,-1.43669709,0
161.04,0.84,2,2,2,2,50.5,50.499508,101,0.000984218,0
120411.9,2987.4,3,2,1,2,10.5,0.466667,21,19.6,0
2.58,0,4,2,2,3,1000.5,500.249528,2001,0.001886545,0
4446.65,87200.67,10,8,7,8,0.175894,0.140496,1.40714988,0.00219337,0
55.7,122.02,31,151,1,11,4.743747,23.106071,716.3057439,0.01753388,0
160.03,0.22,2,3,3,2,33.666667,50.499508,101,0.000984218,0
0,0,1,1,1,1,0.470629,0.470158,0.47062942,0.000471636,0
161.45,0.82,2,2,2,2,50.5,50.499487,101,0.001026218,0
163780.12,0,2,1,1,2,0.002465,7.00E-05,0.00246512,0.00232568,0
0,0,1,1,1,1,4.995,4.99458,4.995,0.00042002,0
0,78670.32,0,6,1,0,0,0,0,0,0
24.29,0.59,3,2,2,3,50.5,33.666159,101,0.001523001,0
6416.37,3469.12,95,23,8,42,3.740153,0.970799,86.02352031,-6.202405046,0
0,56.31,0,494,4,0,4.00E-05,0,0.02,0.02,0
14773.89,39386.73,17,12,8,12,2.46504,1.611382,29.58047519,2.18698519,0
54345.49,0,2,1,1,1,7.1,3.549559,7.1,0.000882,0
3.3,37447.94,9,9,8,1,19.631434,19.630371,176.6829079,0.00957045,0
0,0,1,1,1,1,0.120301,0.119829,0.120301109,0.000471636,0
162.42,0,2,1,1,2,101,50.499508,101,0.000984218,0
1.47,0.51,4,2,2,4,1000.5,500.249528,2001,0.001886545,0
6.22,4288.13,101,101,3,1,0.658375,0.657242,66.49582472,0.114346012,0
0,0,1,1,1,1,0.953062,0.952558,0.95306226,0.000504,0
162.92,0.15,2,4,4,2,25.25,50.499508,101,0.000984218,0
19.12,0,3,1,1,3,101,33.666149,101,0.001554,0
3.66,77113.44,3,3,3,1,7.332983,7.332086,21.99895,0.00269186,0
1199.39,2173.15,234,138,22,45,86.524912,59.427887,11940.43782,-1965.68779,0
106.52,0.97,3,2,2,3,50.5,33.666179,101,0.001464437,0
14076,4744.02,46,32,6,18,11.666274,8.809154,373.3207618,-31.90030379,0
36.77,3102.03,271,361,10,1,4.712976,6.277373,1701.3843,0.216102577,0
156.87,5.4,2,2,2,2,50.5,50.499487,101,0.001026218,0
0,3.85,0,9999,330,0,0.003802,0,38.017,38.017,0
0,0,1,1,1,1,3.15,3.149528,3.15,0.000471636,0
8782.87,9575.43,57,28,10,23,5.609592,2.998811,157.0685627,-13.86363733,0
0.81,14872.31,21,21,2,3,0.337008,0.336068,7.077161,0.01974,0
0,4.64,1,2,1,1,3.462423,6.924362,6.92484692,0.0004851,0
0,2073.53,0,154,3,0,0.531882,0,81.90989038,81.90989038,0
0,6541.29,0,22,7,0,3.497687,0,76.94912401,76.94912401,0
10.98,652.71,1407,2026,12,3,2.408585,3.467495,4879.792202,1.027110559,0
2011.12,4215.1,39,25,8,33,14.853563,9.520765,371.339068,0.029221478,0
0,2081.99,0,110,7,0,0.433954,0,47.73491496,47.73491496,0
9571.15,8715.39,32,32,4,2,14.084553,14.083635,450.7056958,0.029372443,0
0,1989.17,0,114,3,0,0.311136,0,35.46949621,35.46949621,0
10269.07,16752.07,8,14,3,8,1.835974,3.212181,25.70364154,0.006191869,0
1666.38,2674.33,38,124,11,33,0.072103,0.234796,8.940771682,0.01852628,0
5.14,25734.14,9,9,4,9,0.481306,0.480782,4.331750199,0.004716176,0
158.55,1.78,2,2,2,2,50.5,50.499286,101,0.001428506,0
0,1.65,0,2,1,0,0.499528,0,0.99905674,0.99905674,0
158.66,0,2,1,1,2,101,50.499508,101,0.000984218,0
1211.93,369.71,2,2,1,2,0.505168,0.502689,1.01033627,0.0049574,0
25.14,0.08,3,2,2,3,50.5,33.666163,101,0.001512,0
0,0,1,1,1,1,11,10.99938,11,0.00062,0
10.77,1046.93,1507,1528,3,2,0.386105,0.390753,589.9688797,1.104067079,0
4481,826.6,64,61,22,34,2.399229,2.286314,146.3529462,0.028852362,0
72346.7,5896.79,5,93,8,3,120.218386,2236.061666,11180.30988,0.001553992,0
50.84,429.69,603,3723,10,3,0.325192,2.006568,1210.690815,0.730177958,0
164.7,0,2,1,1,2,101,50.499508,101,0.000984218,0
0,4907.12,0,18,3,0,8.097359,0,145.7524674,145.7524674,0
1.93,4140.34,2,2,2,1,0.996273,0.995809,1.992545498,0.000927256,0
0,0,1,1,1,1,22,21.99938,22,0.00062,0
83.87,653.37,190,192,1,2,0.141219,0.142286,27.11413784,0.079821,0
160.54,0.21,2,2,2,2,50.5,50.499508,101,0.000984218,0
0,1399.42,0,143,4,0,1.191433,0,170.3748498,170.3748498,0
32.43,3016.12,481,489,6,2,0.571675,0.582446,279.549246,-0.607219961,0
0,0,1,1,1,1,5,4.99938,5,0.00062,0
1739.48,57164.83,3,2,1,3,1.1975,1.1,2.395,-0.905,0
0,0,1,1,1,1,0.61,0.60938,0.61,0.00062,0
108.18,0,3,2,2,3,50.5,33.666157,101,0.001530218,0
566.78,21176,57,22,14,35,1.370483,0.533526,30.15061763,-0.260364635,0
33.41,0,3,1,1,3,101,33.666163,101,0.001512,0
0,0,1,1,1,1,0.295,0.294528,0.295,0.000471636,0
161.87,0,2,1,1,2,101,50.499487,101,0.001026218,0
4.93,154.49,2,2,2,1,65.1,65.098037,130.2,0.00392689,0
823.89,187953.36,9,5,5,6,0.277408,0.153579,1.38704121,0.00483033,0
1144.86,1812.83,109,344,21,26,5.455237,17.220073,1876.601493,-0.386417617,0
2365.36,12614.22,21,19,5,1,6.010661,8.436557,114.202567,-62.96513712,0
0,26473.18,0,2,2,0,10,0,20,20,0
2843.38,701.23,25,32,28,9,116.53422,190.1628,3729.095025,-1024.974975,0
692.16,6966.26,56,16,6,15,2.979156,0.842804,47.66649089,0.46949099,0
101.46,0,3,1,1,2,101,33.666171,101,0.001488218,0
4.2,8367.17,5,5,5,1,9.341723,9.340871,46.70861376,0.00425771,0
21.68,0,3,1,1,3,101,33.666149,101,0.001554,0
546.06,0,135,1,1,2,10.026984,0.420674,10.02698358,-46.76401642,0
7.1,0,3,2,2,3,1000.5,666.999528,2001,0.001414909,0
0,475.53,0,663,1,0,0.100859,0,66.86982305,66.86982305,0
0,10442.99,0,2,1,0,0,0,0,0,0
230.52,4123.1,203,210,3,4,0.334369,0.345122,70.21749861,0.15771314,0
1043.02,171177.5,4,3,3,3,0.563625,0.418725,1.69087397,0.01597397,0
11202.05,17632.22,16,8,3,11,12.255215,6.197056,98.04171979,-1.111170747,0
160.58,0,2,1,1,2,101,50.499286,101,0.001428506,0
164.72,0,2,2,2,2,50.5,50.499487,101,0.001026218,0
18514.48,35.44,34,3,2,5,36.059534,3.438417,108.178602,-8.727575427,0
107.63,0,3,1,1,3,101,33.666179,101,0.001464437,0
10015.17,31639.41,13,9,2,6,1.583908,1.095243,14.25516985,0.01701687,0
2.12,0,4,2,2,4,1000.5,500.249528,2001,0.001886545,0
0,1766.28,0,165,3,0,0.87326,0,144.0878218,144.0878218,0
14.84,0,7,1,1,3,101,14.428067,101,0.003528,0
17.13,0,3,1,1,3,101,33.666149,101,0.001554,0
47.23,7324.93,42,41,3,42,0.821384,0.801334,33.67675746,0.020727636,0
3084.25,842.74,10,123,3,1,12.35673,151.986265,1519.877818,0.01516962,0
1976.45,1758.19,22,9,4,11,16.038995,6.560608,144.3509569,0.017582067,0
0,0,1,1,1,1,0.173792,0.173287,0.17379244,0.000505656,0
0,0,1,1,1,1,0.1,0.099496,0.1,0.000504,0
21.36,0,3,1,1,3,101,33.666149,101,0.001554,0
18.53,0,3,1,1,3,101,33.666149,101,0.001554,0
40686.65,24242.29,10,10,2,2,7.727419,7.726962,77.2741935,0.004577207,0
2818.92,1493.28,190,5,3,10,2.129554,0.097633,10.64776966,-7.90259034,0
1861.95,3299.78,283,169,78,87,9.440878,5.951868,1595.508449,-88.87025642,0
0,0,1,1,1,1,1.000179,0.999675,1.000179357,0.000504,0
161.92,0.5,2,2,2,2,50.5,50.499508,101,0.000984218,0
0,0,1,1,1,1,0.597475,0.595275,0.59747468,0.0022,0
0,1518.9,1,2,1,1,1.995,3.989559,3.99,0.000441,0
0,25194.73,0,9,2,0,104.788889,0,943.1,943.1,0
202471.56,397.62,3,149,2,2,6.140223,304.963244,914.8932395,0.0035075,0
33.44,0,3,1,1,3,101,33.666163,101,0.001512,0
160.61,0.63,2,2,2,2,50.5,50.499508,101,0.000984218,0
3.27,0.52,3,2,2,3,1000.5,666.999528,2001,0.001414909,0
2029.44,2772.94,100,321,89,63,0.139158,0.442656,44.66959806,0.403968907,0
46332.51,39450.96,6,6,1,6,3.706397,3.705956,22.23838401,0.002646,0
0,0,1,1,1,1,2.325925,2.325139,2.32592542,0.00078606,0
0,1971.81,0,115,4,0,0.23263,0,26.75245414,26.75245414,0
1084.37,2309.6,261,29,13,8,0.13186,0.012686,3.82393082,0.512875621,0
0,15.63,0,9999,1,0,0,0,0,0,0
5.16,34918.47,5,5,4,1,3.723225,3.721302,18.61612389,0.009613723,0
41816.88,58905.01,8,11,4,6,3.751482,2.0325,41.2663,25.0063,0
42862.41,8542.04,6,7,6,5,2.386581,3.083288,16.70606522,-1.793660082,0
17521.42,2173.56,14,7,4,9,4.435165,2.439164,31.04615308,-3.102146976,0
21,0,3,1,1,3,101,33.666149,101,0.001554,0
26855.44,35030.82,29,6,4,15,125.333333,5.206,752,601.0260114,0
165.65,0,2,1,1,2,101,50.708363,101,-0.416725812,0
164.28,0,2,1,1,2,101,50.499508,101,0.000984218,0
12214.73,8097.85,44,17,10,21,3.661339,1.787057,62.24276991,-16.38774081,0
0,0,1,1,1,1,23.944569,23.944065,23.944569,0.000504,0
22.48,0,3,1,1,3,101,33.666149,101,0.001554,0
1520.24,4795.52,86,64,12,26,85.850984,64.235209,5494.462949,-29.7650507,0
377913.42,11269.86,2,5,3,1,6.0254,7.5,30.127,15.127,0
0,0,1,1,1,1,3,2.99938,3,0.00062,0
9988.21,23826.16,7,5,3,2,1.42696,1.018722,7.1348,0.00374573,0
22.27,1045.39,1261,1458,13,3,18.753396,21.68215,27342.45139,1.259710975,0
0,16745.47,0,6,3,0,5.780215,0,34.68129065,34.68129065,0
3.76,5100.19,43,44,28,1,9.905784,10.135065,435.8545075,0.046696362,0
0,3012.62,0,106,4,0,0.203145,0,21.53339222,21.53339222,0
348.76,12696.72,178,21,12,20,3.500582,2.199515,73.51222911,-318.001518,0
125.71,2436.45,132,197,2,2,0.060154,0.089288,11.85031309,0.064324286,0
0,0,1,1,1,1,0.073643,0.073023,0.07364318,0.00062,0
7254.65,94500.98,6,3,3,5,0.615896,0.307215,1.84768807,0.0043994,0
163.33,0,2,1,1,2,101,50.499508,101,0.000984218,0
3.09,0,3,2,2,3,1000.5,666.999528,2001,0.001414909,0
31.07,13.7,172,9828,1093,3,30.860122,1719.273256,303293.2751,7578.275097,0
7.17,3798.53,3,3,1,1,0.540433,0.539611,1.6213,0.002466022,0
160.8,0.84,2,2,2,2,50.5,50.499508,101,0.000984218,0
21.81,0,3,1,1,3,101,33.666149,101,0.001554,0
87.41,8403.19,44,57,2,1,0.76313,0.98721,43.49842197,0.061170938,0
0,0,1,1,1,1,1.016519,1.015183,1.01651922,0.00133589,0
2018.85,5951.41,35,47,1,2,0.158842,0.212792,7.465559308,0.017856668,0
0,6028.68,0,33,2,0,0.904827,0,29.85930017,29.85930017,0
0,0,1,1,1,1,0.454387,0.453916,0.45438743,0.000471636,0
0,0,0,1,1,0,3.77,0,3.77,3.77,0
0,214.21,0,4247,932,0,0.00048,0,2.036687015,2.036687015,0
0,5399.48,0,42,4,0,0.805386,0,33.82622659,33.82622659,0
160.91,0.84,2,2,2,2,50.5,50.499508,101,0.000984218,0
162.18,0.6,2,2,2,2,50.5,50.499508,101,0.000984218,0
0,2289.76,0,100,5,0,0.95769,0,95.76903228,95.76903228,0
7.14,52.71,5089,4911,5,5067,125.373384,127.021936,615708.6876,-30705.94223,0
161.04,1.78,2,2,2,2,50.5,50.499508,101,0.000984218,0
0,5669.69,0,40,8,0,7.881388,0,315.255538,315.255538,0
0,2983.77,0,76,6,0,18.914845,0,1437.5282,1437.5282,0
0,30339.75,0,9,2,0,0.340709,0,3.066385239,3.066385239,0
0,0,1,1,1,1,0.199608,0.199136,0.199607581,0.000471636,0
73.72,5049.43,153,164,2,1,1.233799,1.321592,202.3429773,0.13937816,0
51087.09,19369.78,8,3,2,8,0.042439,0.015567,0.12731818,0.002784653,0
0,1929.89,0,151,5,0,1.215183,0,183.4927076,183.4927076,0
162.18,0.37,2,2,2,2,50.5,50.499508,101,0.000984218,0
31730.32,4592.35,12,10,3,6,5.403581,4.918225,54.03580702,-4.982892965,0
0,373502.99,1,2,2,1,2.637464,0.234521,5.274928,5.040407,0
3.94,0,3,2,2,3,1000.5,666.999528,2001,0.001414909,0
187079.53,12154.99,4,12,4,1,8.73961,26.218424,104.8753148,0.001617,0
41.24,1170.44,1180,1047,16,831,220.622704,195.755349,230991.9711,0.659788705,0
48.35,3501.52,156,159,3,1,1.604949,1.635393,255.1868407,0.06552,0
0,0,1,1,1,1,0.25,0.249496,0.25,0.000504,0
0.67,15574.88,2,2,1,2,4.745,4.74395,9.49,0.0021,0
0,30250.38,0,2,2,0,27.561724,0,55.12344882,55.12344882,0
6.67,66745.12,3,3,3,1,2.623333,2.620523,7.87,0.00842953,0
2.64,313.51,43,45,2,1,3.467268,3.628116,156.0270457,0.01806,0
18509.58,12261.06,8,25,22,8,1.030983,3.428573,25.7745665,-1.654015867,0
49270.89,2747.71,4,3,2,1,11.819929,8.864419,35.45978652,0.0021109,0
0,7728.89,0,13,5,0,25.953565,0,337.39634,337.39634,0
2.43,17983.02,8,8,5,1,4.999948,4.99934,39.99958,0.004859287,0
0,0,1,1,1,1,0.999118,0.998498,0.999118,0.00062,0
22.21,0,3,1,1,3,101,33.666149,101,0.001554,0
156.18,0,2,1,1,2,101,50.499508,101,0.000984218,0
0,0,1,1,1,1,0.070631,0.070011,0.0706311,0.00062,0
828.93,27856.41,13,29,4,2,0.455218,1.01457,13.20131581,0.011899662,0
17.44,1377.4,526,525,8,2,0.205252,0.204205,107.7575556,0.345773625,0
64308.21,97756.17,16,2,2,6,5101.6,637.686983,10203.2,0.208274039,0
15443.73,2290.11,81,219,12,30,22.491934,61.124582,4925.733592,-25.35755275,0
0,0,1,1,1,1,1.643362,1.633,1.64336218,0.01036218,0
6.99,23929.79,21,22,8,1,0.347226,0.362149,7.638977366,0.033839536,0
161.67,0.04,2,2,2,2,50.5,50.499286,101,0.001428506,0
1106.47,973.03,152,119,37,64,56.276635,48.277614,6696.919615,-641.2776849,0
2.18,16147.1,7,8,2,1,3.093289,3.534767,24.7463086,0.00294,0
0,1308.64,0,244,6,0,0.269838,0,65.8404692,65.8404692,0
3.94,43647.13,5,5,3,1,202.545818,202.545018,1012.729089,0.003999663,0
19.62,0,3,1,1,3,101,33.666149,101,0.001554,0
2.19,1851.57,53,53,9,1,0.39061,0.389876,20.7023053,0.038886675,0
83.74,25609.02,8,10,3,1,94.036065,117.542294,940.3606484,0.022297917,0
233.27,28279.08,30,29,3,24,0.05058,0.048367,1.46680967,0.01581365,0
22.85,0.58,3,2,2,3,50.5,33.666149,101,0.001554,0
1755.04,6629.43,120,91,36,70,6.137927,4.653928,558.5513802,0.080058507,0
3475.29,3248.02,18,83,5,11,0.088376,0.348889,7.335177878,1.055177878,0
0,5154.2,0,44,3,0,0.889365,0,39.13206873,39.13206873,0
23.71,0.07,3,2,2,3,50.5,33.666149,101,0.001554158,0
30.23,100652.52,2,2,2,2,2.160218,2.159756,4.32043527,0.000924,0
0,9945.5,0,20,8,0,3.688443,0,73.76886204,73.76886204,0
42022.48,0,13,1,1,5,7.718505,1.592519,7.71850503,-12.98424455,0
2.29,633.02,3,3,2,3,0.323333,0.322867,0.97,0.001398233,0
0,0,1,1,1,1,5,4.998489,5,0.00151135,0
157.49,0,2,1,1,2,101,50.499508,101,0.000984218,0
4774.08,3216.21,65,79,1,3,0.209582,0.254257,16.55701217,0.030293045,0
0,0,1,1,1,1,4.5,4.49916,4.5,0.00084,0
606.15,11064.5,510,22,6,18,27.466091,1.710984,604.254,-268.348,0
0,1926.03,0,100,3,0,0.293066,0,29.30656763,29.30656763,0
165.75,0.01,2,3,3,2,33.666667,50.499487,101,0.001026218,0
6757.46,1610.22,49,234,7,13,0.163169,0.778224,38.18158062,0.048580622,0
158.08,0.84,2,2,2,2,50.5,50.499286,101,0.001428506,0
1638.19,443.91,48,5,2,3,0.137516,0.013911,0.6875787,0.019842174,0
24419.57,0,6,1,1,5,0.607,0.100726,0.60699977,0.002646,0
9841.52,6962.46,60,149,19,31,38.907013,103.125902,5797.144957,-390.4091426,0
160.38,0.39,2,2,2,2,50.5,50.499508,101,0.000984218,0
7609.51,6435.77,56,18,13,30,2.687878,1.259391,48.381798,-22.144102,0
0,0,1,1,1,1,0.890309,0.889837,0.89030858,0.000471636,0
24.32,0.23,3,2,2,3,50.5,33.666159,101,0.001523001,0
25.88,0,2,1,1,2,101,50.499475,101,0.00105,0
154.87,0,2,1,1,2,101,50.499508,101,0.000984218,0
109.47,0,3,1,1,3,101,33.666171,101,0.001488218,0
161.24,0.3,2,2,2,2,50.5,50.499508,101,0.000984218,0
8.45,3497.89,356,429,5,2,0.704813,0.848755,302.3649021,0.208115528,0
0,0,1,1,1,1,0.869489,0.868869,0.86948919,0.00062,0
18.32,0,3,1,1,3,101,33.665988,101,0.002035312,0
106.47,1.21,3,2,2,2,50.5,33.666171,101,0.001488218,0
160.85,0.21,2,2,2,2,50.5,50.499508,101,0.000984218,0
54.81,3236.19,24,100,2,1,0.19631,0.817177,19.6309982,0.018745536,0
430287.67,9324.78,2,3,2,2,9.5595,14.33821,28.6785,0.00207925,0
17.87,3229.4,214,214,4,1,0.082543,0.081824,17.6641815,0.153782052,0
6803.29,8857.97,16,15,4,11,1.552208,1.45438,23.28311529,0.01303537,0
160.84,1.05,2,2,2,2,50.5,50.499508,101,0.000984218,0
4.09,7825.62,10,10,3,10,4.1474,4.14683,41.474,0.0056957,0
30546.43,14158.72,3,2,1,2,0.025,0.01606,0.05,0.0018189,0
12.84,12122.66,25,26,2,1,0.268703,0.277568,6.98627938,0.04708449,0
0,0,1,1,1,1,0.047442,0.046386,0.04744152,0.001055747,0
8.2,20015,24,27,10,1,1.141993,1.283508,30.83381711,0.02963125,0
0,6.02,1,2,1,1,0.999559,1.998677,1.999118,0.000441,0
153.28,0,2,1,1,2,101,50.499508,101,0.000984218,0
10.37,1057.52,265,266,2,2,0.195185,0.194844,51.91924736,0.285533304,0
21.32,0,3,1,1,3,101,33.666149,101,0.001554,0
0,2099.82,0,108,3,0,0.962196,0,103.9171277,103.9171277,0
17.06,0,3,1,1,3,101,33.666149,101,0.001554,0
5.7,544.96,126,146,3,2,4.193979,4.859211,612.320885,0.060273,0
24345.2,9240.26,13,69,51,2,0.334354,1.759033,23.07045302,0.20302973,0
1888.98,0,12,0,0,3,0,0.005,0,-0.06,0
0,44166.17,0,2,2,0,72.470432,0,144.9408633,144.9408633,0
10.3,28988.76,16,16,2,1,1.328537,1.32707,21.25659289,0.023478615,0
46.63,8709.45,72,104,1,1,0.679269,0.976104,70.64395559,0.36446199,0
16915.18,387.45,13,7,5,7,14.213714,7.650846,99.49599541,0.03499541,0
1142.47,4568.91,123,160,2,10,0.085036,0.109988,13.60568271,0.077191824,0
7184.14,24565.38,32,9,6,16,4.481242,1.474798,40.33117517,-6.86237449,0
4384.05,4017.98,90,29,12,31,12.078742,4.010252,350.2835067,-10.63920593,0
8.46,3668.56,255,326,8,1,1.551193,1.981194,505.6888439,0.484310233,0
9.09,16693.78,19,20,9,1,3.703568,3.896348,74.071366,0.04075368,0
1.02,2.23,3,3,2,1,2.366667,2.366085,7.1,0.00174383,0
15.68,513.42,1384,1416,13,1,1.071941,1.095911,1517.868711,1.127376073,0
15331.14,30445.3,11,7,3,8,0.769624,0.489402,5.38736854,0.00394934,0
11.86,4152.03,11,11,10,1,63.011937,63.011218,693.1313053,0.007904624,0
10.02,4739.96,14,29,3,4,0.09521,0.196363,2.76108864,0.012012014,0
0,2723.62,0,107,3,0,0.217338,0,23.2551381,23.2551381,0
0,12506.19,0,16,6,0,5.345456,0,85.5273,85.5273,0
0,5154.14,0,44,4,0,0.492903,0,21.68774716,21.68774716,0
163.02,0,2,1,1,2,101,50.499508,101,0.000984218,0
14.28,427.61,2,2,2,1,0.065,0.064418,0.13,0.001163063,0
157.83,0,2,1,1,2,101,50.499508,101,0.000984218,0
160.91,0.84,2,2,2,2,50.5,50.499508,101,0.000984218,0
1831.69,14561.8,4,5,2,3,4.6023,5.75236,23.0115,0.002060403,0
0,0,1,1,1,1,2.025128,2.024687,2.02512842,0.000441,0
3240.19,13535.58,14,15,2,1,1.059198,1.134039,15.88797064,0.011430949,0
1.56,0,3,2,2,3,1000.5,666.999528,2001,0.001414909,0
12124.02,7753.6,34,36,16,11,13.333139,14.116686,479.993008,0.025679996,0
0,8721.68,0,26,3,0,18.64527,0,484.7770128,484.7770128,0
0,0,1,1,1,1,1.999496,1.998992,1.999496,0.000504,0
8600.97,21939.9,4,2,1,2,11.215535,5.605977,22.43106991,0.007161221,0
134.38,11158.03,3,3,2,1,0.294665,0.294219,0.8839941,0.0013363,0
0,8295.12,0,2,2,0,4.0125,0,8.025,8.025,0
247.38,15296.34,29,31,2,1,1.363274,1.456362,42.26149953,0.027001245,0
23.9,998.74,379,1292,2,1,0.287119,0.977138,370.9574378,0.622035843,0
265.42,803.45,3456,171,25,1037,53.382024,2.635848,9128.326161,18.8351239,0
103.15,0,3,1,1,2,101,33.666171,101,0.001488218,0
0,0,1,1,1,1,4.997275,4.996803,4.997275,0.000471636,0
12681.07,1747.2,2,14,1,1,5.10377,35.725951,71.45278453,0.000882,0
4244.56,8285.98,133,37,12,64,4.928174,1.686638,182.3424397,-41.98041795,0
12564.3,11089.02,74,7,5,57,12.483364,1.169189,87.38355,0.86355,0
234.14,151667.17,9,5,5,6,0.953275,0.528979,4.76637695,0.00557035,0
17491.39,30810.71,6,5,5,2,45.167215,37.638761,225.8360773,0.00350912,0
0,25195.29,0,9,6,0,2.630724,0,23.6765124,23.6765124,0
196.48,66911.64,300,5,4,4,0.84,0.142,4.2,-38.4,0
0,4043.03,0,26,4,0,108.58855,0,2823.302301,2823.302301,0
946.38,7394.37,23,42,1,15,0.940871,1.717611,39.5165897,0.011536029,0
2.53,3205.97,4,4,4,1,1.935523,1.93503,7.7420931,0.001972611,0
4.38,24303.06,10,10,2,1,3.5674,3.566366,35.674,0.01034028,0
0,1489.22,0,130,3,0,0.772335,0,100.4035188,100.4035188,0
0,92467.96,1,6,6,1,0.325264,0,1.95158313,1.95158313,0
7827.86,63912.32,23,2,2,5,0.1525,0.000391,0.305,0.296,0
17.53,0,4,1,1,3,101,25.249475,101,0.0021,0
2.87,5482.21,2,5,4,2,5.130505,12.825794,25.652525,0.000936954,0
0,2858.57,0,70,5,0,0.798841,0,55.91885922,55.91885922,0
31.44,46347.64,3,3,2,1,0.333,0.329852,0.999,0.00944498,0
436.97,11518.59,50,92,3,1,0.815464,1.499355,75.02265148,0.05490669,0
106.93,0.54,3,2,2,3,50.5,34.011938,101,-1.035814252,0
157.09,0,2,1,1,2,101,50.499508,101,0.000984218,0
0,2956.44,0,108,4,0,0.908057,0,98.0701957,98.0701957,0
4.79,130.68,3,3,3,3,0.1,0.099539,0.3,0.001382873,0
161.68,0,2,1,1,2,101,50.499508,101,0.000984218,0
0,6793.44,0,47,3,0,0.885775,0,41.63143931,41.63143931,0
162.88,0.04,2,2,2,2,50.5,50.499508,101,0.000984218,0
162.87,0.82,2,2,2,2,50.5,50.499487,101,0.001026218,0
116.73,14626.51,7,9,3,1,21.895339,28.148937,197.0580545,0.01549305,0
2.97,9105.66,6,6,3,1,2.587337,2.586917,15.5240216,0.00252,0
1953.85,1784.93,64,12,4,16,4.973214,1.118656,59.67856494,-11.91543506,0
0,2668.2,0,75,4,0,0.723395,0,54.2545975,54.2545975,0
20.16,0,3,1,1,3,101,33.666149,101,0.001554,0
0,0,1,1,1,1,20.009559,20.008512,20.009559,0.001046957,0
161.78,0.84,2,2,2,2,50.5,50.499508,101,0.000984218,0
1398.72,12543.53,35,35,5,6,0.206012,0.205331,7.210430655,0.02384957,0
15.23,0,3,1,1,3,101,33.666149,101,0.001554,0
161.31,0.3,2,2,2,2,50.5,50.499508,101,0.000984218,0
162.55,0.6,2,2,2,2,50.5,50.499508,101,0.000984218,0
0,15147.22,0,11,5,0,7.144867,0,78.59353709,78.59353709,0
250.97,307.42,1187,58,2,661,187.952069,9.217543,10901.22,-40.00334258,0
0,0,1,1,1,1,1.133862,1.13339,1.13386211,0.000471636,0
0,0,1,1,1,1,0.99895,0.99833,0.99895,0.00062,0
43135.78,7534.32,8,22,13,7,17.256124,10.406836,379.6347197,296.3800334,0
0,5647.25,0,40,2,0,0.357637,0,14.30546713,14.30546713,0
13.05,1122.93,160,206,2,1,0.869075,1.118292,179.0293599,0.102704871,0
109,41.68,3,2,2,3,50.5,33.666165,101,0.001506437,0
5.1,7529,4,4,4,1,9.625,9.623838,38.5,0.004646757,0
3697.28,2668.22,22,21,9,2,19.534344,19.859562,410.2212278,-26.68914,0
20.97,69184.25,7,7,1,1,15.623322,15.622106,109.363254,0.008514996,0
0,6171.96,0,46,3,0,0.891956,0,41.02997503,41.02997503,0
22.26,0,3,1,1,3,101,33.666149,101,0.001554,0
39.35,5844.97,5,5,4,1,50.735,50.729314,253.675,0.0284284,0
0,0,1,1,1,1,2,1.9978,2,0.0022,0
15648.16,9070.69,19,50,1,4,0.690342,1.905887,34.51710271,-1.694758148,0
4274.43,1400.87,7,20,3,3,51.93579,148.387754,1038.715791,0.001512,0
16.24,0,4,1,1,3,101,25.249475,101,0.0021,0
495.25,12862.78,67,76,10,3,0.154735,0.175093,11.75988645,0.028641276,0
145.07,1573.61,95,96,2,2,0.221031,0.222938,21.21898371,0.039921,0
163.77,0.82,2,2,2,2,50.5,50.499246,101,0.00150753,0
0,8596.87,0,5,3,0,0.9964,0,4.982,4.982,0
24.56,0.18,3,2,2,3,50.5,33.666151,101,0.001548055,0
20.96,0,3,1,1,3,101,33.665988,101,0.002035312,0
26946.84,17166.59,13,11,7,4,2.804987,2.37278,30.8548559,0.008721061,0
2.29,0.51,3,2,2,3,1000.5,666.999528,2001,0.001414909,0
0,0,1,1,1,1,1,0.9978,1,0.0022,0
444,2284.99,218,219,5,2,0.15794,0.158237,34.58892278,0.093252805,0
0,0,1,1,1,1,11,10.99938,11,0.00062,0
106.92,1523.8,470,630,10,3,0.060151,0.080238,37.89518349,0.183341597,0
1799.36,32760.68,11,3,2,1,0.016124,0,0.04837242,0.04837242,0
161.47,0,2,1,1,2,101,50.499508,101,0.000984218,0
0,1578.98,0,126,3,0,0.21953,0,27.66072652,27.66072652,0
0,0,1,1,1,1,2.005,2.004475,2.005,0.000525,0
42.28,1126.9,590,640,5,2,270.143196,293.035811,172891.6453,0.516629651,0
163.83,0,2,1,1,2,101,50.499508,101,0.000984218,0
0,0,1,1,1,1,22,21.99916,22,0.00084,0
0,1193.82,0,388,5,0,0.815149,0,316.2779288,316.2779288,0
1.82,0,3,2,2,3,1000.5,666.999528,2001,0.001414909,0
7.34,1739.15,220,224,3,1,0.102532,0.103251,22.96710146,0.251797488,0
9.02,1019.21,441,459,2,1,1.392629,1.448489,639.2168513,0.433080142,0
3.33,17423.46,3,3,3,1,2.038419,2.034238,6.11525632,0.012543009,0
15.07,13933.48,11,11,2,1,13,12.999425,143,0.006324626,0
4913.51,20847.99,12,51,38,11,1.275593,2.995108,65.05522643,29.11392643,0
25627.6,13911.96,4,13,5,1,2.689647,8.740763,34.96541469,0.0023625,0
81434.83,33097.16,10,4,4,6,0.256568,0.100775,1.02627374,0.01852374,0
0,6024.74,0,53,6,0,0.598759,0,31.73424263,31.73424263,0
0,2961.69,0,129,9,0,0.84334,0,108.7909129,108.7909129,0
1465.14,1848.13,6,11,2,1,7.651773,14.027667,84.169499,0.003499,0
0,0,1,1,1,1,0.884182,0.881137,0.88418165,0.00304422,0
0,6516.91,0,49,4,0,0.863375,0,42.30539257,42.30539257,0
0,3754.18,0,61,7,0,0.29258,0,17.84739924,17.84739924,0
22.77,0,3,1,1,3,101,33.666149,101,0.001554,0
231.69,3947.18,2,2,1,2,1.039587,1.02,2.07917307,0.03917307,0
0,0,1,1,1,1,2.989831,2.9891,2.98983145,0.00073145,0
7071.24,9215.18,23,65,11,5,24.114055,68.147821,1567.413552,0.013673762,0
9185.8,9940.57,3,63,3,2,0.205062,0.740417,12.91890863,10.69765642,0
6.21,60820.21,13,13,3,1,8.082524,8.078733,105.072815,0.049286642,0
0,5967.93,0,38,8,0,1.212943,0,46.09183761,46.09183761,0
0,0,1,1,1,1,12,11.99938,12,0.00062,0
0,2921.88,0,36,4,0,37.700011,0,1357.200407,1357.200407,0
3561.93,8077.48,19,17,6,2,6.258323,5.598758,106.3914879,0.015089764,0
13.99,1377.45,13,14,2,13,27.572069,29.692347,386.008964,0.008446601,0
7.26,2157.53,3,3,3,3,3.958975,3.958527,11.87692544,0.001344,0
25.19,0.49,3,2,2,3,50.5,33.666163,101,0.001512,0
93.4,6274.58,98,100,6,1,33.412336,34.093169,3341.233614,0.103067732,0
4.91,0.17,3,2,2,3,1000.5,666.999528,2001,0.001414909,0
393.44,1608.34,38,39,1,2,0.209868,0.21497,8.184851184,0.015981,0
23.33,0,3,2,2,3,50.5,33.666149,101,0.001554,0
5.41,1486.35,5,5,1,5,10.42,10.419551,52.1,0.002247,0
164.72,0.82,2,2,2,2,50.5,50.499487,101,0.001026218,0
24.38,19206.85,4,4,2,1,0.917337,0.91445,3.669346241,0.011547651,0
2.44,14294.35,19,19,3,2,0.635292,0.634872,12.0705394,0.007980006,0
6.18,3296.21,2,2,1,2,2.274774,2.274328,4.54954715,0.000891636,0
0,0,0,1,1,0,0.003964,0,0.003964092,0.003964092,0
490.88,3133.21,157,3,2,1,9.381581,0.992914,28.14474323,-127.7427806,0
7.76,20794.23,15,15,10,1,0.603095,0.602291,9.046419677,0.012050649,0
0,11934.11,0,19,6,0,1.460681,0,27.75294265,27.75294265,0
1719.45,6866.22,86,45,23,46,219.516681,114.944505,9878.250629,-6.976770195,0
2.86,0.42,3,2,2,3,1000.5,666.999528,2001,0.001414909,0
23.57,137.38,23,4736,5,9,1.273789,217.011227,6032.663224,1041.404999,0
3446.13,5682.65,45,41,11,35,10.578732,9.63372,433.7280063,0.210600005,0
1640.1,2034.11,165,11,4,14,0.948073,0.155293,10.4288,-15.19449313,0
351.78,91325.3,17,11,9,10,1.066062,0.689255,11.72668593,0.00935182,0
0,39982.45,0,4,2,0,0.272883,0,1.091530545,1.091530545,0
0,2009.3,0,99,3,0,0.194394,0,19.24500665,19.24500665,0
24.18,0.33,3,2,2,3,50.5,33.666149,101,0.001554,0
0,0,1,1,1,1,1.23035,1.229888,1.23034958,0.000462022,0
3.2,0.21,101,2,2,101,5000.5,99.019293,10001,0.051429,0
1.77,0,3,2,2,3,1000.5,666.999528,2001,0.001414909,0
155.89,0,2,1,1,2,101,50.499508,101,0.000984218,0
5.59,12878.49,3,3,3,1,5.11756,5.116635,15.35268014,0.0027761,0
163.26,0.3,2,2,2,2,50.5,50.499508,101,0.000984218,0
0.57,111.33,22,22,14,1,0.062373,0.061847,1.37221347,0.011579702,0
23.13,0,3,1,1,3,101,33.666149,101,0.001554,0
0,0,1,1,1,1,1.816016,1.813816,1.81601575,0.0022,0
87.11,37422.27,9,9,4,3,3.981411,3.980524,35.83269822,0.00798,0
12011.55,0,2,1,1,2,0.122295,0.060706,0.12229483,0.00088283,0
160.89,0.36,2,2,2,2,50.5,50.499508,101,0.000984218,0
1728.41,12776.2,41,76,1,10,0.223625,0.405851,16.99552322,0.355646677,0
3.27,394.71,2511,2692,2658,1,10.175686,10.908594,27392.94592,1.467591524,0
0,4628.17,0,49,2,0,3.008913,0,147.436757,147.436757,0
51.06,8248.56,44,48,6,1,0.129901,0.139885,6.235229577,0.080270403,0
160.75,0.53,2,2,2,2,50.5,50.499286,101,0.001428506,0
0,14601.64,0,54,8,0,0.055556,0,3,3,0
10143.89,11485.87,77,30,8,31,10.42549,4.147886,312.7646961,-6.622528593,0
31007.59,0,3,1,1,2,0.018234,0.005835,0.01823406,0.000728611,0
159.49,1.42,2,2,2,2,50.5,50.499508,101,0.000984218,0
3.9,27895.72,4,4,3,1,0.809601,0.807319,3.23840523,0.00912997,0
136401.79,9125.87,3,3,2,2,3.696667,3.696303,11.09,0.00109051,0
29.08,7208.44,52,57,4,2,115.441018,126.540021,6580.138,0.05692778,0
0.75,8615.98,4,4,1,2,0.076697,0.075647,0.306786998,0.0042,0
3.07,3083.63,32,33,2,1,6.582157,6.78743,217.2111844,0.01344,0
23.99,0.57,9998,2,1,2076,13,197.985178,26,-1979429.81,0
21.6,14.21,109,9891,1160,22,19.373447,1640.615115,191622.7667,12795.71923,0
21.23,0,3,1,1,3,101,33.666149,101,0.001554,0
353.75,6463.39,69,89,2,2,0.851354,1.097723,75.77046479,0.027582764,0
0,0,1,1,1,1,0.989616,0.989144,0.98961596,0.000471636,0
162.6,0.53,2,2,2,2,50.5,50.499508,101,0.000984218,0
4728.66,4315.39,42,23,8,20,4.039701,2.320498,92.91311805,-4.547781953,0
16.92,0,3,1,1,3,101,33.666149,101,0.001554,0
162.61,0,2,1,1,2,101,50.499487,101,0.001026218,0
0,0,1,1,1,1,6.121828,6.121208,6.12182782,0.00062,0
9930.62,37254.36,4,19,19,3,24.947665,118.499849,474.00564,0.006242381,0
6.68,83.6,4938,5062,3,2,1.073498,1.099584,5434.04837,4.300379214,0
314.1,226488.05,9,4,4,6,2.097435,0.931942,8.38973947,0.00225744,0
12.18,2.16,2,2,1,1,78.567896,78.565123,157.135792,0.005546,0
162.38,0.33,2,2,2,2,50.5,50.499508,101,0.000984218,0
14.42,26788.02,5,5,4,1,1.9946,1.988914,9.973,0.0284284,0
0,2.93,1,2,1,1,90,8.4,180,171.6,0
16.23,60632.41,7,7,3,1,4.524544,4.523948,31.67180598,0.004170303,0
0,961.93,1,2,2,1,0.0455,0.090214,0.091,0.00078606,0
0,1585.71,0,143,3,0,1.068693,0,152.8230925,152.8230925,0
33.41,0,3,1,1,3,101,33.666163,101,0.001512,0
23.84,1138.96,129,137,4,6,85.214397,90.498096,11674.37245,0.11802,0
1065.16,30789.36,19,22,2,2,0.04798,0.055007,1.055551273,0.010413073,0
19,920.96,129,175,12,1,38.656728,52.440877,6764.927412,0.054303921,0
2.08,2.41,2,2,1,1,43.98,43.979395,87.96,0.001209106,0
66981.25,32066.54,6,9,3,4,1.54057,2.309629,13.86513446,0.007363058,0
64.43,0.84,5,2,2,3,50.5,20.199506,101,0.002472437,0
36870.46,8222.5,10,6,5,4,2.80692,1.682518,16.84151854,0.01633994,0
0,1493.45,0,134,3,0,0.606742,0,81.30342618,81.30342618,0
22.16,0,3,1,1,3,101,33.666149,101,0.001554,0
0,0,1,1,1,1,0.301444,0.2984,0.30144434,0.00304422,0
0,0,0,1,1,0,0.005,0,0.005,0.005,0
53177.39,0,4,1,1,4,29.999528,7.499441,29.99952837,0.001764,0
160.91,0.63,2,2,2,2,50.5,50.499286,101,0.001428506,0
336.06,861.89,682,671,8,28,56.105416,55.199817,37646.73386,0.458614266,0
161.62,0.69,2,2,2,2,50.5,50.499508,101,0.000984218,0
159.08,0,2,1,1,2,101,50.499508,101,0.000984218,0
0,0,1,1,1,1,1.509802,1.509182,1.50980219,0.00062,0
0,6941.22,0,46,4,0,0.849499,0,39.07695693,39.07695693,0
115.44,4680.74,87,98,4,1,0.93872,1.05108,91.99454312,0.550602992,0
162.42,0,2,1,1,2,101,50.499508,101,0.000984218,0
110.22,0,3,1,1,3,101,33.666143,101,0.001572218,0
0,0,1,1,1,1,0.510483,0.50723,0.51048316,0.00325311,0
1076.29,2719.84,43,35,14,22,14.94534,14.05924,523.0869,-81.4604,0
0,1426.3,0,159,5,0,1.022816,0,162.6277439,162.6277439,0
5.38,0,5,1,1,5,50,9.999558,50,0.00221,0
0,2006.92,0,113,3,0,0.391682,0,44.26005164,44.26005164,0
26.29,0,3,2,2,3,50.5,33.666163,101,0.001512,0
10090.59,628.44,3,19,3,1,6.359909,40.275782,120.838274,0.01092814,0
0,0,1,1,1,1,0.199026,0.198475,0.19902619,0.000551631,0
2.93,0.42,3,2,2,3,1000.5,666.999528,2001,0.001414909,0
1.77,0.2,3,2,2,3,1000.5,666.999528,2001,0.001414909,0
1594.06,34225.08,9,8,2,8,7.998958,7.109696,63.9916663,0.004397981,0
2.23,0,4,2,2,4,1000.5,500.249528,2001,0.001886545,0
0,4628.31,0,49,7,0,0.97675,0,47.86077335,47.86077335,0
206.49,665.98,561,1789,8,55,0.416027,1.326232,744.2731313,0.257001203,0
3.17,0.91,102,2,2,102,5000.5,98.048505,10001,0.052458,0
279.07,3831.43,16,24,1,1,0.068293,0.102105,1.639030718,0.005346726,0
157.6,0,2,1,1,2,101,50.499508,101,0.000984218,0
165.23,0,2,1,1,2,101,50.499508,101,0.000984218,0
0,28836.34,0,9,4,0,1.397789,0,12.58009871,12.58009871,0
0,2314.01,0,98,3,0,0.188372,0,18.46041421,18.46041421,0
110911.88,6.33,2,2,2,1,0.499633,0.499192,0.99926565,0.000882,0
23.19,0,3,1,1,3,101,33.666149,101,0.001554,0
52.17,5168.35,233,235,6,1,1.037243,1.045323,243.7520471,0.19173435,0
22.17,0,3,1,1,3,101,33.666149,101,0.001554,0
5356.77,2959.25,75,397,19,56,0.25555,1.351894,101.4534758,0.061397356,0
0,20171.02,0,3,2,0,3.666667,0,11,11,0
0,0,1,1,1,1,0.580802,0.58033,0.580802,0.000471636,0
2.11,0,3,2,2,3,1000.5,666.999528,2001,0.001414909,0
8088.05,21537.47,27,12,7,12,22.103627,14.192912,265.2435225,-117.9651057,0
16130.32,75552.71,12,10,6,12,0.058308,0.048304,0.58307934,0.003428932,0
100216.7,0,2,1,1,2,0.09475,0.06666,0.09475,-0.03857,0
22.06,27.29,2084,7916,1352,656,1.172664,4.237474,9282.807741,451.9117644,0
45814.78,0,2,1,1,2,0.025,0.012002,0.025,0.000996825,0
1972.54,4955.44,70,72,31,31,14.364822,14.798108,1034.267198,-1.600389103,0
25686.18,33088.25,17,14,7,13,16.197628,7.403734,226.7667881,100.9033163,0
3.71,0,3,2,2,3,1000.5,666.999528,2001,0.001414909,0
0,1910.97,0,128,4,0,0.190571,0,24.39306129,24.39306129,0
16.71,146.14,4967,5033,25,18,315.484119,320.780375,1587831.569,-5484.555448,0
1172.83,1486.36,6,6,6,3,0.994549,0.993871,5.96729379,0.004069968,0
4756.98,11283.84,5,2,1,3,15.5,10.194942,31,-19.97471106,0
0.28,7731,2,2,1,1,0.804237,0.803397,1.608474677,0.00168,0
0,0,1,1,1,1,2.010292,2.008092,2.01029196,0.0022,0
3.77,81753,3,3,3,1,116.703333,116.701924,350.11,0.0042276,0
156.25,0,2,1,1,2,101,50.499508,101,0.000984218,0
0,0,0,1,1,0,3,0,3,3,0
17.39,2706.02,6,7,5,1,0.464554,0.540857,3.251874884,0.006732514,0
6923.87,128205.64,6,5,5,5,3.209348,2.67381,16.04674176,0.00388079,0
11413.56,7141.49,14,5,3,14,0.605888,0.215935,3.02944204,0.006352,0
42580.03,16080.27,3,54,3,2,0.056884,1.023456,3.071719141,0.00135,0
0,1653.82,0,121,4,0,0.718107,0,86.8909,86.8909,0
149.74,40295.47,15,17,1,1,0.662602,0.7495,11.26422685,0.021734195,0
46.36,76737.68,2,2,2,1,5.071883,5.068039,10.14376594,0.00768701,0
19490.75,5913.61,31,20,2,5,0.378585,0.243728,7.571703321,0.016149,0
3989.37,15180.23,13,13,1,1,1.021166,1.020344,13.27515829,0.01069275,0
28.51,737.25,523,544,1,1,1.013238,1.053079,551.2013498,0.441162944,0
161.78,0.84,2,2,2,2,50.5,50.499508,101,0.000984218,0
24508.52,45544.37,6,3,1,6,5.396667,3.664639,16.19,-5.797836248,0
3.72,7488.96,3,3,1,3,2.528333,2.527685,7.585,0.001945112,0
5.34,155.2,4940,5060,4,3,4.207663,4.309155,21290.77672,3.553005059,0
0,0,1,1,1,1,0.079231,0.078611,0.07923065,0.00062,0
843.21,6162.38,10,10,1,1,1.350097,1.349587,13.50097453,0.005106434,0
1.72,0,3,2,2,3,1000.5,666.999528,2001,0.001414909,0
0,3433.55,0,93,5,0,0.732683,0,68.13950947,68.13950947,0
3.85,0.11,3,2,2,3,1000.5,666.999528,2001,0.001414909,0
1.92,0.66,4,2,2,4,1000.5,500.249528,2001,0.001886545,0
5.39,1249.65,3,3,1,3,3.831667,3.831208,11.495,0.001375935,0
5.98,1.18,63,2,2,61,5000.5,158.745519,10001,0.032319,0
58.7,384,287,287,1,2,0.225669,0.225249,64.76702339,0.120561,0
9.9,44193.08,4,4,2,1,2.445275,2.444357,9.7811,0.00367105,0
17.57,0.81,4,2,2,4,50.5,25.249478,101,0.00208811,0
155.84,0,2,1,1,2,101,50.499508,101,0.000984218,0
0,0,1,1,1,1,5.67321,5.672739,5.67321016,0.000471636,0
11.68,25655.51,9,9,6,1,3.202089,3.201143,28.81880063,0.008518006,0
0,791.88,1,2,1,1,65,129.99916,130,0.00084,0
71.88,3887.91,221,271,4,1,1.121767,1.374156,303.998937,0.310492674,0
0,3061.78,1,3,1,1,2.600028,7.799642,7.80008251,0.000441,0
0,0,1,1,1,1,3.696436,3.696394,3.6964365,4.20E-05,0
599.62,1162.67,2052,56,18,140,68.065409,3.979094,3811.662915,-4353.437711,0
870.43,10802.79,173,29,5,8,0.171221,0.029789,4.96540617,-0.188127951,0
418.51,1138.91,215,220,10,6,35.523856,36.349504,7815.248377,0.104943762,0
0,1431.03,0,136,4,0,0.825938,0,112.3275022,112.3275022,0
0,1693.01,0,145,4,0,0.973386,0,141.1409124,141.1409124,0
28.63,1307.12,990,1153,3,3,0.967645,1.126208,1115.695132,0.749621263,0
3.8,0,3,2,2,3,1000.5,666.999528,2001,0.001414909,0
0,1568.6,0,146,6,0,0.783934,0,114.4543765,114.4543765,0
1812.55,2548.73,15,137,4,5,0.072512,0.661406,9.934128852,0.013043231,0
3.54,40399,9,9,4,1,0.56163,0.55659,5.05467351,0.04536272,0
3.76,0,3,2,2,3,1000.5,666.999528,2001,0.001414909,0
0,1807.7,0,2,1,0,0,0,0,0,0
4.89,0,4,2,2,4,1000.5,500.249528,2001,0.001886545,0
0,32397.92,0,7,5,0,3.279664,0,22.95764904,22.95764904,0
8350.1,2856.75,62,447,13,26,2.59412,36.120051,1159.571689,-1079.871486,0
0,20496.83,0,10,4,0,10.143906,0,101.4390627,101.4390627,0
21054.32,72766.15,8,8,7,2,195.966726,195.966052,1567.733811,0.005395378,0
0,0,1,1,1,1,2.339319,2.338847,2.33931862,0.000471636,0
0,204.83,1,2,1,1,2.745,5.489559,5.49,0.000441,0
16.97,0,4,1,1,4,101,25.249475,101,0.0021,0
0,0,1,1,1,1,0.167962,0.167342,0.16796245,0.00062,0
0,0,1,1,1,1,0.25,0.2478,0.25,0.0022,0
5225.83,60718.79,4,8,5,4,3.054834,6.109021,24.43867478,0.002592,0
0,0,1,1,1,1,0.16817,0.167729,0.16816991,0.000441,0
0,0,1,1,1,1,3,2.99938,3,0.00062,0
41.35,114784.56,2,2,1,1,0.6025,0.600757,1.205,0.00348508,0
0,22235.24,0,9,4,0,4.020198,0,36.18177765,36.18177765,0
7.4,68412.28,5,5,3,1,133.213451,133.212531,666.0672544,0.00460145,0
16.37,201.15,4,2,2,4,50.5,25.249491,101,0.002034218,0
0,0,1,1,1,1,3.999,3.99838,3.999,0.00062,0
4.75,33.8,855,1091,1,1,8.986077,11.465795,9803.809553,0.554684636,0
53422.09,0.72,12,2,1,1,0.01,0,0.02,0.02,0
5496.11,1477.49,55,184,1,3,0.829874,2.775678,152.6967573,0.03446175,0
0,0,1,1,1,1,0.129171,0.128551,0.12917116,0.00062,0
162.46,0.37,2,2,2,2,50.5,50.499508,101,0.000984218,0
3185.55,0,11,1,1,8,0.945299,0.085469,0.94529871,0.005136708,0
2111.31,432.15,13,320,14,1,9.160614,225.490801,2931.396345,0.01592824,0
3.66,24578.25,9,10,9,9,0.660722,0.733649,6.607215777,0.004374291,0
0,1718.07,0,132,2,0,0.624681,0,82.45784327,82.45784327,0
5499.34,5299.88,9,8,7,5,23.314645,20.723688,186.5171637,0.003969,0
504.74,17994.65,13,33,3,8,0.203766,0.516687,6.724262845,0.007325352,0
0,76456.49,1,4,4,1,0.069956,0.001174,0.279822487,0.278648176,0
0,350.31,1,4,2,1,11.874546,47.496128,47.49818594,0.002058098,0
164.27,0,2,1,1,2,101,50.499508,101,0.000984218,0
0,0,1,1,1,1,0.162955,0.161876,0.1629547,0.001078522,0
161.55,0.63,2,2,2,2,50.5,50.499508,101,0.000984218,0
25.28,0.14,3,3,3,3,33.666667,33.666163,101,0.001512,0
2390.4,5058.18,153,29,15,38,8.966316,2.078134,260.0231666,-57.93130342,0
0,1.71,1,2,1,1,27.125,54.249528,54.25,0.000471636,0
0,0,1,1,1,1,29.99,29.989496,29.99,0.000504,0
14.78,10.53,3,2,2,3,50.5,33.666149,101,0.001554,0
0,22653.16,0,36,1,0,1.019044,0,36.68559958,36.68559958,0
32.33,14967.66,3,3,3,1,0.200651,0.197847,0.60195233,0.00841088,0
0.97,1933.24,14,14,3,2,36.645496,36.644656,513.0369484,0.01176,0
31.05,2735.96,264,270,4,1,0.079948,0.080314,21.58593228,0.383057973,0
4052.78,81748.14,14,10,7,9,2.53983,1.813793,25.39830075,0.005195394,0
16004.31,6110.66,22,7,7,11,3.063086,0.968031,21.44160139,0.14492139,0
70190.5,8031.31,6,10,8,2,1.095229,1.82494,10.95228731,0.002646,0
202146.49,71824.89,2,4,3,2,5.988635,11.976251,23.95453996,0.002037597,0
0,1325.31,0,97,6,0,54.674138,0,5303.391356,5303.391356,0
1.24,0.68,3,2,2,3,1000.5,666.999528,2001,0.001414909,0
579.54,1470.2,16,180,1,11,0.049311,0.554504,8.875911676,0.003843,0
162.72,0.84,2,2,2,2,50.5,50.499508,101,0.000984218,0
0,1458.53,0,157,5,0,0.860984,0,135.1744175,135.1744175,0
62.15,202.15,556,888,8,4,1.050289,1.676901,932.6562089,0.299308436,0
0,1621.98,0,124,2,0,0.280752,0,34.81321268,34.81321268,0
582.94,332.42,410,31,1,23,0.01,2.90E-05,0.31,0.298301347,0
691.83,2626.05,438,78,11,83,78.545218,17.591631,6126.527038,-1578.607211,0
0,8700.31,0,23,4,0,1.858881,0,42.75426157,42.75426157,0
1.53,0.12,3,2,2,3,1000.5,666.999528,2001,0.001414909,0
7092.12,3620.74,135,17,1,5,0.009412,0,0.16,0.16,0
1.18,0.97,3,2,2,3,1000.5,666.999528,2001,0.001414909,0
21886.17,348282.62,2,2,2,2,2.625,2.622275,5.25,0.005449141,0
158.58,0,2,1,1,2,101,50.499508,101,0.000984218,0
13387.09,1150.64,13,9,4,10,10.565683,10.350908,95.09114293,-39.47066154,0
15631.04,3125.77,29,53,3,23,55.795762,25.441379,2957.175387,2219.375387,0
0,1177.09,0,170,6,0,0.490833,0,83.44154685,83.44154685,0
160.7,1.46,2,2,2,2,50.5,50.499508,101,0.000984218,0
23184.81,0,12,1,1,3,0.1,0.0075,0.1,0.01,0
2.82,5380.55,27,27,4,1,4.60037,4.59995,124.21,0.01134,0
0,5752.11,1,3,1,1,0.280334,0.840469,0.84100279,0.00053363,0
81.55,2715.33,484,520,3,3,6.315767,6.785205,3284.198767,0.159587405,0
15.11,2537.12,12,13,1,2,8.599398,9.315183,111.7921788,0.009986466,0
49592.14,22478.33,6,4,4,3,0.877435,0.584232,3.50973883,0.004346802,0
6.99,5085.98,27,27,1,27,0.275704,0.275222,7.444,0.013016178,0
50639.21,1341.8,3,559,3,1,0.063933,2.243333,35.73836576,29.00836576,0
162.99,0,2,2,2,2,50.5,50.499487,101,0.001026218,0
0,1381.5,0,144,4,0,0.598014,0,86.1140528,86.1140528,0
0,3.45,0,9999,1990,0,8.00E-05,0,0.8,0.8,0
0,0,1,1,1,1,1.098559,1.097939,1.098559,0.00062,0
22.61,9333.38,4,4,3,1,18.484386,18.483646,73.93754557,0.002962034,0
313.05,9419.17,2,2,2,1,2.119627,2.115,4.23925496,0.00925496,0
6.04,5.8,9996,4,1,1267,25,0,100,100,0
163.43,55.55,2,2,1,1,0.494459,0.493998,0.98891889,0.000922618,0
105.18,3064.59,127,133,4,3,44.212845,52.854615,5880.308378,-832.2276694,0
0,0,1,1,1,1,1,0.9978,1,0.0022,0
2289.15,46309.9,13,12,1,10,1.531235,1.412847,18.37482125,0.007810078,0
222.65,17905.07,15,20,5,1,2.890298,3.852752,57.80595046,0.014674304,0
1.89,0.39,4,2,2,4,1000.5,500.249528,2001,0.001886545,0
2110.39,4691.8,22,23,7,21,3.071639,3.210839,70.64769376,0.00924002,0
3012.21,57684.54,4,6,4,4,0.581422,0.856908,3.48853199,0.06090046,0
0,11338.91,0,20,6,0,3.252735,0,65.05469378,65.05469378,0
33526.21,3702.13,6,4,4,5,10.561615,7.016667,42.24646008,0.14646008,0
4.22,4313.57,2,2,1,2,6.671,6.670533,13.34200061,0.000933636,0
0,0,1,1,1,1,3,2.99916,3,0.00084,0
1.93,34554.29,3,3,3,1,2.666485,2.665972,7.999454,0.001537468,0
0,1507.16,0,132,3,0,0.230213,0,30.38809684,30.38809684,0
0,14171.95,0,16,8,0,59.104511,0,945.6721745,945.6721745,0
0,3057.85,0,80,4,0,0.858624,0,68.68988997,68.68988997,0
0,0,1,1,1,1,20,19.99958,20,0.00042,0
18.8,0.28,4,2,2,3,50.5,25.249496,101,0.002016,0
0,2233,0,143,4,0,0.371633,0,53.1434986,53.1434986,0
7.28,0,3,2,2,3,1000.5,666.999528,2001,0.001414909,0
0,0,1,1,1,1,22,21.99938,22,0.00062,0
0,0,1,1,1,1,0.9925,0.992028,0.9925,0.000471636,0
18457.47,21641.61,6,7,2,2,6.349937,7.40781,44.44955596,0.002698732,0
440.4,10478.08,1199,9,3,11,269.839792,2.05669,2428.55813,-37.41306978,0
163.69,0,2,1,1,2,101,50.499508,101,0.000984218,0
819.66,73838.8,6,4,3,5,0.340759,0.226136,1.36303424,0.00621985,0
0,61284.36,0,5,3,0,12.410097,0,62.0504836,62.0504836,0
0,4676.95,0,43,4,0,2.744837,0,118.0280115,118.0280115,0
59938,131018.15,5,3,2,5,10.166667,6.09904,30.5,0.0048,0
110.37,0.82,3,2,2,3,50.5,33.666165,101,0.001506437,0
24.02,0.42,3,2,2,3,50.5,33.666151,101,0.001546075,0
5.09,16521.77,19,19,7,1,9.887749,9.88636,187.8672254,0.02639346,0
0,2350.36,0,124,5,0,0.957348,0,118.7111721,118.7111721,0
302.83,179256.77,8,5,4,7,0.541329,0.337954,2.7066456,0.00301286,0
2242.02,15464.79,18,36,12,17,8.286033,16.445984,298.2972027,2.269491307,0
20.91,0,3,1,1,3,101,33.666149,101,0.001554,0
43950.63,12.77,6,3,2,4,67.002667,33.499492,201.008,0.011049893,0
1661.8,111503.27,17,8,8,11,1.646009,0.773151,13.16807017,0.024499,0
8.55,36472.66,8,9,3,8,16.968739,19.089324,152.7186537,0.0040635,0
3766.59,2656.07,111,52,26,44,5.307469,2.51964,275.9883694,-3.6916306,0
12.5,527.67,2507,2629,16,3,16.864062,17.683953,44335.61861,1.949565041,0
21.27,0,3,1,1,3,101,33.666149,101,0.001554,0
75200.28,196411.45,3,4,4,2,0.427725,0.569584,1.71089997,0.002148,0
24.56,0.43,3,2,2,3,50.5,33.666152,101,0.001544256,0
166.69,0,2,2,2,2,50.5,50.499487,101,0.001026218,0
1.95,44398.73,2,2,1,1,0.275,0.274498,0.55,0.001003697,0
164.14,0.82,2,2,2,2,50.5,50.499487,101,0.001026218,0
6058.37,34430.61,12,27,13,3,0.364539,0.768884,9.842561,0.615952,0
0,1738.36,0,92,5,0,0.122575,0,11.27688554,11.27688554,0
3,0.35,3,2,2,3,1000.5,666.999528,2001,0.001414909,0
22.76,3993.22,219,221,2,1,3.028684,3.122338,669.3391953,-14.45289006,0
157.46,0,2,1,1,2,101,50.499508,101,0.000984218,0
109.48,0.82,3,2,2,3,50.5,33.666165,101,0.001506437,0
76548.58,4174.68,4,4,4,3,6.825009,4.520327,27.30003534,9.218729,0
3.24,0,3,2,2,3,1000.5,666.999528,2001,0.001414909,0
22.82,0,3,1,1,3,101,33.666149,101,0.001554,0
0,18998.66,0,7,4,0,10.144014,0,71.00809764,71.00809764,0
163.77,0,2,1,1,2,101,50.499508,101,0.000984218,0
951.21,0,3,1,1,3,11.174,3.700469,11.174,0.072592933,0
23.23,0,3,1,1,3,101,33.666149,101,0.001554,0
1659.99,8040.84,105,98,21,31,115.849774,108.125875,11353.27789,0.061014921,0
2259.21,4645.74,25,12,10,18,18.659669,9.835645,223.916032,-21.975091,0
13.72,10900.63,7,7,6,7,8.870693,8.870245,62.09485226,0.00313734,0
0,2724.09,0,107,5,0,0.857512,0,91.75376904,91.75376904,0
42.14,57.79,4907,5093,1412,3010,3.954897,4.113595,20142.29233,-43.12031267,0
3049.54,8276.85,238,47,14,82,63.414759,10.737502,2980.493658,424.9681617,0
4298.16,16149.41,28,13,6,16,2.568699,0.989628,33.39308111,5.683501394,0
10.58,14787.26,12,13,2,1,10.569135,11.448656,137.3987597,0.014883762,0
0,0,1,1,1,1,0.5,0.499559,0.5,0.000441,0
2188.46,28924.42,5,6,2,1,0.836229,0.99722,5.017375932,0.031275258,0
12361.95,1553.7,14,54,4,1,0.897293,3.460489,48.45382185,0.00698054,0
0,396,1,2,2,1,2.015,3,4.03,1.03,0
11.71,1257.18,61,64,13,61,9.307326,9.764575,595.6688918,0.029843757,0
71665.81,26919.57,8,9,4,3,13.655517,15.360732,122.8996516,0.013791916,0
157.5,5.37,2,2,2,2,50.5,50.499487,101,0.001026218,0
0,2489.06,0,92,5,0,1.099582,0,101.1615778,101.1615778,0
0,0,0,1,1,0,14.17769,0,14.17769,14.17769,0
0,0,1,1,1,1,0.999559,0.998939,0.999559,0.00062,0
8814.12,13942.91,14,35,2,1,0.157524,0.393266,5.513337614,0.007618537,0
23.71,0,3,2,2,3,50.5,33.666148,101,0.001555573,0
0,1868.51,0,156,5,0,1.612074,0,251.4835104,251.4835104,0
0,12099.3,0,5,3,0,2.5846,0,12.92299974,12.92299974,0
162.8,0.33,2,2,2,2,50.5,50.499508,101,0.000984218,0
15.93,5162.19,201,243,4,3,501.096592,605.802673,121766.4719,0.134700847,0
24.43,0.27,3,2,2,3,50.5,33.666159,101,0.001523001,0
3.49,0,3,2,2,2,1000.5,666.999528,2001,0.001414909,0
163.07,0.17,2,2,2,2,50.5,50.499508,101,0.000984218,0
0,1790.47,0,234,4,0,0.332729,0,77.85854877,77.85854877,0
0,0,0,1,1,0,1.083559,0,1.083559,1.083559,0
1897.47,3976.26,8,9,3,8,7.281382,8.191041,65.53244223,0.004116,0
475.31,133946.24,9,5,5,7,1.98924,1.10466,9.94619775,0.00426142,0
162.53,0.21,2,2,2,2,50.5,50.499487,101,0.001026218,0
0,378.29,0,679,6,0,1.06972,0,726.3400971,726.3400971,0
16.78,2538.83,101,101,2,1,0.324904,0.321432,32.81531469,0.35071,0
131.11,270.5,197,486,2,1,13.016076,32.110129,6325.812847,0.117335602,0
17297.95,81730.59,5,8,6,3,7.749294,12.397198,61.99435587,0.008368141,0
14.47,1136.78,11,13,2,1,0.397242,0.468498,5.164147232,0.010674172,0
1252.45,1800.37,43,40,10,33,6.90856,6.426148,276.3424102,0.01806002,0
0,6652.7,0,48,4,0,0.405505,0,19.46426335,19.46426335,0
0,1537.13,0,149,7,0,0.860099,0,128.1546768,128.1546768,0
15986.42,50038.99,6,5,4,6,5.10325,4.144028,25.51625172,0.652084321,0
0,0,1,1,1,1,1.0036,1.00298,1.0036,0.00062,0
15.39,0,3,1,1,3,101,33.666149,101,0.001554,0
0,0,1,1,1,1,3.16014,3.159636,3.16014,0.000504,0
1.29,0.74,3,2,2,3,1000.5,666.999528,2001,0.001414909,0
8929.01,1234.42,14,13,8,10,49.700172,46.148823,646.1022308,0.018706805,0
0,0,1,1,1,1,4.5,4.49938,4.5,0.00062,0
5.57,43261.07,3,3,1,3,121.665,121.664563,364.995,0.001311636,0
0,31.18,0,9999,4,0,0.036604,0,366,366,0
2602.33,11111.5,30,22,14,9,0.233104,0.166915,5.12827713,0.120812432,0
0,0,1,1,1,1,22,21.99938,22,0.00062,0
0,0,1,1,1,1,0.063007,0.062387,0.06300721,0.00062,0
0,0,1,1,1,1,0.779718,0.778718,0.77971755,0.001,0
5.54,0,9999,1,1,192,0.278959,4.931995,0.278959164,-49314.73694,0
24.62,803.47,804,808,4,2,1.774388,1.782796,1433.705828,0.337701,0
1522.62,1626.06,15,215,3,4,0.129086,1.849784,27.75349197,0.006727251,0
0,1223.57,0,171,4,0,0.936884,0,160.2071435,160.2071435,0
8843.85,9702.78,66,16,10,43,3.174532,0.768553,50.79250796,0.068007954,0
158.65,0,2,1,1,2,101,50.499508,101,0.000984218,0
1460.94,5243.69,292,106,46,133,11.560268,4.61038,1225.388415,-120.8425422,0
18.77,0,3,1,1,3,101,33.666149,101,0.001554,0
0,0,1,1,1,1,2.883525,2.883053,2.8835248,0.000471636,0
2.11,0.52,3,2,2,3,1000.5,666.999528,2001,0.001414909,0
6012.77,6447.76,44,43,4,6,15.758499,15.399772,677.6154357,0.025467617,0
162.31,0.33,2,2,2,2,50.5,50.499508,101,0.000984218,0
154.87,0,2,1,1,2,101,50.499508,101,0.000984218,0
5366.9,15720.54,40,40,14,7,50.845654,50.844637,2033.826162,0.040700292,0
5508.61,23.82,9,2,2,2,1.5425,0.341926,3.085,0.007666736,0
163.02,0.03,2,3,3,2,33.666667,50.499508,101,0.000984218,0
6.75,0.73,10,2,2,10,50.5,10.099462,101,0.005376,0
0,0,1,1,1,1,6.4,6.39938,6.4,0.00062,0
7.1,0,3,2,2,3,1000.5,666.999528,2001,0.001414909,0
24.8,0.04,3,2,2,3,50.5,33.666163,101,0.001512,0
108.84,0.3,3,2,2,2,50.5,33.666171,101,0.001488218,0
5.76,13793.09,5,6,4,1,5.628725,6.752266,33.77234903,0.01101905,0
5980.35,18633.46,21,20,2,18,129.97006,123.780506,2599.401197,0.0105747,0
7042.64,2694.86,8,9,8,7,0.880369,0.989884,7.92331804,0.00424956,0
3098.05,4755.44,36,57,2,2,0.417608,0.660712,23.80363138,0.01800865,0
0,0,0,1,1,0,0.250303,0,0.25030333,0.25030333,0
0,0,0,1,1,0,0.804725,0,0.8047254,0.8047254,0
0,4695.7,0,68,5,0,0.582851,0,39.63384266,39.63384266,0
9695.78,1133.48,14,107,6,1,62.635543,478.714007,6702.003081,0.00697876,0
161.24,0.92,2,2,2,2,50.5,50.499508,101,0.000984218,0
6783.5,48019.41,10,20,7,2,19.423552,38.846694,388.4710445,0.004100024,0
0,0,1,1,1,1,0.082618,0.082147,0.08261824,0.000471636,0
2.32,0.07,4,2,2,4,1000.5,500.249528,2001,0.001886545,0
0,125704.72,0,5,5,0,0.580704,0,2.9035219,2.9035219,0
88542.07,8570.37,4,31,14,2,48.003226,372.023677,1488.1,0.00529225,0
1698.92,2127.67,40,341,9,6,0.859973,7.33078,293.2508283,0.019640553,0
4.72,0,6,1,1,3,1.5,0.320956,1.5,-0.425735231,0
108,1.24,3,2,2,3,50.5,33.666171,101,0.001488218,0
71349.06,14955.28,10,6,4,8,1.643651,0.928332,9.861906236,0.578582578,0
22.27,0,3,1,1,3,101,33.666149,101,0.001554,0
0,14218.1,0,29,1,0,23.724138,0,688,688,0
4432.48,4207.66,5,8,3,5,2.239751,3.582671,17.91800941,0.00465627,0
1165.8,3078.05,597,103,57,131,2.469284,0.775513,254.3362392,-208.6450067,0
0,0,1,1,1,1,1.015082,1.012037,1.01508158,0.00304422,0
0,0,1,1,1,1,2.9875,2.987028,2.9875,0.000471636,0
3.38,0,6,1,1,2,101,16.832787,101,0.003276,0
3.92,0,3,2,2,3,1000.5,666.999528,2001,0.001414909,0
5980.35,18633.46,21,20,2,18,129.97006,123.780506,2599.401197,0.0105747,0
7042.64,2694.86,8,9,8,7,0.880369,0.989884,7.92331804,0.00424956,0
3098.05,4755.44,36,57,2,2,0.417608,0.660712,23.80363138,0.01800865,0
0,0,0,1,1,0,0.250303,0,0.25030333,0.25030333,0
0,0,0,1,1,0,0.804725,0,0.8047254,0.8047254,0
0,4695.7,0,68,5,0,0.582851,0,39.63384266,39.63384266,0
9695.78,1133.48,14,107,6,1,62.635543,478.714007,6702.003081,0.00697876,0
161.24,0.92,2,2,2,2,50.5,50.499508,101,0.000984218,0
6783.5,48019.41,10,20,7,2,19.423552,38.846694,388.4710445,0.004100024,0
0,0,1,1,1,1,0.082618,0.082147,0.08261824,0.000471636,0
2.32,0.07,4,2,2,4,1000.5,500.249528,2001,0.001886545,0
0,125704.72,0,5,5,0,0.580704,0,2.9035219,2.9035219,0
88542.07,8570.37,4,31,14,2,48.003226,372.023677,1488.1,0.00529225,0
1698.92,2127.67,40,341,9,6,0.859973,7.33078,293.2508283,0.019640553,0
4.72,0,6,1,1,3,1.5,0.320956,1.5,-0.425735231,0
108,1.24,3,2,2,3,50.5,33.666171,101,0.001488218,0
71349.06,14955.28,10,6,4,8,1.643651,0.928332,9.861906236,0.578582578,0
22.27,0,3,1,1,3,101,33.666149,101,0.001554,0
0,14218.1,0,29,1,0,23.724138,0,688,688,0
4432.48,4207.66,5,8,3,5,2.239751,3.582671,17.91800941,0.00465627,0
1165.8,3078.05,597,103,57,131,2.469284,0.775513,254.3362392,-208.6450067,0
0,0,1,1,1,1,1.015082,1.012037,1.01508158,0.00304422,0
0,0,1,1,1,1,2.9875,2.987028,2.9875,0.000471636,0
3.38,0,6,1,1,2,101,16.832787,101,0.003276,0
3.92,0,3,2,2,3,1000.5,666.999528,2001,0.001414909,0
3006.86,4005.52,201,96,13,58,1.403574,0.674853,134.7430648,-0.902435158,0
27.44,56995.6,5,5,5,1,30.872545,30.871443,154.3627258,0.00551146,0
0,2636.28,0,2,2,0,1.516592,0,3.03318486,3.03318486,0
8752.43,5591.96,45,21,13,33,1.326523,0.67335,27.85699104,-2.44377345,0
291.05,395.69,102,1029,6,3,1.718702,17.355156,1768.544078,-1.681843281,0
101.53,0,3,1,1,2,101,33.666171,101,0.001488218,0
2.41,0,4,2,2,4,1000.5,500.249528,2001,0.001886545,0
1.85,0.42,4,2,2,4,1000.5,500.249528,2001,0.001886545,0
23.38,0,3,1,1,3,101,33.666149,101,0.001554,0
943.06,491.61,200,199,18,31,0.214437,0.212653,42.67294412,0.14235468,0
4908.92,342.39,13,3,2,6,6.059471,2.987122,18.17841313,-20.65417872,0
1.12,0.07,3,2,2,3,1000.5,666.999528,2001,0.001414909,0
1.47,0.51,4,2,2,4,1000.5,500.249528,2001,0.001886545,0
0,28418.89,0,7,4,0,7.123167,0,49.86216568,49.86216568,0
164.07,0,2,1,1,2,101,50.499487,101,0.001026218,0
35.4,4849.47,4,4,1,4,5.707355,5.706817,22.82941954,0.002152709,0
0,0,1,1,1,1,1.146731,1.14626,1.14673119,0.000471636,0
30.63,464.38,2,2,2,2,0.197746,0.197284,0.39549182,0.000924,0
164.23,0.82,2,2,2,2,50.5,50.499487,101,0.001026218,0
45175.21,3038.49,3,2,1,2,11.725,7.816219,23.45,0.001341788,0
3763.26,14992.81,111,44,15,71,5.815802,2.723937,255.8953091,-46.46172265,0
1050.5,887.86,689,754,405,448,1.664167,1.520558,1254.782141,207.1173992,0
1122.25,1282.61,130,780,4,33,0.372137,2.22953,290.2671681,0.428220497,0
2739.72,10168.41,3,29,3,3,0.437161,3.989862,12.67767492,0.708089991,0
0,0,1,1,1,1,0.160343,0.159761,0.16034303,0.000581532,0
0,6162.7,0,23,6,0,4.272191,0,98.26038342,98.26038342,0
0,9144.25,0,22,2,0,0.895455,0,19.70001994,19.70001994,0
164.02,0,2,1,1,2,101,50.499487,101,0.001026218,0
0,26622.26,0,16,3,0,0.209776,0,3.356423455,3.356423455,0
15942.89,15381.55,16,8,2,6,4.868292,2.433125,38.94634,0.016333104,0
160.85,0,2,1,1,2,101,50.499508,101,0.000984218,0
0,0,1,1,1,1,2.426697,2.426129,2.42669718,0.000568067,0
80.38,4773.83,45,45,3,2,1.049793,1.069182,47.24068776,-0.8724878,0
162.5,0.24,2,2,2,2,50.5,50.499487,101,0.001026218,0
7285.93,10563.11,89,20,9,47,3.105292,0.864864,62.10584646,-14.86703173,0
2.29,0.51,3,2,2,3,1000.5,666.999528,2001,0.001414909,0
0,0,1,1,1,1,0.1,0.099376,0.1,0.000623718,0
0,0,1,1,1,1,0.05,0.04938,0.05,0.00062,0
60.23,40069.08,8,9,7,1,0.23674,0.263985,2.130655868,0.018777798,0
0,0,1,1,1,1,0.1,0.099528,0.1,0.000471636,0
22117.88,1572.41,22,118,7,11,150.576766,1131.199345,17768.05834,-7118.327247,0
1441.86,12062.56,77,69,31,47,0.225705,0.122955,15.5736161,6.106116102,0
101886.09,2839.59,3,3,1,1,27.033333,27.032597,81.1,0.002210436,0
3149.31,27519.99,30,30,10,2,6.329868,6.327949,189.896049,0.057591335,0
12208.09,25645.92,21,12,12,15,0.372832,0.21174,4.47397938,0.027433427,0
0,0,1,1,1,1,0.255239,0.254619,0.25523878,0.00062,0
658.14,2437.79,66,222,3,45,0.248152,0.753968,55.08978712,5.327901008,0
4.1,6085.99,12,12,5,1,18.367617,18.365975,220.4114,0.0196976,0
164.02,0.06,2,2,2,2,50.5,50.499487,101,0.001026218,0
4.39,0.03,3,2,2,3,1000.5,666.999528,2001,0.001414909,0
2.63,21610.71,18,19,5,1,0.670335,0.707156,12.73636704,0.007560004,0
4.89,3070.14,6,6,3,6,0.290609,0.290154,1.743654493,0.002731509,0
17.38,10182.98,2,2,2,2,0.306066,0.305625,0.61213235,0.000882,0
7.17,11967.99,7,7,3,1,5.06824,5.066455,35.47767939,0.01249702,0
6.71,0.03,3,2,2,3,1000.5,666.999528,2001,0.001414909,0
108.03,0.5,3,2,2,2,50.5,33.666171,101,0.001488218,0
82.42,32066.36,26,28,12,3,2.113932,2.276186,59.19010013,0.009273655,0
0,2383,0,134,2,0,0.273318,0,36.62462254,36.62462254,0
2899.12,3174.58,226,151,15,121,13.956481,9.322676,2107.428665,0.503980684,0
3.38,4822.9,9,9,6,1,138.753154,138.751096,1248.778387,0.018523299,0
160.51,0.48,2,3,3,2,33.666667,50.499508,101,0.000984218,0
6643.94,17943.66,65,9,4,34,0.614293,0.237008,5.5286377,-9.876883204,0
0,12201.17,0,8,3,0,26.66075,0,213.286,213.286,0
0,0,1,1,1,1,0.259262,0.258642,0.25926214,0.00062,0
22.29,0,3,1,1,3,101,33.666149,101,0.001554,0
5.05,9865.18,12,12,12,1,5.40137,5.400921,64.81643431,0.005380773,0
0,0,0,1,1,0,1.3716,0,1.3716,1.3716,0
13.47,3226.94,177,220,9,2,1.707317,2.121669,375.609692,0.074340004,0
0,0,1,1,1,1,0.1,0.099496,0.1,0.000504,0
16132.01,8902.85,51,28,8,17,653.146887,337.558039,18288.11284,1072.652838,0
4.09,11651.26,3,3,1,1,58.333333,58.332611,175,0.002166357,0
164.68,0,2,1,1,2,101,50.499508,101,0.000984218,0
23.73,0,3,2,2,3,50.5,33.666148,101,0.001555573,0
0,0,1,1,1,1,11,10.99938,11,0.00062,0
0,797,0,4,2,0,0.835276,0,3.341102706,3.341102706,0
5230.72,7120.41,20,30,6,14,1.985737,2.977908,59.57211652,0.01395652,0
0,2469.61,0,118,3,0,0.204314,0,24.109097,24.109097,0
4.03,19642.5,4,4,1,4,15.449695,15.449262,61.7987803,0.001731636,0
25.54,0,3,2,2,3,50.5,33.666159,101,0.001523001,0
12584.12,7560.42,24,4,2,8,3.031477,0.504006,12.12590948,0.029754858,0
16.97,8.65,9993,7,5,1,2.002857,0,14.02,14.02,0
161.06,0,2,1,1,2,101,50.499508,101,0.000984218,0
2.45,0.66,3,2,2,3,1000.5,666.999528,2001,0.001414909,0
24.66,0,2,1,1,2,101,50.499475,101,0.00105,0
12.89,20.6,4858,5142,6,1,0.136453,0.141071,701.642526,16.3204347,0
7136.72,1297.21,68,66,1,1,5.121103,7.647553,337.9928154,-182.0408034,0
22.16,0,3,1,1,3,101,33.666149,101,0.001554,0
26.23,2038.88,57,171,3,1,1.177893,3.532704,201.4196573,0.055521832,0
2.18,0,4,2,2,4,1000.5,500.249528,2001,0.001886545,0
23.79,0,3,1,1,3,101,33.666149,101,0.001554,0
80082.1,14116.14,8,6,3,7,22.5104,26.72625,135.0624,-78.7476,0
7.63,1039.33,479,483,2,2,0.266841,0.268005,128.8844324,0.510233305,0
28977.81,10212.54,8,5,4,7,0.814436,0.50831,4.072181,0.0056988,0
156648.25,103823.58,6,4,1,5,0.925,0.616198,3.7,0.002809799,0
161.98,0.63,2,2,2,2,50.5,50.499508,101,0.000984218,0
217.16,95146.07,6,3,3,4,10.231283,5.115166,30.69385,0.00285141,0
69.66,1601.46,16,16,14,3,1.516531,1.515665,24.26449828,0.01386,0
4.37,5238.78,5,6,1,5,28.387295,34.064295,170.3237689,0.002293866,0
2.66,0,3,2,2,3,1000.5,666.999528,2001,0.001414909,0
23.33,0.33,3,2,2,3,50.5,33.666149,101,0.001554,0
163765.76,0,2,1,1,2,0.002465,0.000238,0.00246512,0.00198968,0
22.26,0,3,1,1,3,101,33.666149,101,0.001554,0
24.06,0.52,3,2,2,3,50.5,33.666149,101,0.001554,0
9.69,24586.57,17,17,2,2,0.15236,0.150882,2.59011959,0.0251333,0
11916.05,10124.36,3,4,1,1,20.075,26.763021,80.3,0.01093687,0
0,0,1,1,1,1,0.062837,0.062365,0.062837,0.000471636,0
13268.92,0,2,1,1,2,5.995922,2.99752,5.99592231,0.000882,0
1277.32,322.17,14,9,4,12,6.277417,4.034428,56.4967501,0.0147641,0
4158.36,17342.81,10,17,2,4,0.485992,0.825745,8.261856304,0.00441,0
1081.32,25099.97,37,38,14,19,56.673912,58.205223,2153.608663,0.015400144,0
15898.29,8205.72,9,12,1,1,7.775261,10.366533,93.30313108,0.004331063,0
0,2844.81,0,86,3,0,0.93839,0,80.70154464,80.70154464,0
41.96,21174.68,48,48,25,3,1.764335,1.765778,84.68806692,-0.069255891,0
5951.01,5739.43,179,41,15,112,1.980179,0.796748,81.18732065,-61.43048598,0
22.88,0,3,1,1,3,101,33.666149,101,0.001554,0
22.53,1404.93,191,226,4,1,0.318338,0.376196,71.9442821,0.090900208,0
0,1817.65,0,191,6,0,0.594484,0,113.5465371,113.5465371,0
81.2,0.16,4,2,2,2,50.5,25.249491,101,0.002034218,0
82.71,3786.61,3,3,2,1,0.24454,0.243771,0.733619085,0.002305869,0
3521.13,2374.39,7,26,5,3,2.806282,10.423143,72.96334362,0.001344,0
0,0,1,1,1,1,10,9.9978,10,0.0022,0
16245.01,5100.66,5,2,2,5,0.87952,0.351516,1.7590392,0.0014592,0
1.31,0.12,3,2,2,3,1000.5,666.999528,2001,0.001414909,0
21.26,999.23,4,10,8,3,2.6395,6.59825,26.395,0.002,0
7945.11,30621.26,13,26,4,4,17.933638,35.866468,466.2745866,0.010502715,0
24.54,1454.84,227,246,1,1,0.049222,0.051508,12.10849027,0.416227041,0
26.22,0.14,3,3,3,3,33.666667,33.666163,101,0.001512,0
51.49,3169.13,3,3,1,1,0.703064,0.702644,2.10919344,0.00126,0
1416.01,1278.25,319,73,26,86,51.687819,11.826108,3773.210797,0.682390881,0
16638.96,11.86,9,2,1,6,0.01,0.001757,0.02,0.004183137,0
0,0,1,1,1,1,1.737815,1.737195,1.73781507,0.00062,0
0,25197.07,0,9,5,0,6.031978,0,54.2878,54.2878,0
5.83,0.42,3,2,2,3,1000.5,666.999528,2001,0.001414909,0
13080.93,0,11,1,1,5,1.24,0.299099,1.24,-2.050088232,0
12.15,0,4,1,1,3,101,25.249475,101,0.0021,0
447.54,8294,663,12,5,11,109.5925,6.377241,1315.11,-2913.001071,0
1.37,0.97,5,2,2,4,1000.5,400.199528,2001,0.002358181,0
21.02,0,3,1,1,3,101,33.666149,101,0.001554,0
0,0,1,1,1,1,10,9.99938,10,0.00062,0
284.32,4003.99,52,53,3,2,0.190402,0.193643,10.09128321,0.021861,0
162.16,0.33,2,2,2,2,50.5,50.499508,101,0.000984218,0
6.41,9.42,3439,6587,4702,246,19.065487,31.797419,125584.3629,16233.03779,0
0,0,1,1,1,1,0.1,0.09938,0.1,0.00062,0
0,0,1,1,1,1,25.9326,25.932159,25.9326,0.000441,0
23.04,225299.27,3,3,2,3,1.165702,1.164917,3.497105,0.00235417,0
5.55,35186.79,9,9,1,9,32.077778,32.077039,288.7,0.006647738,0
0,1380.15,0,145,9,0,0.811719,0,117.6992552,117.6992552,0
63097.77,0,3,1,1,1,1.19,0.396409,1.19,0.00077165,0
12.3,17566.13,9,9,8,1,2.745052,2.744369,24.70547244,0.006150478,0
15.54,28400.12,8,8,2,1,1.164951,1.163196,9.319606465,0.014039145,0
7610.37,4136.59,101,44,24,40,16.714105,7.357895,735.4206085,-7.7267915,0
18500.31,15873.5,12,2,2,7,0.840081,0.184273,1.680161366,-0.531118594,0
166.69,0,2,2,2,2,50.5,50.499487,101,0.001026218,0
15.32,814.78,1907,1944,10,3,3.489936,3.556806,6784.436291,1.607545086,0
2281.93,3436.6,127,142,78,82,56.947544,61.449007,8086.55124,282.5272953,0
0,19187.6,0,11,5,0,5.451885,0,59.9707314,59.9707314,0
29798.8,100.81,3,2,2,3,1.003493,0.668512,2.00698545,0.001449,0
158.07,1.27,2,2,2,2,50.5,50.499286,101,0.001428506,0
54.33,0.01,6,3,3,2,33.666667,16.832826,101,0.003042218,0
0,26492.58,0,11,4,0,1.675288,0,18.42817348,18.42817348,0
159.86,0.29,2,3,3,2,33.666667,50.499508,101,0.000984218,0
0,9813.68,0,9,2,0,12.635538,0,113.719838,113.719838,0
111.76,0,3,2,2,3,50.5,33.666165,101,0.001506437,0
0,1371.95,0,145,4,0,0.652783,0,94.65359768,94.65359768,0
80522.21,32117.77,7,11,5,4,0.05917,0.09262,0.650871651,0.002530143,0
465.24,9994.45,16,46,2,1,0.562845,1.617078,25.89087267,0.01761768,0
14.53,0,3,1,1,3,101,33.666149,101,0.001554,0
4367.66,377.69,10,301,2,1,4.651466,140.007726,1400.091408,0.01414601,0
161.23,0.82,2,2,2,2,50.5,50.499487,101,0.001026218,0
164.94,0,2,1,1,2,101,50.499508,101,0.000984218,0
2.88,42674.99,3,3,2,1,1,0.999469,3,0.001593072,0
0,1116.86,0,601,1,0,0,0,0,0,0
2656.38,93557.4,17,10,9,13,3.274188,1.925012,32.74187691,0.01666615,0
22.79,0,3,1,1,3,101,33.666149,101,0.001554,0
0,0,1,1,1,1,3.004,0.001,3.004,3.003,0
1.62,0.42,3,2,2,3,1000.5,666.999528,2001,0.001414909,0
9074.14,15294.9,21,41,26,14,1.425842,3.258437,58.45951612,-9.967650487,0
0,0,1,1,1,1,7,6.9978,7,0.0022,0
27614.23,2.98,10,2,2,6,5.530844,0.927073,11.06168708,1.790954554,0
21.68,0,3,1,1,3,101,33.666149,101,0.001554,0
0,1353.36,0,387,5,0,0.944236,0,365.4192305,365.4192305,0
6.01,0.42,3,2,2,3,1000.5,666.999528,2001,0.001414909,0
1.69,12.47,9998,28,2,1096,8.399008,7.260798,235.1722144,-72358.28283,0
0,0,1,1,1,1,0.132145,0.131641,0.13214493,0.000504,0
160.63,0.21,2,2,2,2,50.5,50.499508,101,0.000984218,0
107.53,0,3,1,1,3,101,33.666179,101,0.001464437,0
0,0,1,1,1,1,1,0.999418,1,0.000581532,0
0,2612.64,0,77,5,0,0.235355,0,18.12230876,18.12230876,0
0,0,0,1,1,0,1.1,0,1.1,1.1,0
40.68,39.23,2,2,2,1,0.612425,0.610515,1.22484933,0.00381838,0
21.22,0,3,1,1,3,101,33.666149,101,0.001554,0
16.71,0,3,1,1,3,101,33.666149,101,0.001554,0
1095.59,9174,303,4,2,84,0.1025,0.000449,0.41,0.274101639,0
0,14353.45,0,7,4,0,5.35476,0,37.48332022,37.48332022,0
0,0,1,1,1,1,3.805,3.80438,3.805,0.00062,0
162.22,0.33,2,2,2,2,50.5,50.499508,101,0.000984218,0
0,7418.99,0,29,3,0,12.051724,0,349.5,349.5,0
1.71,133.99,2,2,1,1,10.049496,10.048704,20.098992,0.00158414,0
2874.95,10706.88,29,19,8,11,8.586707,5.625053,163.1474276,0.020889679,0
9972.12,7929.51,31,34,17,10,13.017899,20.128996,442.6085757,-181.3902903,0
0,16063.69,0,7,2,0,11.166914,0,78.16840001,78.16840001,0
9300.62,22033.67,15,4,2,8,15.6705,4.177613,62.682,0.0178,0
98.14,19.37,5595,4405,1840,2074,32.642654,25.442303,143790.8925,1441.209369,0
6.69,10997.57,7,8,2,1,5.361334,6.126275,42.89067312,0.0067454,0
14.83,0,3,1,1,3,101,33.666149,101,0.001554,0
2238.59,916.91,39,283,4,29,0.531187,4.007859,150.3258684,-5.9806327,0
0,282.14,0,1400,7,0,1.196889,0,1675.645092,1675.645092,0
3895.33,20374.06,9,3,3,3,0.023333,0.006616,0.07,0.01045526,0
0,0,1,1,1,1,10,9.99938,10,0.00062,0
358.22,5752.2,1540,52,13,96,106.439104,4.157208,5534.833414,-867.2674385,0
3.59,0.73,101,14,14,101,714.357143,99.019297,10001,0.051042485,0
23.46,0.44,3,2,2,3,50.5,33.666148,101,0.001555573,0
18926.18,9298.3,31,23,11,31,5.428792,3.801038,124.8622054,7.03003382,0
0,0,1,1,1,1,5,4.9978,5,0.0022,0
0,0,1,1,1,1,0.071073,0.070631,0.07107254,0.00044144,0
0,0,0,1,1,0,1.255176,0,1.25517592,1.25517592,0
19.58,0,3,1,1,3,101,33.666149,101,0.001554,0
0,0,1,1,1,1,3.788,3.78738,3.788,0.00062,0
10164.5,12631.84,51,19,12,29,1.353713,0.933334,25.72055493,-21.87946221,0
0,0,1,1,1,1,1.4,1.398953,1.4,0.001046957,0
163.9,0,2,1,1,2,101,50.499508,101,0.000984218,0
0,0,1,1,1,1,2.187998,2.187378,2.187998,0.00062,0
2.9,9311.69,9,9,6,1,24.472503,24.472083,220.2525261,0.00378,0
161.55,0.82,2,2,2,2,50.5,50.499487,101,0.001026218,0
162.67,0.82,2,2,2,2,50.5,50.499487,101,0.001026218,0
2.86,29123.29,2,2,2,1,1.574814,1.574282,3.14962741,0.001063501,0
5710.6,0,9,1,1,1,0.046656,0,0.04665627,0.04665627,0
162.69,0.6,2,2,2,2,50.5,50.499508,101,0.000984218,0
8986.2,0,2,1,1,2,1.99,0.99,1.99,0.01,0
0,0,1,1,1,1,3.608504,3.608032,3.60850362,0.000471636,0
56995.84,4513.41,3,38,1,2,0.049098,0.621471,1.865735493,0.001323,0
0,3689.47,0,79,4,0,1.026426,0,81.08762066,81.08762066,0
33.44,0,3,1,1,3,101,33.666163,101,0.001512,0
7.24,10465.14,6,6,1,6,0.374637,0.374039,2.24782087,0.003584692,0
0,52760.38,0,4,2,0,29.25,0,117,117,0
25674.41,11528.26,12,12,10,9,2.810939,2.808161,33.73126287,0.033334125,0
163.93,0,2,1,1,2,101,50.499508,101,0.000984218,0
271.76,1468.42,115,586,4,38,1.039054,5.100446,608.8857576,22.33444809,0
23.33,0.33,3,2,2,3,50.5,33.666149,101,0.001554,0
10.34,1049.93,906,942,12,2,58.585345,60.91189,55187.39509,1.22310864,0
0,0,1,1,1,1,2.479332,2.478712,2.47933247,0.00062,0
165.32,0.07,2,3,3,2,33.666667,50.499487,101,0.001026218,0
32.36,0,3,1,1,3,101,33.666163,101,0.001512,0
16.7,0,4,1,1,3,101,25.249475,101,0.0021,0
15.48,0,3,1,1,3,101,33.666149,101,0.001554,0
4839.86,16914.2,76,39,19,36,9.977856,5.391904,389.1363885,-20.64829233,0
33.63,1810.22,95,227,3,1,0.443605,1.058226,100.6983783,0.166916557,0
49943.82,2368.78,8,7,3,6,1099.998458,211.25,7699.989207,6009.989207,0
5178.6,10214.36,8,13,2,8,0.100988,0.163664,1.312841557,0.003528375,0
8123.58,15157.7,74,25,22,52,11.440381,3.785357,286.0095145,5.893079808,0
158.92,0,2,1,1,2,101,50.499508,101,0.000984218,0
6.33,827,200,153,9,199,16.394741,12.541513,2508.395377,0.092767484,0
0,0,1,1,1,1,1,0.999214,1,0.00078606,0
63.77,0.53,5,2,2,4,50.5,20.199501,101,0.002496218,0
9510.07,3245.11,29,41,4,8,31.637018,49.810345,1297.117758,-147.3822422,0
0,2159.83,0,105,4,0,0.267004,0,28.03546872,28.03546872,0
43639.38,5241.97,5,4,4,5,62.182347,49.745562,248.7293889,0.001578607,0
14.55,0,4,1,1,3,101,25.249475,101,0.0021,0
22.72,0,3,1,1,3,101,33.666149,101,0.001554,0
0,4367.91,0,65,9,0,1.981794,0,128.8165792,128.8165792,0
2241.31,3163.31,271,127,51,167,14.252174,6.818325,1810.026085,-37.73999853,0
0,1655.11,0,137,3,0,0.863885,0,118.3523082,118.3523082,0
0,0,1,1,1,1,2.88339,2.88297,2.88339041,0.00042,0
0,1484.33,0,134,3,0,0.466209,0,62.47204611,62.47204611,0
540.28,11640.84,15,10,7,6,0.996081,0.728968,9.960810645,-0.973706956,0
8.03,28908.46,2,2,2,1,21.426544,21.422674,42.85308779,0.007740133,0
0,0,0,1,1,0,0.001,0,0.001,0.001,0
30130.14,21928.78,5,6,3,5,0.511538,0.613313,3.06922974,0.002667,0
35745.78,147330.43,5,5,5,2,0.030237,0.029726,0.151184592,0.0025557,0
202252.36,13562.51,2,6,2,1,2.358151,7.073171,14.1489036,0.002561992,0
7004.39,3536.66,2,4,3,2,3.25729,1.51853,13.02916,9.9921,0
304.04,3971.25,15,18,2,1,0.868498,1.041497,15.63296467,0.010507718,0
399.74,3543.68,7,11,10,1,1.483379,2.330503,16.31717022,0.003646,0
13.84,0,3,1,1,3,101,33.666149,101,0.001554,0
162.48,0.26,2,3,3,2,33.666667,50.499508,101,0.000984218,0
23.98,0.25,3,2,2,3,50.5,33.666152,101,0.001544256,0
0,0,1,1,1,1,2.242154,2.241534,2.24215432,0.00062,0
157.46,0,2,1,1,2,101,50.499508,101,0.000984218,0
0,0,1,1,1,1,0.049,0.046721,0.049,0.002278827,0
137489.38,8157.59,4,3,2,2,5.54753,4.160093,16.64259037,0.002218699,0
0,0,1,1,1,1,6.031587,6.031083,6.03158661,0.000504,0
35.63,0.82,9,2,2,3,50.5,11.221465,101,0.006812682,0
6086.4,181.83,7,3,1,6,0.718,0.880142,2.154,-4.006991959,0
54.37,3596.58,85,237,4,1,0.356938,0.994212,84.59420661,0.086176392,0
2203.76,24242.04,39,28,14,18,0.89475,0.641489,25.05298766,0.034920651,0
106.83,0.6,3,2,2,3,50.5,33.666179,101,0.001464437,0
11789.81,5080.5,7,5,2,6,2.036677,1.451518,10.18338359,0.022755334,0
543.68,140802.81,180,2,2,3,0.746,0.006572,1.492,0.309,0
0,7086.74,0,32,6,0,3.429391,0,109.7405214,109.7405214,0
4636.83,3522.14,54,74,3,1,0.12541,0.170878,9.280326294,0.052902445,0
160.91,1.21,2,2,2,2,50.5,50.499508,101,0.000984218,0
14.7,61333.2,10,10,2,2,0.141095,0.140548,1.41095273,0.005474119,0
0,0,1,1,1,1,0.154393,0.152193,0.15439348,0.0022,0
2.11,0,3,2,2,3,1000.5,666.999528,2001,0.001414909,0
22.29,0,3,1,1,3,101,33.666149,101,0.001554,0
0,0,1,1,1,1,0.255252,0.254632,0.255251806,0.00062,0
161.34,0,2,1,1,2,101,50.499492,101,0.00101578,0
64156.09,38068.75,9,9,3,3,113.80685,115.098875,1024.261652,-11.62822333,0
705.79,2807.26,284,123,54,89,40.278906,19.686058,4954.305436,-636.5351088,0
26.2,2225.82,173,497,4,1,0.586175,1.683325,291.3287717,0.1134862,0
0,22101.7,0,9,3,0,1.820029,0,16.38026004,16.38026004,0
6208.53,14828.71,11,6,3,9,14.469703,5.165039,86.81821533,30.00278293,0
17439.26,19604.18,48,23,9,36,8.195674,3.843092,188.5005062,4.03208544,0
161.96,0.75,2,3,3,2,33.666667,50.499508,101,0.000984218,0
77025.79,3194.35,5,12,2,2,47.591667,114.219105,571.1,0.00447285,0
0,7581.44,0,136,6,0,1.931871,0,262.7344024,262.7344024,0
22695.66,0,8,1,1,7,36.999582,4.624507,36.99958179,0.003528,0
103.87,0,3,1,1,2,101,33.666171,101,0.001488218,0
25.06,119.08,9984,16,4,2886,3.096523,0.002997,49.54436408,19.62396408,0
0,0,1,1,1,1,0.01,0.009528,0.01,0.000471636,0
2649.44,10021.83,42,89,35,29,0.743069,1.273845,66.13313229,12.63163229,0
28370.81,1014.25,8,2,1,3,2.052286,0.511496,4.10457274,0.012603611,0
0,54306.65,1,2,2,1,0.26649,0.500542,0.5329794,0.03243759,0
37115.4,57800.81,9,7,2,4,1.307003,1.149383,9.14902365,-1.195425888,0
0,4614.21,0,8,6,0,2.56695,0,20.53560397,20.53560397,0
162,1.68,2,2,2,2,50.5,50.499487,101,0.001026218,0
160.78,0.5,2,2,2,2,50.5,50.499508,101,0.000984218,0
106.57,0.3,3,2,2,2,50.5,33.666171,101,0.001488218,0
176900.38,1356.74,5,2,1,5,200.06835,80.026997,400.1367,0.001713852,0
2957.69,3739.81,150,145,3,150,0.129996,0.125191,18.84938257,0.070729763,0
1828.06,4667.56,27,30,5,10,0.407843,0.452714,12.23528503,0.012012,0
10310.12,4803.89,10,7,3,4,4.728489,3.3071,33.09942308,0.02842308,0
0,1547.17,0,130,4,0,0.605688,0,78.73938539,78.73938539,0
433.46,139128.79,9,5,5,7,0.256154,0.141919,1.28077104,0.00350412,0
24.18,0.33,3,2,2,3,50.5,33.666149,101,0.001554,0
21.2,0,3,1,1,3,101,33.666149,101,0.001554,0
25.28,0.23,3,2,2,3,50.5,33.666163,101,0.001512,0
0,5669.39,0,40,5,0,0.742877,0,29.71509743,29.71509743,0
6377.5,26662.47,5,4,3,4,6.019384,4.815123,24.077538,0.001921772,0
130.59,4044.13,207,239,4,3,0.06316,0.072603,15.09527797,0.066456251,0
11160.05,4734.65,53,17,14,47,0.32932,0.101045,5.598443208,0.243034874,0
498.77,4329.59,25,55,1,4,0.10291,0.225863,5.660034921,0.013461,0
61095.15,4126.96,3,7,7,3,0.693808,1.583618,4.856653556,0.105799476,0
18.83,0,3,1,1,3,101,33.666149,101,0.001554,0
0,16442.71,0,9,6,0,2.25982,0,20.33837652,20.33837652,0
6180.19,3503.34,74,27,14,38,3.704406,1.856308,100.0189594,-37.34786957,0
154.97,0,2,1,1,2,101,50.499508,101,0.000984218,0
0,0,1,1,1,1,0.595,0.594496,0.595,0.000504,0
39.05,4254.59,70,94,16,7,30.462398,40.905797,2863.465396,0.05964,0
0,3418.04,0,67,5,0,0.574868,0,38.51615993,38.51615993,0
22.27,0,3,1,1,3,101,33.666149,101,0.001554,0
1.46,0,3,2,2,3,1000.5,666.999528,2001,0.001414909,0
0,1692.15,0,134,3,0,0.424256,0,56.850304,56.850304,0
4.71,5868.39,106,106,6,1,1.031577,1.031157,109.3471275,0.044520003,0
0,1717.95,0,132,5,0,0.688358,0,90.86329272,90.86329272,0
2377.24,31322.6,14,9,9,7,0.517354,0.329371,4.6561821,0.0449821,0
157.75,0,2,1,1,2,101,50.499508,101,0.000984218,0
7.44,13181.85,6,6,4,1,25.309423,25.308661,151.8565381,0.00457468,0
20.56,7535.25,25,25,1,25,0.102565,0.102063,2.56412213,0.012543884,0
0,0,1,1,1,1,0.929573,0.928445,0.92957276,0.001128192,0
11131.27,3739.28,15,37,5,11,0.519498,1.28101,19.22143333,0.006280327,0
20308.17,5796.65,23,29,13,13,594.142796,1191.440581,17230.14107,-10172.99228,0
163.07,0.06,2,4,4,2,25.25,50.499487,101,0.001026218,0
160.97,0.63,2,2,2,2,50.5,50.499508,101,0.000984218,0
84210.84,12907,3,2,2,3,0.316311,0.21008,0.63262273,0.00238395,0
52.45,53.48,4707,5295,5183,2615,9.722319,10.945701,51479.67876,-41.7379145,0
33772.6,23070.09,8,6,5,4,50.693054,38.019193,304.1583243,0.004783857,0
3.16,14430.54,3,3,3,1,3.153333,3.152863,9.46,0.001409846,0
745.89,18610.15,13,16,2,1,5.079551,6.250407,81.27281531,0.01752097,0
363.07,4272.16,230,241,3,8,0.882273,0.92321,212.6278593,0.289525598,0
0,0,1,1,1,1,0.888333,0.887862,0.88833328,0.00047166,0
93653.5,23400.61,7,8,2,2,62.45441,71.375139,499.63528,0.0093045,0
24559.1,10574.55,12,7,7,9,0.35468,0.185557,2.4827632,0.25607421,0
2.73,1597.27,3,3,3,1,0.390032,0.389515,1.17009666,0.001551118,0
1898.41,4227.32,3,5,2,3,0.872678,1.440486,4.3633906,0.041932,0
2.86,19070.37,28,28,1,1,2.298553,2.298133,64.35948599,0.01176,0
6729.81,10393.43,2,3,2,2,1.667887,2.501389,5.0036603,0.000882,0
105.38,0.63,3,2,2,3,50.5,33.666171,101,0.001488218,0
0,1972.06,0,115,5,0,0.936017,0,107.6419719,107.6419719,0
10.06,1294.58,1034,1038,3,2,0.122084,0.121559,126.7230467,1.030555026,0
107.37,0.63,3,2,2,2,50.5,33.666171,101,0.001488218,0
159.52,1779.8,3,2,2,3,1.249556,0.832541,2.49911184,0.001489,0
5630.5,2249.97,5,12,4,1,9.963303,23.911466,119.5596388,0.00231,0
4488.09,19004.3,19,15,11,12,0.736232,0.580435,11.04347606,0.015214967,0
21.77,0,3,1,1,3,101,33.665988,101,0.002035312,0
30541.58,872.27,4,2,1,1,61.232126,30.615559,122.4642523,0.002016,0
28508.11,26.83,4,3,1,2,3.658333,2.743309,10.975,0.001764,0
2.32,2.33,4,2,2,2,0.0035,0.00111,0.007,0.002558,0
3368.53,85188.31,12,8,6,9,1.642418,1.09426,13.13934317,0.00822205,0
0,26149.4,0,5,4,0,25.682267,0,128.4113329,128.4113329,0
3.22,663.87,2,2,1,2,2.17855,2.178094,4.3571009,0.000912636,0
2.82,0,3,2,2,3,1000.5,666.999528,2001,0.001414909,0
105.94,0.3,3,2,2,3,50.5,33.666179,101,0.001464437,0
289.29,115608.37,14,9,8,10,0.755767,0.485488,6.80190203,0.00506931,0
155.89,0,2,1,1,2,101,50.499508,101,0.000984218,0
0,6157.04,1,2,2,1,1.046675,0.5,2.09335,1.59335,0
18.42,0,4,3,3,4,33.666667,25.249492,101,0.002030037,0
25.84,0.28,3,2,2,3,50.5,33.666163,101,0.001512,0
292.75,2470.08,99,261,2,2,0.284493,0.749548,74.2527688,0.047508608,0
22.67,0,8076,0,0,1,0,0,0,0,0
1455.22,5290.05,111,69,17,45,2.695748,3.24691,186.0066362,-174.4003638,0
4328.42,4106.11,100,99,27,60,100.706921,99.698635,9969.985179,0.121652576,0
12706.76,10101.82,43,79,4,18,0.291566,0.530205,23.03373234,0.234914428,0
122828,0,3,1,1,3,0.255259,0.084531,0.25525902,0.001665985,0
23.21,0,3,2,2,3,50.5,33.666149,101,0.001554,0
35.6,0,3,1,1,3,101,33.666163,101,0.001512,0
21914.17,14525.41,15,18,1,2,0.878932,1.05423,15.8207773,0.007320035,0
2.78,1553.67,2,2,1,2,3.231838,3.231381,6.46367525,0.000912636,0
3.28,18383.4,8,8,8,1,1.406826,1.405192,11.25461149,0.01307674,0
16.5,87.24,3076,6924,6,1,3.445706,7.751957,23858.06828,13.04801252,0
5373.72,8592.08,15,71,7,12,15.68105,75.556673,1113.354524,-19.99556875,0
0,1259.27,0,386,5,0,1.01317,0,391.0834414,391.0834414,0
0,20170.01,0,3,3,0,4.96632,0,14.89896107,14.89896107,0
0,8306.95,0,96,16,0,386.523317,0,37106.23846,37106.23846,0
9.85,1650.83,122,121,4,1,0.053027,0.052039,6.416314365,0.067614405,0
11083.99,4516.14,33,44,26,2,26.945342,35.926619,1185.595062,0.016635661,0
0,0,1,1,1,1,0.127438,0.126934,0.127438,0.000504,0
12.24,66875.35,9,9,6,3,9.736917,9.73634,87.63225,0.00519,0
3.71,0,3,2,2,3,1000.5,666.99939,2001,0.001830667,0
4.03,13959.96,8,8,3,1,0.625112,0.624692,5.00089861,0.00336,0
1756.97,12971.59,10,9,3,1,0.497328,0.486394,4.475956074,-0.387987946,0
2504.74,15517.43,29,16,12,16,4.624492,2.54931,73.99187131,0.061871314,0
8.77,26845.82,3,4,1,3,34.468428,45.957441,137.873711,0.001389318,0
19.09,1897.7,579,583,5,3,9.787169,9.853729,5705.919714,0.610573756,0
83.12,0.02,4,2,2,2,50.5,25.24947,101,0.002118218,0
106.72,0,3,1,1,2,101,33.666171,101,0.001488218,0
6.65,6779.44,6,7,4,1,0.224742,0.254578,1.57319256,0.045726497,0
0.93,12723.98,12,12,1,2,7.265951,7.265111,87.19141587,0.01008,0
25.03,0.14,3,3,3,3,33.666667,33.666163,101,0.001512,0
162.1,0.82,2,2,2,2,50.5,50.499487,101,0.001026218,0
162.97,0.04,2,2,2,2,50.5,50.499286,101,0.001428506,0
2.89,0.74,3,2,2,3,1000.5,666.999528,2001,0.001414909,0
0,0,1,1,1,1,6.6,6.5978,6.6,0.0022,0
18.43,0,3,1,1,3,101,33.666149,101,0.001554,0
4304.14,6976.86,10,5,4,5,0.497692,0.247895,2.48845799,0.009506492,0
161.78,0.84,2,2,2,2,50.5,50.499508,101,0.000984218,0
0,22346.56,0,9,3,0,10.389878,0,93.5089,93.5089,0
162.94,0.03,2,26,26,2,3.884615,50.499508,101,0.000984218,0
0,656.2,0,295,6,0,0.78885,0,232.710841,232.710841,0
160.52,0,2,1,1,2,101,50.499508,101,0.000984218,0
13.13,505.98,3632,3707,7,3,1.898441,1.937086,7037.521006,2.024412174,0
34.61,0,3,1,1,3,101,33.666163,101,0.001512,0
2.15,240.45,4,5,4,1,0.222745,0.277903,1.11372333,0.002109427,0
0,1679.86,0,135,3,0,0.423821,0,57.21584368,57.21584368,0
94.65,1784.99,516,638,78,3,36.170982,48.257717,23077.08677,-1823.89507,0
0,2128.88,0,150,3,0,0.770231,0,115.5346243,115.5346243,0
3.02,1654.4,113,113,2,1,0.209202,0.208782,23.63979405,0.047460004,0
3.17,2484.04,32,32,14,1,1.093747,1.093327,34.99991074,0.013440002,0
0,0,0,1,1,0,0,0,0,0,0
0,1490.01,0,135,5,0,0.396618,0,53.54340471,53.54340471,0
162.76,0.37,2,2,2,2,50.5,50.499508,101,0.000984218,0
0,0,0,1,1,0,0.051461,0,0.05146112,0.05146112,0
53.34,823.96,306,314,2,3,2.062174,2.115667,647.5226629,0.128541003,0
0,0,1,1,1,1,9.136005,9.135534,9.13600521,0.000471636,0
11129.38,3594.92,64,21,12,42,6.1334,2.086919,128.8013958,-4.76145073,0
86.65,4899.29,168,168,3,3,0.842743,0.842322,141.5807585,0.070581001,0
2.11,0,3,2,2,3,1000.5,666.999528,2001,0.001414909,0
23.43,0,3,1,1,3,101,33.666149,101,0.001554,0
5600.77,23121.95,68,27,14,45,28.168879,11.183326,760.5597418,0.093567889,0
2.89,0,3,2,2,3,1000.5,666.999528,2001,0.001414909,0
65.88,2966.43,245,257,2,1,1.012554,1.060429,260.2265064,0.421285512,0
0,0,1,1,1,1,46.5852,46.584696,46.5852,0.000504,0
1818.15,96153.18,7,9,7,7,1.92455,2.44083,17.32095061,0.23514382,0
0,0,1,1,1,1,0.22,0.219528,0.22,0.000471636,0
159.1,0,2,1,1,2,101,50.499508,101,0.000984218,0
6.41,3030.83,66,66,3,2,0.31019,0.30942,20.47254941,0.0508048,0
6.68,0,3,2,2,3,1000.5,666.999528,2001,0.001414909,0
0,16.27,0,705,16,0,0.002255,0,1.59,1.59,0
0,32395,0,7,3,0,20.764716,0,145.3530147,145.3530147,0
1923.14,50869.61,104,6,1,10,9.15,1.158053,54.9,-65.53751955,0
6.08,141.26,510,529,6,2,2.806656,2.910413,1484.720772,0.410166216,0
11001.01,69862.35,5,8,4,4,0.192317,0.464,1.53853367,-0.78146633,0
5.48,598.57,379,384,2,2,0.065166,0.064957,25.02378588,0.405233306,0
6917.63,9182.14,30,103,17,7,8.501747,29.188807,875.6799505,0.015733569,0
6833.51,7404.16,59,18,7,35,1.602941,0.492966,28.85292976,-0.23207024,0
0,5805.89,0,55,5,0,0.794772,0,43.71245099,43.71245099,0
162.53,0.3,2,2,2,2,50.5,50.499508,101,0.000984218,0
0,2800.83,0,114,2,0,0.181763,0,20.72099031,20.72099031,0
160.95,0,2,1,1,2,101,50.499508,101,0.000984218,0
7.11,0,3,1,1,3,101,33.666121,101,0.001638,0
23.88,0.25,3,2,2,3,50.5,33.666151,101,0.001546075,0
21.06,69751.29,13,14,2,1,4.677558,5.033118,65.48581331,0.0552852,0
11641.32,25655.19,13,23,11,11,0.322257,0.569458,7.411904303,0.008954195,0
2.46,2704.88,2,2,2,1,1,0.999482,2,0.001036742,0
0,11749.22,0,18,5,0,15.616712,0,281.1008247,281.1008247,0
162.32,0.3,2,2,2,2,50.5,50.499508,101,0.000984218,0
1408.74,42998.09,15,12,8,11,0.414112,0.329323,4.969339605,0.029489322,0
0,2191.56,0,133,5,0,0.272982,0,36.30659139,36.30659139,0
11.11,13673.19,15,15,15,1,21.298742,21.297391,319.4811271,0.0202559,0
0,29446.55,0,3,2,0,6.703333,0,20.11,20.11,0
154.77,0,2,1,1,2,101,50.499508,101,0.000984218,0
162.58,0,2,1,1,2,101,50.499508,101,0.000984218,0
17.92,0,4,1,1,3,101,25.249475,101,0.0021,0
81773.73,44245.07,6,6,5,5,1.7694,1.768347,10.61639842,0.006319223,0
0,0,1,1,1,1,0.644508,0.644088,0.644508,0.00042,0
0,4088.87,0,56,6,0,0.769936,0,43.11641538,43.11641538,0
16.49,1086.33,561,671,5,2,2.514352,3.006576,1687.130431,0.441232796,0
0,20160.91,0,3,2,0,33.416667,0,100.25,100.25,0
7733.04,16058.32,85,15,5,34,3.864499,1.152315,57.96749062,-39.97930204,0
6.31,1419.5,6,6,1,6,4.997164,4.996717,29.98298251,0.002682674,0
159.56,0.3,2,2,2,2,50.5,50.499508,101,0.000984218,0
5180.72,5466.39,10,10,3,10,1.265733,1.264989,12.65732982,0.007437955,0
886.62,4185.14,16,59,2,1,0.466355,1.693512,27.51492371,0.418728347,0
161.45,0.82,2,2,2,2,50.5,50.499487,101,0.001026218,0
0,7108.3,0,41,4,0,0.858451,0,35.19649794,35.19649794,0
992.6,2471.1,129,273,40,15,1.733873,5.16561,473.3472692,-193.0163581,0
2.36,269.1,2,2,1,1,2.58,2.57958,5.16,0.00084,0
161.16,0.29,2,2,2,2,50.5,50.499487,101,0.001026218,0
0,0,1,1,1,1,1.111695,1.111224,1.11169526,0.000471636,0
0,1813.61,0,53,7,0,8.080754,0,428.2799423,428.2799423,0
0,3168.19,0,6,5,0,0.176295,0,1.057769608,1.057769608,0
0,0,1,1,1,1,0.094,0.09358,0.094,0.00042,0
46.95,1729.27,385,496,3,2,0.855538,1.10147,424.3467408,0.28076615,0
0,0,1,1,1,1,0.593561,0.59312,0.5935609,0.000441,0
2.2,0,4,2,2,4,1000.5,500.249528,2001,0.001886545,0
33660.15,21172.15,18,8,7,5,2.225498,0.992031,17.8039851,-0.052565568,0
63472.1,3394.14,4,3,2,3,0.749768,0.622206,2.24930265,-0.2395212,0
2158.98,1468.02,348,140,53,149,3.347273,1.52095,468.6181745,-60.67255396,0
0,1374.59,0,178,8,0,1.556021,0,276.9716793,276.9716793,0
19.02,31866.13,7,7,3,1,13.074443,13.069423,91.52110284,0.0351426,0
3.71,8.5,2,3,1,2,0.67,1.004528,2.01,0.000943273,0
0,0,1,1,1,1,10,9.99938,10,0.00062,0
0,0,1,1,1,1,3.298225,3.297753,3.29822465,0.000471636,0
0,24865.13,0,8,5,0,9.59937,0,76.79496079,76.79496079,0
156.46,0,2,1,1,2,101,50.499508,101,0.000984218,0
105.38,0.63,3,2,2,2,50.5,33.666171,101,0.001488218,0
0,0,1,1,1,1,0.40427,0.403799,0.4042704,0.000471636,0
0,1557.4,0,34,3,0,218.047959,0,7413.6306,7413.6306,0
375.83,5704.63,11,43,7,10,0.269754,1.053003,11.59941326,0.016379189,0
2.86,0.42,3,2,2,3,1000.5,666.999528,2001,0.001414909,0
1.67,0,3,2,2,3,1000.5,666.999528,2001,0.001414909,0
22.74,0,3,1,1,3,101,33.666149,101,0.001554,0
157.07,0,2,1,1,2,101,50.499508,101,0.000984218,0
5.8,1152.9,328,328,3,328,0.202898,0.202433,66.55038515,0.152234017,0
4201.06,1461.06,41,3,3,15,1.63125,0.140976,4.89375081,-0.88624919,0
72.81,13314.2,17,18,4,1,0.42836,0.451985,7.71047803,0.02674122,0
11.23,5379.47,4,4,2,4,0.94975,0.949289,3.799,0.001844099,0
0,2009.87,0,145,3,0,1.425445,0,206.6894751,206.6894751,0
640.29,387.12,1400,1255,91,25,133.044467,119.264781,166970.8055,0.11160526,0
106.19,0.84,3,2,2,3,50.5,33.666022,101,0.001932506,0
0,0,1,1,1,1,5,4.99909,5,0.00091,0
2.62,4036.45,15,15,2,1,0.185733,0.185313,2.78600176,0.0063,0
6.11,0.42,3,2,2,3,1000.5,666.999528,2001,0.001414909,0
0,0,1,1,1,1,0.8,0.79938,0.8,0.00062,0
107.13,0.69,3,2,2,3,50.5,33.66603,101,0.001908725,0
0,6045.19,0,83,10,0,0.15069,0,12.50725725,12.50725725,0
620.71,157651.46,12,6,6,8,0.804456,0.401954,4.82673639,0.0032911,0
299.1,145146.73,9,4,4,6,1.135878,0.504535,4.54351087,0.00269151,0
1.52,77415.12,2,2,1,2,0.663711,0.662976,1.327422767,0.00147,0
51.62,2379.15,236,239,5,2,0.48011,0.485793,114.7463263,0.099120003,0
231.53,31633.86,3,3,2,2,1.278333,1.277775,3.835,0.001674737,0
723.67,0,5,1,1,1,0.022,0,0.022,0.022,0
5628.03,2312.27,157,49,27,112,1.519695,0.491112,74.46505697,-2.639453026,0
179.89,15475.91,35,35,3,1,1.020009,1.019108,35.70031346,0.03154013,0
5046.46,3786.69,12,16,6,9,13.34397,17.791582,213.503517,0.004536289,0
7.42,19604.51,2,2,1,2,1.500968,1.500443,3.001935101,0.00105,0
16.88,454.74,3498,3596,15,3,2.385517,2.451449,8578.320714,3.153583099,0
12.61,846.21,2134,2182,11,3,5.998728,6.156194,13089.22524,-48.09226995,0
5.47,3681.97,75,75,2,1,0.115834,0.114566,8.687547683,0.095120293,0
0,20174.12,0,8,2,0,30.42575,0,243.406,243.406,0
0,9577.42,0,21,6,0,1.208475,0,25.37797622,25.37797622,0
375.64,9930.38,37,54,5,36,0.163362,0.23789,8.821553968,0.019639968,0
0,0,1,1,1,1,18.4,18.399496,18.4,0.000504,0
4.28,1296.7,427,431,1,1,0.100194,0.100374,43.18339901,0.323870672,0
0,143.26,1,2,1,1,2.90222,5.790939,5.8044393,0.0135,0
686.1,8931.67,38,40,6,8,1.320511,1.389648,52.82043424,0.013817372,0
27416.29,59096.4,6,5,2,6,6.171179,5.142099,30.85589523,0.003303856,0
0,15118.66,0,15,7,0,4.103728,0,61.55592091,61.55592091,0
884.39,302.64,222,9,5,22,93.799812,29.499968,844.1983106,-5704.794527,0
464.5,3718.75,123,99,16,60,3.920912,3.172942,388.170239,-2.10166335,0
2779.44,10627.02,26,36,1,2,0.20242,0.279818,7.287108798,0.011844518,0
22.68,0,3,1,1,3,101,33.666149,101,0.001554,0
51.6,78.06,4446,5556,4837,2472,8.860467,11.051144,49228.75199,95.36396645,0
0,3511.91,0,83,3,0,0.215397,0,17.87797988,17.87797988,0
13.26,0,4,1,1,4,101,25.249355,101,0.002581312,0
0.91,190.78,85,91,69,2,0.084493,0.089618,7.68890835,0.0714,0
0,1492.22,0,214,6,0,0.146972,0,31.45204937,31.45204937,0
11.8,11621.3,19,5,4,19,369.44,97.220559,1847.2,0.009374638,0
3377.76,6078.99,142,32,7,75,1.393583,0.579162,44.59464662,-37.64631409,0
74202.78,0,3,0,0,3,0,0.002268,0,-0.00680304,0
36523.41,1561.01,15,165,60,2,10.982075,120.801395,1812.042321,0.02138892,0
16.08,0,3,1,1,3,101,33.666149,101,0.001554,0
46082.48,11.48,2,2,1,2,250.562245,250.561804,501.1244897,0.000882,0
3385.94,6854.78,9,3,2,5,0.889305,0.6676,2.66791357,-3.340487568,0
17.76,0,3,1,1,3,101,33.666149,101,0.001554,0
0,16276.87,0,24,5,0,0.839395,0,20.14548851,20.14548851,0
9.16,19294.81,9,9,3,1,5.445222,5.444376,49.00699912,0.00761719,0
0,1843.72,0,123,2,0,0.18854,0,23.19036258,23.19036258,0
0,0,1,1,1,1,0.143024,0.142404,0.14302363,0.00062,0
7.32,21227.8,4,4,1,4,23.475075,23.474613,93.9003,0.001848,0
8.5,29673.22,3,4,4,2,4.03925,5.384707,16.157,0.00288,0
0,0,1,1,1,1,5.478546,5.47,5.47854624,0.00854624,0
25.41,1568.41,150,375,3,2,0.411524,1.028137,154.3215019,0.101000803,0
0,32887.26,0,8,2,0,0.81867,0,6.549358398,6.549358398,0
4.97,0.42,3,2,2,3,1000.5,666.999528,2001,0.001414909,0
0.71,16338.42,3,3,2,1,1.668982,1.668002,5.00694515,0.00294,0
24.59,248.53,9994,6,2,1693,4.988333,0.001764,29.93,12.3,0
3.48,1433.91,3,3,1,3,0.049661,0.049208,0.148982196,0.001359674,0
161.78,0.84,2,2,2,2,50.5,50.499508,101,0.000984218,0
2.1,4.79,3,3,1,1,0.343333,0.342913,1.03,0.00126,0
0,12690.03,0,15,5,0,23.848347,0,357.7252,357.7252,0
1972.05,7017.15,32,145,3,24,0.079682,0.31284,11.55382088,1.54292638,0
25.33,0.53,3,3,3,3,33.666667,33.666163,101,0.001512,0
21.44,8172.09,57,64,7,2,23.097167,25.932982,1478.218656,0.03866006,0
533.38,5223.11,4,27,2,1,0.096491,0.643866,2.605262096,0.029799658,0
1026.43,150.23,17,12,1,5,1.46113,1.030511,17.53355629,0.01487429,0
102743.79,2917.27,9,10,3,9,14.051148,15.290135,140.5114762,2.90025928,0
0,10570.98,0,14,7,0,4.578779,0,64.10290789,64.10290789,0
1.42,0,3,2,2,3,1000.5,666.999528,2001,0.001414909,0
0,1771.64,0,128,2,0,0.196949,0,25.20944956,25.20944956,0
22427.35,8386.15,22,51,7,10,0.670543,1.56045,34.19771079,-0.132195661,0
6.67,5547.39,9,9,1,9,17.422222,17.421716,156.8,0.004554458,0
0,0,1,1,1,1,10.939877,10.939257,10.9398774,0.00062,0
0,1326.42,0,754,5,0,0.104523,0,78.8102737,78.8102737,0
0,0,1,1,1,1,1.765,1.7629,1.765,0.0021,0
3635.27,21658.46,9,7,6,4,8.199286,12.313052,57.395,-53.422472,0
0,17664.97,0,5,2,0,8.785,0,43.925,43.925,0
3449.77,76391.94,32,11,6,11,0.711141,0.359682,7.82254803,-3.687268337,0
2874.32,68142.17,13,5,3,6,0.974104,0.561515,4.87052163,-2.429172292,0
164.91,0.41,2,2,2,2,50.5,50.499487,101,0.001026218,0
8.06,1379.17,257,259,1,2,0.095625,0.09529,24.76678759,0.277133302,0
4.3,5570.46,14,15,2,1,0.168063,0.178772,2.52093872,0.01812465,0
5868.31,13062.91,14,29,6,3,16.278883,33.720104,472.0875988,0.006145505,0
3.25,0,3,2,2,3,1000.5,666.999528,2001,0.001414909,0
3.52,1728.65,105,105,4,1,16.400384,16.420271,1722.040347,-2.088088053,0
1.75,12188.48,4,4,4,1,1.875,1.874322,7.5,0.002713765,0
162.63,0,2,1,1,2,101,50.499508,101,0.000984218,0
395.76,720.7,36,1540,2,33,0.155226,5.276221,239.0486999,49.10473633,0
144.45,12858.4,34,34,3,1,1.055875,1.055174,35.89974525,0.023834145,0
0,235.72,0,3649,1242,0,1.20E-05,0,0.0451,0.0451,0
1.35,0.68,3,2,2,3,1000.5,666.999528,2001,0.001414909,0
0,1420.72,0,140,3,0,2.10414,0,294.5796537,294.5796537,0
3836.23,6971.36,167,49,16,51,13.024902,4.327545,638.2201811,-84.47981889,0
0,2024.61,0,112,3,0,0.226916,0,25.41458597,25.41458597,0
0,1608.37,0,141,4,0,0.306979,0,43.28400344,43.28400344,0
20.51,0,3,1,1,3,101,33.666149,101,0.001554,0
15946.05,23401.58,15,13,2,3,1.97532,1.710952,25.67915644,0.0148737,0
0,7087.09,0,32,3,0,0.881725,0,28.21519378,28.21519378,0
54666.62,2308.98,4,2,1,4,0.266198,0.129944,0.532396819,0.012621736,0
0,0,1,1,1,1,0.522317,0.521875,0.52231676,0.00044176,0
2896.41,4475.75,42,17,6,19,4.266882,1.840671,72.537,-4.7712,0
21562.54,23198.51,12,9,3,8,1.761327,1.320332,15.85194228,0.007956931,0
21.63,0,3,1,1,3,101,33.666149,101,0.001554,0
163.03,0.65,2,2,2,2,50.5,50.499246,101,0.00150753,0
20.6,39255.64,5,5,2,1,10.694312,10.688627,53.4715617,0.0284284,0
24.64,28753.03,34,34,1,1,0.925308,0.923335,31.46048036,0.067085271,0
8247.71,10778.68,22,55,5,13,0.546679,1.375895,30.06733558,-0.202349797,0
0,2087.17,0,153,4,0,0.614212,0,93.97444153,93.97444153,0
340844.72,1839.79,2,4,2,2,5.956538,11.912043,23.82615119,0.002066117,0
3.21,0,3,2,2,3,1000.5,666.999528,2001,0.001414909,0
14.33,0,3,1,1,3,101,33.666149,101,0.001554,0
5302.18,0,5,1,1,3,2.995,0.986,2.995,-1.935,0
2.66,0,3,2,2,3,1000.5,666.999528,2001,0.001414909,0
30.46,23118.87,3,3,2,3,0.189471,0.189009,0.56841275,0.001386017,0
3623.47,1531.17,223,88,41,102,2.133107,0.821392,187.7134009,4.542900882,0
0,2801.93,0,3,2,0,2.196667,0,6.59,6.59,0
109.83,0.21,3,2,2,3,50.5,33.666157,101,0.001530218,0
22.16,0,3,1,1,3,101,33.666149,101,0.001554,0
0,0,1,1,1,1,2.286025,2.285405,2.28602546,0.00062,0
19.91,495.88,970,978,6,2,0.180987,0.18206,177.0054527,0.407421,0
21.92,675.16,2,2,1,2,0.783608,0.783145,1.567215,0.000924,0
345.45,12911.5,634,13,2,4,0.946428,0.014751,12.303559,2.951349,0
0,0,1,1,1,1,1.110071,1.1,1.110071,0.010071,0
107.88,0.24,3,3,3,2,33.666667,33.666171,101,0.001488218,0
187003.36,429.26,4,2,1,3,0.556,0.27025,1.112,0.031,0
0,47.6,0,9999,4594,0,6.90E-05,0,0.692555679,0.692555679,0
32447.05,8956.57,11,60,3,11,0.109677,0.597855,6.580621218,0.004215042,0
4.09,0,3,2,2,3,1000.5,666.999528,2001,0.001414909,0
3.38,0,3,2,2,3,1000.5,666.999528,2001,0.001414909,0
3.33,0,3,2,2,3,1000.5,666.999528,2001,0.001414909,0
154.92,0,2,1,1,2,101,50.499508,101,0.000984218,0
22.48,0,3,1,1,3,101,33.666149,101,0.001554,0
150.38,0,2,1,1,2,101,50.499508,101,0.000984218,0
19.84,0,3,1,1,3,101,33.666149,101,0.001554,0
160.91,1.78,2,2,2,2,50.5,50.499508,101,0.000984218,0
24.18,0.33,3,2,2,3,50.5,33.666149,101,0.001554,0
0,1989.43,0,100,3,0,0.189562,0,18.95622454,18.95622454,0
161.78,0.84,2,2,2,2,50.5,50.499508,101,0.000984218,0
18841.26,32226.65,4,4,3,2,0.949,0.94822,3.796,0.003120045,0
265.43,81615.87,3,3,2,1,32.404,32.403139,97.212,0.002581964,0
0,0,1,1,1,1,1,0.999559,1,0.000441,0
2.81,2.48,2,2,1,1,8.5,8.499208,17,0.001583544,0
164.62,0,2,1,1,2,101,50.499487,101,0.001026218,0
0,6.66,0,9999,1837,0,0.001558,0,15.57811577,15.57811577,0
106.83,0.03,3,3,3,3,33.666667,33.666022,101,0.001932506,0
0,0,1,1,1,1,0.306748,0.306244,0.30674847,0.000504,0
0,1.93,0,9999,925,0,6.221942,0,62213.19339,62213.19339,0
0,0,1,1,1,1,0.254489,0.244489,0.25448904,0.01,0
0,3543.51,0,64,6,0,0.753575,0,48.22877918,48.22877918,0
0,0,1,1,1,1,0.495,0.49458,0.495,0.00042,0
110.54,0.08,3,3,3,2,33.666667,33.665822,101,0.002534842,0
163.56,0,2,1,1,2,101,50.499508,101,0.000984218,0
7682.29,4796.36,24,34,13,16,9.13822,13.778531,310.6994926,-19.9852598,0
23.73,0,3,1,1,3,101,33.666149,101,0.001554,0
1.37,0.97,5,2,2,4,1000.5,400.199528,2001,0.002358181,0
0,5162.68,0,67,4,0,0.824167,0,55.21915942,55.21915942,0
34.28,1373.03,385,389,2,1,1.015529,1.025341,395.0408369,0.284631892,0
163.56,0,2,1,1,2,101,50.499508,101,0.000984218,0
0,3012.62,0,106,3,0,0.182636,0,19.35943759,19.35943759,0
0,45353.87,0,5,3,0,2.506515,0,12.53257443,12.53257443,0
17.76,230.91,2377,2386,4,3,0.221595,0.222014,528.7260029,0.998361006,0
4.37,2200.52,5,4,2,1,16.916221,13.532115,67.66488469,0.004311656,0
79.09,0.84,4,2,2,2,50.5,25.249506,101,0.001977262,0
2.33,3002.22,9,9,7,1,16.787681,16.786699,151.0891288,0.008833637,0
0,0,1,1,1,1,2,1.9978,2,0.0022,0
0,0,1,1,1,1,5.076656,5.076152,5.0766562,0.000504,0
0,0,1,1,1,1,5.15,5.149496,5.15,0.000504,0
0,2731.94,0,233,5,0,0.839924,0,195.7023455,195.7023455,0
45.42,5281.31,2,2,2,1,10.951616,10.949749,21.90323248,0.00373362,0
0,5.42,0,3,1,0,1,0,3,3,0
0,1847.15,0,72,3,0,0.367906,0,26.48921702,26.48921702,0
0,1463.08,0,155,5,0,0.467699,0,72.49327227,72.49327227,0
2.86,2708.43,30,31,3,1,106.023871,109.55758,3286.74,0.0126,0
0,22677.9,0,10,4,0,2.964513,0,29.64513085,29.64513085,0
2051.16,63201.69,5,4,4,1,3.110754,2.488052,12.44301434,0.002753814,0
0,8443.15,0,5,4,0,1.191589,0,5.95794412,5.95794412,0
0,0,1,1,1,1,0.031447,0.030976,0.03144736,0.000471636,0
13159.9,1941.92,17,110,3,1,0.100214,0.647878,11.02357173,0.009651372,0
8283.15,62337.46,26,10,6,16,36.627481,14.726645,366.2748138,-16.61794746,0
0,0,1,1,1,1,20.4987,20.498229,20.49870046,0.000471636,0
0,2940.51,0,74,4,0,0.374223,0,27.69248666,27.69248666,0
87.85,1635.97,82,124,3,1,0.620995,0.933125,77.00334739,0.487111075,0
345.09,14258.8,983,9,2,12,1190.291487,26.162496,10712.62338,-15005.10983,0
15.46,16334,4,4,1,4,0.461468,0.461016,1.84587,0.001806017,0
22.63,0,3,1,1,3,101,33.666149,101,0.001554,0
162.27,0.37,2,2,2,2,50.5,50.499286,101,0.001428506,0
5.98,0,3,2,2,3,1000.5,666.999528,2001,0.001414909,0
513,1119.95,175,1051,12,41,1.776191,10.927261,1866.776826,-45.49386094,0
2.2,0.52,4,2,2,4,1000.5,500.249528,2001,0.001886545,0
234.32,13264.49,11,15,4,2,1.748977,2.384205,26.23465083,0.0084,0
1791.14,2421.16,247,182,66,97,21.4848,18.354235,3910.233617,-623.2624032,0
15462.88,1693.8,27,341,9,11,1.59314,28.823148,543.2607,-234.9643,0
0,0,1,1,1,1,0.34,0.33958,0.34,0.00042,0
0,2874.26,0,5,1,0,0.090564,0,0.452820787,0.452820787,0
1.29,0.74,3,2,2,3,1000.5,666.999528,2001,0.001414909,0
0,892.75,1,2,1,1,0.290622,0.580802,0.58124381,0.00044181,0
26.22,0.05,3,2,2,3,50.5,33.666163,101,0.001512,0
0,2099.66,0,108,10,0,1.032619,0,111.5228835,111.5228835,0
22.18,0,3,1,1,3,101,33.666149,101,0.001554,0
163.66,0.3,2,2,2,2,50.5,50.499508,101,0.000984218,0
2.11,0,3,2,2,3,1000.5,666.999528,2001,0.001414909,0
0,35494.8,0,7,1,0,0.594056,0,4.158391055,4.158391055,0
1.85,0.07,4,2,2,4,1000.5,500.249528,2001,0.001886545,0
0,0,1,1,1,1,0.19,0.189528,0.19,0.000471636,0
5.99,1080.22,6,6,2,6,6.296387,6.295946,37.77832424,0.002646,0
15950.29,17403.73,6,15,6,3,0.555711,1.454041,8.33566424,-0.388579752,0
0,0,1,1,1,1,1.041567,1.040727,1.04156673,0.00084,0
162.43,1.06,2,2,2,2,50.5,50.499487,101,0.001026218,0
0,0,0,1,1,0,0,0,0,0,0
0,4017.71,0,57,5,0,2.608555,0,148.6876586,148.6876586,0
163.99,0.17,2,2,2,2,50.5,50.499508,101,0.000984218,0
0,1635.57,0,37,2,0,1.264306,0,46.77932878,46.77932878,0
22.77,0,3,1,1,3,101,33.666149,101,0.001554,0
0,54.75,1,2,2,1,0.56,1.116956,1.12,0.00304422,0
0,1679.81,0,135,3,0,0.197364,0,26.64412499,26.64412499,0
73549.54,0,4,1,1,3,0.4067,0.099216,0.4067,0.009837185,0
163.69,0,2,1,1,2,101,50.499508,101,0.000984218,0
81.74,1751.22,4,4,4,4,4.285,4.284527,17.14,0.001893777,0
0,2101.14,0,109,3,0,0.185118,0,20.17784477,20.17784477,0
21.43,0,3,1,1,3,101,33.665988,101,0.002035312,0
0,2662.55,0,86,5,0,0.558859,0,48.06188927,48.06188927,0
0,0,1,1,1,1,1.5,1.4978,1.5,0.0022,0
31.29,1911.71,3,3,1,1,3.363652,3.362249,10.09095648,0.00420895,0
2177.91,1739.74,334,147,60,129,12.233315,5.497751,1798.297235,-37.95166536,0
22.09,0,3,1,1,3,101,33.666149,101,0.001554,0
3156.16,10610.49,56,12,11,14,3.005679,0.724246,36.06815119,-4.489649497,0
12.16,1062.9,341,347,5,1,1.376389,1.399619,477.607145,0.337020573,0
1146.68,13398.73,39,41,4,3,6.293137,6.614556,258.0186319,0.050961879,0
2,17449.89,9,11,5,1,1.414954,1.727529,15.56449178,0.0167333,0
194.26,29884.06,15,19,2,1,4.271109,5.409098,81.15106562,0.014592532,0
0,5967.95,0,38,6,0,3.014597,0,114.5546728,114.5546728,0
6.3,1164.94,10,20,1,1,0.049187,0.097704,0.983746576,0.006707045,0
107.29,0,3,1,1,2,101,33.666171,101,0.001488218,0
0,29444.17,0,3,2,0,86.326667,0,258.98,258.98,0
0,0,1,1,1,1,1,0.999528,1,0.000471636,0
159.59,0,2,1,1,2,101,50.499508,101,0.000984218,0
21.87,0,3,1,1,3,101,33.666149,101,0.001554,0
6.67,8878.05,113,114,8,3,4.694112,4.734998,535.1287535,0.07401664,0
0,0,1,1,1,1,0.75,0.74938,0.75,0.00062,0
108.65,0.02,3,2,2,3,50.5,33.666143,101,0.001572218,0
0,16172.16,0,64,9,0,6.352792,0,406.5786873,406.5786873,0
0,0,1,1,1,1,0.995,0.994528,0.995,0.000471636,0
0.45,286.26,2,2,1,1,0.045076,0.044245,0.09015127,0.001660667,0
0,22080.82,0,4,2,0,51.672525,0,206.6901,206.6901,0
22961.82,19902.51,13,10,6,9,4.143257,3.186323,41.4325728,0.0103728,0
1666.7,110581.69,14,8,7,10,1.089553,0.622122,8.71642587,0.00671988,0
12062.56,11779.93,9,2,1,9,0.01,0.001703,0.02,0.004676599,0
4021.84,127498.79,8,5,5,6,0.229943,0.143167,1.14971312,0.00437913,0
327.87,10468.81,53,73,1,1,1.572131,2.164527,114.76556,0.04562477,0
2.1,0,4,2,2,4,1000.5,500.249528,2001,0.001886545,0
4.72,12576.67,4,4,3,1,0.81229,0.811584,3.24916,0.002823083,0
0,297529.68,0,2,2,0,1.52,0,3.04,3.04,0
1498.56,2582.86,6,19,7,3,0.129691,0.410249,2.464137213,0.002646,0
0,13143.94,0,8,4,0,56.943076,0,455.5446077,455.5446077,0
11690.1,8881.8,8,7,3,1,1.569279,1.3725,10.98495249,0.00495249,0
40.67,53896.54,10,10,7,3,1.44369,1.443192,14.43690354,0.004983385,0
13873.47,0,2,1,1,2,0.145,0.069875,0.145,0.00525,0
163.27,0.01,2,3,3,2,33.666667,50.499487,101,0.001026218,0
9057.75,9682.69,35,34,17,18,54.389649,52.260342,1849.248061,20.13610649,0
2317.25,3134.88,54,29,12,25,3.904619,2.460664,113.2339398,-19.64194018,0
162.18,0.43,2,2,2,2,50.5,50.499508,101,0.000984218,0
438.38,7663.59,105,133,3,104,0.116799,0.143663,15.5342344,0.449590967,0
0,3167.55,0,92,5,0,0.370235,0,34.06161635,34.06161635,0
60.44,4607.1,12,12,2,1,0.057429,0.056725,0.68914941,0.008444545,0
162.33,0.3,2,2,2,2,50.5,50.499508,101,0.000984218,0
159.49,0.8,2,2,2,2,50.5,50.499508,101,0.000984218,0
5,42925.48,2,2,2,1,4.4,4.398978,8.8,0.00204355,0
146.35,3876.54,104,109,2,1,1.029443,1.076123,112.2092853,0.292508694,0
165.06,4093.4,278,342,4,3,0.543737,0.668592,185.9580726,0.089575471,0
1244.55,5693.13,36,84,21,15,23.306225,54.379944,1957.722889,0.044888824,0
161.24,0,2,1,1,2,101,50.499492,101,0.00101578,0
24.99,450.9,654,654,1,2,0.271742,0.271322,177.7190904,0.274701,0
402.95,115111.57,9,6,4,7,35.057417,23.371112,210.3445002,0.00449038,0
65358.24,6373.85,10,45,3,8,0.214518,0.946,9.653325925,0.193325925,0
0,0,1,1,1,1,2.66,2.659376,2.66,0.000623718,0
18.96,0,3,1,1,3,101,33.666149,101,0.001554,0
162.63,0.43,2,2,2,2,50.5,50.499508,101,0.000984218,0
1.62,0,3,2,2,3,1000.5,666.999528,2001,0.001414909,0
105.48,0.99,3,2,2,3,50.5,33.666171,101,0.001488218,0
252.3,988.68,33,1058,5,26,0.767524,21.810252,812.0405582,92.30223293,0
3.61,10170.6,33,34,3,1,20.513119,21.134086,697.4460606,0.021225753,0
5.52,1114.61,230,231,1,2,0.08974,0.089048,20.72990749,0.2487833,0
164.02,0,2,1,1,2,101,50.499487,101,0.001026218,0
7.06,0,2,1,1,2,75,37.499496,75,0.001008,0
0,6299.23,0,36,3,0,0.898683,0,32.35258584,32.35258584,0
1.53,588.05,222,188,5,1,0.093627,0.078853,17.60184707,0.096499851,0
0,2371.13,1,4,1,1,4.519546,18.07772,18.07818227,0.000462,0
0,1744.46,0,130,4,0,0.425102,0,55.26327138,55.26327138,0
0,7180.23,1,5,3,1,0.355471,1.776264,1.77735635,0.001092052,0
920.28,96.95,600,15,13,8,4.148667,0.125433,62.23,-13.03,0
17.25,931.67,1063,1062,8,3,1.050475,1.048947,1115.604012,0.573696134,0
7658.4,4903.7,2,3,2,2,0.200849,0.280449,0.602546272,0.04164804,0
16.62,954.66,2,3,3,1,0.30246,0.451879,0.90737935,0.00362063,0
108922.21,9358.68,4,10,1,2,0.041262,0.102171,0.412615522,0.003930314,0
9.53,55154.13,2,2,2,1,9.258441,9.257486,18.516881,0.00190917,0
52.96,2874.13,108,108,1,1,1.003204,1.002531,108.3460785,0.072741805,0
376.83,1016.35,306,785,58,121,11.211576,31.383392,8801.086952,-802.2310484,0
17.8,0,4,1,1,3,101,25.249475,101,0.0021,0
0,14172.93,0,16,6,0,4.585426,0,73.36682091,73.36682091,0
0,2223.58,0,90,3,0,0.262296,0,23.60661736,23.60661736,0
576.57,10291.82,227,45,11,20,2.39521,0.60874,107.7844695,-30.39953047,0
162.63,0.43,2,2,2,2,50.5,50.499508,101,0.000984218,0
5815.87,203.93,161,105,3,145,0.162932,0.073801,17.10790502,5.225907102,0
158.03,0,2,1,1,2,101,50.499508,101,0.000984218,0
31.73,0,2,1,1,2,101,50.499475,101,0.00105,0
23.76,0.37,3,2,2,3,50.5,33.666151,101,0.001548055,0
161.74,0.82,2,2,2,2,50.5,50.499487,101,0.001026218,0
1262.05,4072.99,42,171,5,6,1.333994,5.430616,228.113018,0.027132,0
6031.75,92991.88,20,6,6,14,1.641776,0.732032,9.85065673,-4.789984536,0
3.98,1.21,2,2,1,1,300.113539,300.112484,600.227079,0.002111493,0
16.46,0,3,1,1,3,101,33.666149,101,0.001554,0
3.52,4236.14,7,7,3,7,23.171365,23.170869,162.199557,0.003476956,0
153.12,0,2,1,1,2,101,50.499508,101,0.000984218,0
581.86,102671.51,14,9,8,9,2.939835,1.889575,26.45851645,0.00446693,0
84.25,25190.64,12,12,3,1,5.279166,5.2778,63.3499926,0.016390433,0
4903.78,4065.72,207,76,38,26,2.772651,0.815469,210.7215024,41.91949234,0
2.11,0.52,3,2,2,3,1000.5,666.999528,2001,0.001414909,0
158.38,0,2,1,1,2,101,50.499508,101,0.000984218,0
15.09,6688.78,3,3,3,1,1.497558,1.496849,4.49267471,0.002129145,0
2008.43,341.86,5,4,2,3,7.54875,6.0384,30.195,0.003,0
105.53,1468.66,560,678,7,3,0.139497,0.16867,94.57918918,0.123752904,0
1720.95,16132.88,4,4,4,1,90.997286,90.996551,363.9891436,0.002937845,0
163.9,0,2,1,1,2,101,50.499508,101,0.000984218,0
13.62,1831.91,4,3,1,4,39,29.249496,117,0.002016,0
14.75,2357.79,213,247,6,3,482.331313,559.322477,119135.8343,0.146778418,0
21.32,0,3,1,1,3,101,33.666149,101,0.001554,0
3477.87,6706.54,62,139,3,40,0.278771,0.45606,38.74911465,10.47340671,0
74967.25,0,2,1,1,2,0.01,0.004697,0.01,0.000605775,0
4941.82,4130.44,132,67,33,73,2.81118,1.495894,188.349078,-9.108922033,0
58574.26,0,3,1,1,3,7.080303,2.359833,7.080302697,0.000802697,0
0,4073.01,0,74,6,0,0.567479,0,41.99342786,41.99342786,0
1649.63,6082.43,13,3,3,6,4.775104,1.993259,14.32531179,-11.58705615,0
32.31,0,2,1,1,2,101,50.499475,101,0.00105,0
1.51,0.28,3,2,2,3,1000.5,666.999528,2001,0.001414909,0
0,1229.99,0,207,9,0,1.381259,0,285.9206177,285.9206177,0
3542.87,300.55,98,3945,9,17,16.522833,665.66231,65182.5762,-52.33013045,0
10997.9,3494.95,27,11,6,19,4.550276,1.852859,50.05303783,0.025845027,0
848.53,1148.53,888,194,50,128,17.943612,5.348127,3481.060657,-1268.076099,0
164.18,0.82,2,2,2,2,50.5,50.499487,101,0.001026218,0
0,2956.54,0,108,3,0,0.303866,0,32.8175471,32.8175471,0
2222.71,7491.53,18,13,8,14,0.948963,0.684937,12.33652319,0.0076482,0
18.57,0,3,1,1,3,101,33.666149,101,0.001554,0
75.2,59212.98,6,9,4,4,0.54884,0.743,4.93955873,0.48155873,0
1109.18,3078.08,960,26,16,90,5.358444,0.511976,139.3195387,-352.1778962,0
183.95,7002.75,111,143,1,3,0.266447,0.342906,38.1018781,0.039351526,0
0,0,1,1,1,1,0.331358,0.330518,0.331358345,0.00084,0
3.24,0,3,2,2,3,1000.5,666.999528,2001,0.001414909,0
32208.3,0,27,1,1,1,0.955565,0,0.95556452,0.95556452,0
0,0,1,1,1,1,2.025138,2.020138,2.02513796,0.005,0
11.71,6427.56,13,13,13,1,2.843072,2.841791,36.95994086,0.01665699,0
0,537.88,0,904,5,0,2.207702,0,1995.762189,1995.762189,0
12.91,19998.4,4,5,3,1,4.039,5.042482,20.195,0.0250713,0
125.99,126.37,2637,2798,2794,1732,6.217517,6.59699,17396.61359,0.351377475,0
31912.1,8243.19,9,2,1,7,1.444253,0.430356,2.88850596,-0.984696,0
0,0,1,1,1,1,3.3,3.299418,3.3,0.000581532,0
22.85,0,3,1,1,3,101,33.666149,101,0.001554,0
0,6.84,1,2,1,1,0.482504,0.962808,0.965008,0.0022,0
0,15118.72,0,4,2,0,2.96397,0,11.85588,11.85588,0
35831.84,41228.45,26,15,7,12,5.722673,3.016505,85.84010029,7.410982289,0
0,1828.89,0,124,3,0,0.878109,0,108.8854887,108.8854887,0
0,2024.84,0,112,3,0,0.194868,0,21.82520606,21.82520606,0
59003.67,593.67,14,5,5,7,0.495074,0.241324,2.47537065,-0.90315897,0
0,0.5,0,9999,3364,0,0,0,0.001,0.001,0
22.62,0,3,1,1,3,101,33.666149,101,0.001554,0
29674.66,33966.34,9,8,1,2,1.039354,0.92321,8.31483165,0.005941131,0
3095.69,478.31,8,9,6,3,3.415533,4.08875,30.7398,-1.9702,0
3.93,0,3,2,2,3,1000.5,666.999528,2001,0.001414909,0
0,0,0,1,1,0,0.012601,0,0.01260144,0.01260144,0
0,1478.24,0,216,8,0,0.666521,0,143.9686213,143.9686213,0
161.41,7947.23,48,48,3,2,0.089068,0.088242,4.275270403,0.039653072,0
105.63,5.69,3,2,2,2,50.5,33.666157,101,0.001530218,0
47.56,5725.54,128,132,3,3,8.213325,8.468811,1084.158944,0.151193507,0
2782.01,614.87,54,19,8,47,8.021378,2.832148,152.4061906,-0.52980937,0
0,0,1,1,1,1,0.81,0.80938,0.81,0.00062,0
0,0,1,1,1,1,10.332986,10.332366,10.33298615,0.00062,0
5703.72,269970.19,8,3,3,5,0.436301,0.163289,1.30890298,0.00259142,0
349.88,9716.29,32,86,3,1,0.354511,0.951634,30.48793761,0.035655944,0
0,7360.63,0,12,6,0,91.886913,0,1102.642958,1102.642958,0
0,0,1,1,1,1,5,4.9978,5,0.0022,0
3215.07,23810.26,97,10,6,34,0.58922,0.144417,5.89219679,-8.11626231,0
256.44,4255.48,186,228,9,3,0.308448,0.37775,70.32616712,0.064720739,0
3.24,0,3,2,2,3,1000.5,666.999528,2001,0.001414909,0
9.29,12169.26,5,5,3,5,5.971298,5.970857,29.856491,0.002205,0
85.03,4227.02,136,177,3,1,0.840739,1.093418,148.8108127,0.10596099,0
0,99.09,0,9823,2078,0,2.00E-06,0,0.0209,0.0209,0
13078.53,92761.77,2,10,7,2,0.067448,0.21555,0.674481253,0.243381252,0
4025.76,7878.28,35,7,1,17,122.321413,24.463342,856.2498925,0.032915853,0
0,2175.22,0,92,3,0,0.508556,0,46.78718656,46.78718656,0
0,0,1,1,1,1,0.436528,0.435028,0.43652837,0.0015,0
1715.49,22737.85,79,34,12,18,2.293278,0.952491,77.97144223,2.72462223,0
5978.14,24117.1,13,3,1,4,0.01,0.001149,0.03,0.015068594,0
12574.25,67811.06,15,11,7,12,0.355121,0.251218,3.90632938,0.138062244,0
14.65,9230.81,46,46,7,2,5.732985,5.732428,263.7173109,0.025626893,0
0,174.21,1,5,2,1,3.7098,18.548748,18.549,0.00025202,0
1289.97,7103.64,160,145,1,160,0.797841,0.72268,115.6868908,0.058151339,0
23376.92,5271.65,8,4,3,3,0.674937,0.33693,2.69975,0.004313757,0
7986.27,181.76,16,7,2,5,22.171077,9.698154,155.19754,0.02706864,0
1.09,0.38,3,2,2,3,1000.5,666.999528,2001,0.001414909,0
45862.69,0,2,1,1,2,0.025,0.011935,0.025,0.00112995,0
578.13,5275.82,114,114,4,2,0.472808,0.471944,53.90013293,0.098506973,0
0,0,1,1,1,1,0.036279,0.035807,0.036279,0.000471636,0
4.41,0,3,2,2,3,1000.5,666.999528,2001,0.001414909,0
10237.89,2479.85,27,15,5,19,1.013439,0.709848,15.2015838,-3.9643162,0
52044.54,30634.28,5,7,5,2,11.023673,15.432514,77.1657142,0.003143426,0
0,0,1,1,1,1,1.642852,1.639807,1.64285165,0.00304422,0
13996.23,36774.35,31,10,4,17,2.704145,0.898349,27.04144589,-0.807371143,0
159.34,0.99,2,2,2,2,50.5,50.499508,101,0.000984218,0
0,1487.08,0,154,4,0,1.101343,0,169.6068019,169.6068019,0
161.96,0.53,2,2,2,2,50.5,50.499508,101,0.000984218,0
206.21,58.23,1378,1361,1,2,0.025,2.90E-05,34.025,33.9854907,0
0,0,1,1,1,1,0.515148,0.514707,0.51514819,0.000441,0
162.42,0,2,1,1,2,101,50.499508,101,0.000984218,0
4.32,1686.16,612,710,4,1,0.104535,0.12065,74.21982721,0.381935367,0
164.14,0.82,2,2,2,2,50.5,50.499487,101,0.001026218,0
4.94,18087.52,15,20,13,1,1.104625,1.470849,22.09249674,0.029758452,0
24138.32,18486.68,16,7,4,11,5.044752,2.199696,35.31326611,0.11812802,0
0,4872.35,0,47,4,0,0.836553,0,39.3179865,39.3179865,0
164.07,0,2,2,2,2,50.5,50.499487,101,0.001026218,0
161.58,0.82,2,2,2,2,50.5,50.499487,101,0.001026218,0
2.97,0,3,2,2,3,1000.5,666.999528,2001,0.001414909,0
5.16,2827.54,99,99,2,99,0.245172,0.244724,24.27205384,0.044400157,0
25.28,0.21,3,2,2,3,50.5,33.666163,101,0.001512,0
0,2724.19,0,107,4,0,0.181413,0,19.41119339,19.41119339,0
60.56,12529.43,4,8,3,1,3.788569,7.576545,30.30854927,0.00236852,0
289.71,1500.19,203,272,2,1,0.211598,0.283008,57.55457421,0.10403243,0
2003.43,181.07,185,6,3,10,5.341667,0.317372,32.05,-26.66387601,0
0,5.56,0,9999,1583,0,0.290485,0,2904.558568,2904.558568,0
82413.96,6021.74,6,7,2,6,40.86,47.669139,286.02,0.005165992,0
3553.44,5706.58,11,9,3,9,11.169785,17.046739,100.5280611,-86.98606878,0
79.36,0,4,11,11,2,9.181818,25.249502,101,0.001992218,0
162.16,0.21,2,2,2,2,50.5,50.499487,101,0.001026218,0
3.5,3886.85,2,2,2,2,0.025871,0.025415,0.051742469,0.000912636,0
2.86,0.42,3,2,2,3,1000.5,666.999528,2001,0.001414909,0
0,1955.01,0,116,4,0,0.910864,0,105.6602069,105.6602069,0
589.72,285.33,1250,966,206,271,29.050139,23.012702,28062.43429,-703.4434386,0
0,1416.62,0,142,4,0,0.774431,0,109.96924,109.96924,0
4.45,1266.75,4,5,3,1,11.42,14.273722,57.1,0.00511276,0
6348.08,0,4,1,1,2,0.495,0.35625,0.49500001,-0.92999997,0
15.76,19753.48,12,16,6,1,22.502583,30.001087,360.0413249,0.028284802,0
105.82,0.84,3,2,2,3,50.5,33.666179,101,0.001464437,0
3.73,10.43,2,3,2,2,0.141185,0.211306,0.42355576,0.000943273,0
6.12,11733.62,6,6,3,1,7.83,7.827737,46.98000002,0.01357661,0
16127.93,12562.47,38,11,5,15,0.85581,0.381272,9.41391,-5.074417011,0
18969.3,3410.03,47,11,8,32,4.566532,1.28,50.23185099,-9.92814901,0
3.27,0,3,26,26,3,76.961538,666.999528,2001,0.001414909,0
1.73,0.12,3,2,2,3,1000.5,666.999528,2001,0.001414909,0
133.78,41.32,148,9852,4686,5,5.6928,273.007432,56085.46446,15680.36446,0
51.11,595.99,710,1281,4,1,0.519087,0.955829,664.9502976,-13.6884224,0
1253.3,56887.53,324,6,3,8,1.206542,0.036643,7.239249676,-4.63305391,0
2.82,0,3,2,2,3,1000.5,666.999528,2001,0.001414909,0
0,1478.73,0,136,3,0,0.443459,0,60.31042843,60.31042843,0
2.15,42179.93,9,10,2,1,26.022299,28.913327,260.2229871,0.003046337,0
3.32,4901.35,5,5,1,5,23.052,23.051378,115.26,0.003107848,0
27655.38,24111.48,6,6,3,1,6.003078,6.002819,36.0184689,0.001554,0
3.17,13843.66,4,5,3,1,3.185304,3.980306,15.926518,0.00529284,0
163.83,0,2,1,1,2,101,50.499508,101,0.000984218,0
1.24,0.82,3,2,2,3,1000.5,666.999528,2001,0.001414909,0
0,1785.46,0,127,3,0,0.244173,0,31.01001793,31.01001793,0
0,0,1,1,1,1,20.009559,20.008512,20.009559,0.001046957,0
6.11,0,3,2,2,3,1000.5,666.999528,2001,0.001414909,0
25.81,1602.23,563,593,10,3,13.032459,13.74752,7728.248277,-11.60539691,0
0,0,0,1,1,0,0.9935,0,0.9935,0.9935,0
24.38,0,3,2,2,3,50.5,33.666151,101,0.001548055,0
0,0,1,1,1,1,0.489,0.488496,0.48900002,0.000504,0
1.61,0.17,3,2,2,3,1000.5,666.999528,2001,0.001414909,0
29665.21,2.28,3,2,1,3,20.244907,13.496024,40.48981431,0.001743026,0
22.18,0,3,1,1,3,101,33.666149,101,0.001554,0
0,5707.61,0,150,4,0,0.271603,0,40.74041526,40.74041526,0
2.19,3633.97,4,4,4,1,14.125,14.12448,56.5,0.002081124,0
158.58,0,2,1,1,2,101,50.499508,101,0.000984218,0
7243.4,18331.84,49,9,8,7,1.38634,0.301559,12.47706365,-2.299303978,0
0,0,1,1,1,1,0.05,0.049418,0.05,0.000581532,0
976.41,1030.48,12,8,1,5,0.717702,0.568371,5.74161713,-1.078834054,0
23.88,0.25,3,2,2,3,50.5,33.666151,101,0.001546075,0
25.24,23204.37,15,15,14,1,2.377774,2.376763,35.66660523,0.01516383,0
2.2,0.52,4,2,2,4,1000.5,500.249528,2001,0.001886545,0
0,2139.17,0,106,3,0,0.24245,0,25.69969155,25.69969155,0
107.7,0.82,3,2,2,2,50.5,33.666157,101,0.001530218,0
22.27,0,3,1,1,3,101,33.666149,101,0.001554,0
0,0,1,1,1,1,0.400386,0.399915,0.400386293,0.000471636,0
5415.26,6231.35,37,35,11,15,1.486644,0.923492,52.03254857,17.86333857,0
70.22,65.04,2,3,1,2,6.7,10.049508,20.1,0.000984218,0
162.74,0,2,2,2,2,50.5,50.499487,101,0.001026218,0
23912.73,38684.33,6,3,2,3,3.604319,1.730043,10.8129564,0.432698472,0
0,0,1,1,1,1,0.614,0.613528,0.614,0.000471636,0
31,28.68,2959,7041,617,998,17.793263,43.065091,125282.3621,-2147.241565,0
5292.26,1511.15,75,5,4,3,1.020002,0.098657,5.10001,-2.299262021,0
5005.32,323.46,9,5,3,7,96.554073,53.640612,482.770365,0.004854288,0
4.68,10516.15,3,3,2,3,0.164668,0.164223,0.49400519,0.001337458,0
8803.44,6987.37,72,42,24,46,66.81637,42.203816,2806.287544,-232.387206,0
0,3859.25,0,12,9,0,4.578709,0,54.94451139,54.94451139,0
2.97,0,3,2,2,3,1000.5,666.999528,2001,0.001414909,0
303.77,5239.32,17,30,1,1,0.200063,0.352323,6.001902665,0.012410945,0
5.86,9701.54,2,2,1,1,0.315093,0.314354,0.630186793,0.001478544,0
2.12,0,3,2,2,3,1000.5,666.999528,2001,0.001414909,0
9278.67,42480.23,15,21,4,6,17.976705,25.166625,377.5108082,0.011436346,0
5.63,743.96,154,158,5,1,11.734755,12.039063,1854.09135,0.075577223,0
1961.82,127049.3,13,6,6,8,3.230944,1.490469,19.38566217,0.00956335,0
135.81,7964.75,71,75,5,1,1.64051,1.732118,123.0382481,0.057842323,0
22.14,0,3,1,1,3,101,33.666149,101,0.001554,0
157.89,0,2,1,1,2,101,50.499508,101,0.000984218,0
0,4945.39,0,27,5,0,2.500996,0,67.5269044,67.5269044,0
19.48,0,3,1,1,3,101,33.666149,101,0.001554,0
12835.89,15992.51,35,30,22,26,3.271709,2.6654,98.15127086,4.86227086,0
12.84,3545.12,9,9,2,9,25.771667,25.771191,231.945,0.004284209,0
0,14046.59,0,7,7,0,5.272354,0,36.906479,36.906479,0
162.92,0,2,1,1,2,101,50.499286,101,0.001428506,0
0,80.07,1,2,1,1,0.19334,0.386139,0.38667973,0.00054035,0
10.84,813.8,90,90,1,1,0.666168,0.665748,59.95507853,0.037800005,0
468.99,86307.97,8,8,8,2,4.625803,4.624875,37.00642596,0.0074275,0
40.91,50390.16,10,10,9,8,8.750201,8.749545,87.5020066,0.006561175,0
3.88,5058.44,4,4,4,1,3.646618,3.645686,14.58647107,0.0037275,0
1575.15,111619.28,17,8,7,10,10.509312,4.945058,84.07449519,0.00850139,0
0,0,1,1,1,1,1,0.996956,1,0.00304422,0
33567.88,26777.43,11,3,2,7,2.96208,0.796583,8.88624149,0.12382701,0
0,0,1,1,1,1,0.439194,0.438574,0.43919364,0.00062,0
24577.42,57080.98,5,3,2,2,8.445367,5.062696,25.3361,0.022621526,0
16.24,0,4,1,1,4,101,25.249475,101,0.0021,0
2168.29,16565.23,11,21,2,1,0.852591,1.627207,17.90441746,0.005135271,0
8.02,3553.22,211,212,13,1,14.740865,14.809534,3125.063312,0.25164099,0
0,3801.27,0,84,4,0,0.383202,0,32.18894124,32.18894124,0
60.82,373.29,29,2797,1,13,0.106866,6.467759,298.9055085,111.3405085,0
111.15,16324.36,26,28,3,1,2.916854,3.140447,81.67190415,0.020287426,0
4.33,10691.71,21,23,10,1,0.915225,1.000953,21.05018501,0.030181586,0
0,0,1,1,1,1,1.012701,1.01226,1.01270117,0.000441,0
0,1876.59,0,106,3,0,0.470665,0,49.89050417,49.89050417,0
23.97,0.52,3,2,2,3,50.5,33.666155,101,0.001536086,0
0,614.67,0,2,1,0,0,0,0,0,0
6518.01,33517.14,16,12,6,10,12.822676,11.464425,153.8721148,-29.55868523,0
1684.23,3223.02,79,22,14,15,6.319689,1.826419,139.0331567,-5.253964382,0
1.6,0.93,4,2,2,4,1000.5,500.249528,2001,0.001886545,0
103299.49,37551.75,8,7,6,7,23.290155,16.6275,163.0310845,30.01108451,0
512.14,565.46,40,1843,2,36,0.270548,8.734169,498.6205357,149.2537816,0
5502.02,6322.42,5,2,2,5,4.904635,1.961434,9.80926928,0.00210002,0
8.12,9652.16,8,8,2,1,2.39125,2.389408,19.13,0.01473229,0
0,1781.53,0,294,6,0,0.723916,0,212.8312929,212.8312929,0
2.28,14639.7,9,9,9,1,0.410631,0.410149,3.69567739,0.004336943,0
128.23,698.55,1625,7,3,7,0.653671,0.00349,4.57570025,-1.09549975,0
856.36,2201.5,18,13,6,5,0.126769,0.091114,1.647997646,0.007938,0
0,28348.22,0,8,3,0,4.49625,0,35.97,35.97,0
10360.43,10995.8,11,14,3,4,11.569866,14.724821,161.9781202,0.005083783,0
18608.76,8514.66,16,9,7,4,8.663918,5.184935,77.97525787,-4.9837,0
52022.74,350.51,6,3,1,3,1.767713,0.881667,5.30313769,0.01313769,0
30.87,5059.64,218,220,4,1,0.067557,0.067222,14.86254402,0.208246912,0
513.93,2948.3,32,87,2,3,0.050442,0.162452,4.388413219,-0.810066127,0
20746.43,13679.01,38,32,13,18,54.828862,46.433874,1754.523574,-9.96364786,0
126958.69,7792.29,7,84,4,5,0.055082,0.692494,4.62690739,-0.220548253,0
19901.17,35635.1,24,13,12,15,0.379974,0.218348,4.93965753,-0.300699333,0
157.54,0,2,1,1,2,101,50.499508,101,0.000984218,0
0,0,1,1,1,1,0.112211,0.112127,0.11221097,8.40E-05,0
0,0,1,1,1,1,2.409084,2.408612,2.409084,0.000471636,0
0,0,1,1,1,1,1.0617,1.061196,1.0617,0.000504,0
29232.53,11356.35,17,8,6,7,0.828522,0.001624,6.62817813,6.60057813,0
161.74,0.61,2,2,2,2,50.5,50.499487,101,0.001026218,0
1.51,133781.55,8,4,2,3,0.023828,0.01109,0.0953111,0.006594239,0
36.82,0,3,1,1,3,101,33.666163,101,0.001512,0
534.83,1811.85,19,107,11,16,0.677836,3.816704,72.52842801,0.011054682,0
40705.19,5242.65,17,32,3,5,11.963891,22.519675,382.8445198,0.010051869,0
0,614.25,1,2,2,1,0.293755,0.586661,0.58751088,0.00085,0
0,1.38,0,9999,281,0,0.100101,0,1000.911499,1000.911499,0
6075,12437.12,6,37,1,5,0.128521,0.697333,4.755290075,0.571290075,0
4.28,33756.85,4,4,4,1,39.309972,39.307882,157.2398863,0.00835763,0
0,1846.79,0,124,4,0,0.19999,0,24.79879684,24.79879684,0
4.71,0.38,3,2,2,3,1000.5,666.999528,2001,0.001414909,0
164.17,0.03,2,2,2,2,50.5,50.499487,101,0.001026218,0
32.12,0,3,1,1,3,101,33.666163,101,0.001512,0
0,8872.07,0,32,5,0,0.671923,0,21.50152334,21.50152334,0
0,319.54,1,5,1,1,4.01696,20.074296,20.08480004,0.010504,0
0,0,1,1,1,1,2,1.99938,2,0.00062,0
2351.93,14639.74,8,6,5,3,0.896366,0.671792,5.37819605,0.003859464,0
23.14,0,3,1,1,3,101,40.998884,101,-21.996652,0
21.36,32654.11,7,10,10,1,0.363961,0.517252,3.63960512,0.01883977,0
50723.92,9654.82,15,18,13,9,0.391943,0.286725,7.05497541,2.754106873,0
7790.94,6300.76,53,38,33,37,3.121616,2.180489,118.6214225,3.055495557,0
22.9,0,3,1,1,3,101,33.666149,101,0.001554,0
22.99,1.38,3,2,2,3,50.5,33.666149,101,0.001554,0
0,2106.35,0,95,5,0,0.836339,0,79.45224381,79.45224381,0
6.2,12970.92,74,77,16,3,139.405313,145.055439,10734.20911,0.106614403,0
807.56,640.37,7,21,3,3,0.790643,2.371478,16.60349504,0.00315,0
2.13,4356.17,21,31,1,1,0.07809,0.113879,2.420787961,0.029333301,0
126.86,198.53,1625,4,3,1,1.25825,0,5.033,5.033,0
108.76,0,3,1,1,2,101,33.666171,101,0.001488218,0
33.44,0,3,1,1,3,101,33.666163,101,0.001512,0
7367.48,4132.04,112,31,25,38,5.722515,1.656501,177.39797,-8.130154988,0
33.83,0,3,1,1,3,101,33.666163,101,0.001512,0
10.13,515.01,9998,44,2,310,0.072052,0.480662,3.170289033,-4802.487994,0
0,0,1,1,1,1,1,0.999559,1,0.000441,0
0,0,1,1,1,1,0.042361,0.04189,0.04236144,0.000471636,0
0,0,1,1,1,1,5,4.999418,5,0.000581532,0
17.54,62396.92,6,6,3,1,6.683333,6.680139,40.1,0.0191689,0
0,1450.1,0,138,4,0,0.393492,0,54.30187896,54.30187896,0
0,9946.53,0,20,6,0,22.318661,0,446.3732223,446.3732223,0
0,2139.34,0,106,3,0,0.196172,0,20.79428335,20.79428335,0
0,2394.9,0,84,2,0,0.323138,0,27.14362337,27.14362337,0
1640.14,4248.23,212,27,10,30,7.980593,1.466288,215.476,-95.377,0
158.55,0.84,2,2,2,2,50.5,50.499508,101,0.000984218,0
3.63,10604.56,6,6,1,1,533.966667,533.965822,3203.8,0.005067513,0
56.56,4767.05,202,200,7,122,0.105815,0.104161,21.1630752,0.122634209,0
5520.42,11513.34,38,22,15,13,13.299358,7.751511,292.5858827,-1.971532695,0
26969.87,4685.39,16,7,3,8,1.802786,0.78125,12.6195039,0.1195039,0
0,1955.01,0,116,3,0,0.233199,0,27.05109265,27.05109265,0
0,1578.58,0,126,3,0,0.212348,0,26.75582878,26.75582878,0
1342.1,3909.09,32,246,4,11,0.81926,6.159624,201.5379446,4.429966807,0
21.63,0,3,1,1,3,101,33.666149,101,0.001554,0
0,2024.86,0,112,3,0,0.206824,0,23.16431391,23.16431391,0
136670.13,1660.79,2,8,1,1,51.033034,204,408.2642694,0.26426943,0
0,0,1,1,1,1,0.133444,0.132244,0.13344443,0.0012,0
9590.14,45144.95,4,4,2,1,6.564544,6.56398,26.258175,0.002253447,0
0,9064.66,0,21,7,0,212.054265,0,4453.139562,4453.139562,0
0,0,1,1,1,1,8.274884,8.274264,8.2748844,0.00062,0
1123.47,270.51,698,12,8,42,84.370922,4.584183,1012.45107,-2187.308994,0
26577.3,6973.26,16,15,14,13,0.97967,0.917788,14.6950509,0.0104419,0
0,0,1,1,1,1,6.291,6.290528,6.291,0.000471636,0
0,9761.08,0,10,5,0,4.159299,0,41.59299069,41.59299069,0
157.73,0,2,1,1,2,101,50.499286,101,0.001428506,0
6.4,3682.74,5,5,5,1,0.349036,0.348227,1.74517932,0.004045778,0
28514.02,11936.93,22,6,5,13,10.316333,2.809545,61.898,0.088,0
2077.07,976.44,45,33,11,24,3.488138,2.557502,115.1085621,0.020959194,0
2848.66,7022.17,6,145,34,6,0.263624,2.5916,38.22541954,22.67581954,0
48.68,21508.24,2,2,1,1,9.282048,9.278205,18.56409632,0.00768701,0
0,14513.63,0,22,4,0,0.765089,0,16.83195227,16.83195227,0
255.97,16414.01,6,3,2,2,0.039768,0.019017,0.119304225,0.005200914,0
77173.02,19234.75,6,4,4,2,1.879351,1.252346,7.51740336,0.003327256,0
6.08,13535.38,5,6,2,1,38.005,45.605259,228.03,0.00370667,0
0,0,1,1,1,1,0.940096,0.937896,0.940096,0.0022,0
0,32061.7,0,4,4,0,1.962255,0,7.8490209,7.8490209,0
62490.9,8905.62,3,5,3,3,2.036068,3.392984,10.18033882,0.001386,0
58146.8,68553.37,9,3,3,6,6.018223,1.97195,18.05466777,0.30711888,0
39.81,706.02,738,769,3,1,1.254559,1.306237,964.755533,0.752547661,0
13919.87,7430.85,45,14,8,24,11.545215,3.693905,161.6330056,-4.592712036,0
164.08,0.82,2,2,2,2,50.5,50.499487,101,0.001026218,0
21.96,0,3,1,1,3,101,33.666149,101,0.001554,0
0,0,1,1,1,1,1.984529,1.984057,1.98452898,0.000471636,0
110.22,0.21,3,2,2,3,50.5,33.666165,101,0.001506437,0
0,55.66,1,3,3,1,1.791159,5.372976,5.37347636,0.0005,0
2.15,383.31,4,4,2,1,4.1325,4.13145,16.53,0.0042,0
8462.15,9681.63,11,28,23,6,1.711873,4.235391,47.93243763,1.343136515,0
0,2021.53,0,111,11,0,79.068456,0,8776.598594,8776.598594,0
0,1126.64,0,142,4,0,0.680048,0,96.56681321,96.56681321,0
184.32,38375.1,2,4,2,2,0.0175,0.041237,0.07,-0.012474,0
127.1,5235.9,41,42,4,1,0.122849,0.125265,5.159642359,0.023775483,0
16.09,23212.4,13,15,3,1,1.389382,1.599084,20.8407246,0.052633091,0
86885.88,19454.28,9,4,4,7,9.37475,1.257675,37.499,26.17992364,0
4442.43,38671.19,4,12,9,4,0.938549,0.113128,11.2625924,10.8100794,0
9454.07,3020.39,67,15,7,14,3.886909,0.852985,58.30364212,1.15363892,0
3841.43,4181.45,108,53,21,53,26.538892,13.067778,1406.561288,-4.7587321,0
35.27,0.45,2,2,2,2,50.5,50.499484,101,0.001032086,0
18.47,0,3,1,1,3,101,33.666149,101,0.001554,0
0,13340.42,0,17,6,0,1.188195,0,20.19932204,20.19932204,0
1.53,99458.45,9,9,2,1,12.634686,12.634198,113.7121743,0.004388927,0
28.16,17020.26,5,6,5,1,0.725826,0.869518,4.35495365,0.00736497,0
0,2057.81,0,128,1,0,0,0,0,0,0
997.08,6079.22,55,33,23,29,1.329624,0.797123,43.8775933,0.035816107,0
103.1,3044.08,136,255,4,1,1.757644,3.29473,448.1991704,0.115879896,0
1.46,0,3,2,2,3,1000.5,666.999528,2001,0.001414909,0
61.03,36.74,1103,8897,489,488,9.526978,75.747375,84761.52104,1212.166041,0
0,73.73,0,9999,4959,0,14.345195,0,143437.6048,143437.6048,0
25.89,0,3,2,2,3,50.5,33.666163,101,0.001512,0
0,20169.48,0,3,3,0,4.132966,0,12.3988982,12.3988982,0
0,21117.81,0,8,3,0,0.690069,0,5.520550214,5.520550214,0
0,1354.63,0,334,5,0,12.440834,0,4155.238457,4155.238457,0
167.35,0,4,2,2,4,1000.5,500.249559,2001,0.001764,0
51.79,346.95,297,302,1,2,0.233037,0.23654,70.37718903,0.124761,0
2.41,0,4,2,2,4,1000.5,500.249528,2001,0.001886545,0
35.82,13582.74,16,19,4,16,0.552257,0.655248,10.49288361,0.008913569,0
43366.81,0,3,1,1,2,0.01,0.002929,0.01,0.001211786,0
3035.19,18898.54,249,11,7,48,2.570133,0.126124,28.27146239,-3.133375606,0
0,1741.76,0,159,2,0,0.005805,0,0.922959773,0.922959773,0
18.6,0.04,4,2,2,3,50.5,25.249483,101,0.002066409,0
0,0,1,1,1,1,1.767,1.7648,1.767,0.0022,0
26.27,0.13,3,2,2,3,50.5,33.666163,101,0.001512,0
23.44,680.35,800,1147,2,1,0.706142,1.010933,809.9445847,1.198555314,0
14.18,12528.6,24,24,16,1,9.756729,9.756171,234.161501,0.013386334,0
0,0,1,1,1,1,1.21,1.209528,1.21,0.000471636,0
0,1705.11,0,133,5,0,1.03335,0,137.4354942,137.4354942,0
0,30231.99,0,2,2,0,11.445,0,22.89,22.89,0
0,0,1,1,1,1,1,0.999442,1,0.000558069,0
23.57,0,3,1,1,3,101,33.666149,101,0.001554,0
1.02,33744.12,3,3,2,2,0.002054,0.001214,0.006163113,0.00252,0
5.49,55533.12,3,4,2,1,53.275094,71.031824,213.100375,0.00490286,0
0,1574.87,0,144,3,0,0.178546,0,25.71059789,25.71059789,0
0,7426.41,0,43,5,0,1.090165,0,46.87710441,46.87710441,0
22.72,0,3,1,1,3,101,33.666149,101,0.001554,0
13.37,2401.89,144,152,23,1,21.606215,22.804786,3284.144693,0.25557213,0
983.72,256.4,53,14,8,13,4.686005,1.33666,65.60407482,-5.23892518,0
0,0,1,1,1,1,0.5,0.49938,0.5,0.00062,0
6062.88,0,2,1,1,1,0.67675,0.337871,0.67675001,0.001008,0
10726.92,5300.98,58,16,6,25,5.953125,1.908397,95.25,-15.437,0
5641.66,4009.83,23,5,2,11,1.208,0.261787,6.04,0.018889824,0
1.83,5818.54,3,3,3,1,1.669672,1.669146,5.00901694,0.001578413,0
6453.62,5824.39,84,48,30,47,19.40215,11.168882,931.3031863,-6.882865088,0
158.51,0,2,1,1,2,101,50.499508,101,0.000984218,0
2287.41,3593.72,17,8,4,11,0.737081,0.462421,5.89665001,-1.964503397,0
128.05,2676.14,113,385,4,2,0.274234,0.933167,105.5799568,0.13204982,0
8005.23,18481.54,54,21,7,30,2.804921,1.092752,58.90334658,-0.105252011,0
3.67,8121.75,8,11,4,8,5.409216,7.437226,59.5013736,0.003564983,0
39.13,2584.23,225,226,4,1,1.122684,1.127032,253.7264804,0.14425779,0
0,98742.3,0,6,1,0,0,0,0,0,0
10.35,59074.6,6,6,1,6,48.277719,48.277285,289.6663141,0.002604,0
0,0,1,1,1,1,20,19.99958,20,0.00042,0
161.01,0.63,2,2,2,2,50.5,50.499508,101,0.000984218,0
17.14,1500.16,205,205,2,1,6.556485,6.553071,1344.079493,0.6998484,0
29807.69,6264.42,9,7,7,3,4.43145,0.167778,31.02015218,29.51015218,0
163.33,0.9,2,2,2,2,50.5,50.499487,101,0.001026218,0
15005.89,100484.43,7,4,4,6,0.45457,0.259377,1.818279712,0.002641472,0
103.55,14816.31,7,7,1,1,0.084535,0.083509,0.591746115,0.0071836,0
3.52,1384.32,2,2,2,2,0.136863,0.136407,0.2737259,0.000912636,0
0,30231.68,0,2,2,0,8.355224,0,16.71044882,16.71044882,0
4845.22,72161.6,10,6,6,5,0.497712,0.2934,2.98627267,0.05227267,0
204306.92,0,2,1,1,2,62.749,31.374117,62.749,0.000765982,0
5,6878.01,4,5,5,1,1.277142,1.595156,6.38571036,0.00508702,0
21.92,0,3,1,1,3,101,33.666149,101,0.001554,0
12468.15,8033.25,21,4,4,18,12.754801,2.42817,51.01920283,0.02763883,0
0,0,1,1,1,1,0.337849,0.337408,0.33784947,0.000441,0
164.72,0,2,1,1,2,101,50.499487,101,0.001026218,0
17.16,1237.4,100,115,10,4,61.153239,70.325479,7032.622535,0.074655,0
0,25.19,0,9999,467,0,173.743893,0,1737265.188,1737265.188,0
0,28346.53,0,8,2,0,8.25,0,66,66,0
0,3.47,0,2,1,0,3.5,0,7,7,0
0,1494.17,0,280,6,0,0.922034,0,258.1695249,258.1695249,0
0,0,1,1,1,1,1.07503,1.07283,1.07503,0.0022,0
4.26,7317.8,3,3,3,1,25.530244,25.529551,76.59073242,0.00207924,0
0,0,1,1,1,1,12.123629,12.123009,12.12362879,0.00062,0
0,35168.05,1,2,2,1,1.0005,1.994087,2.001,0.00691285,0
2959.63,11077.89,47,59,7,3,0.123495,0.154567,7.28620061,0.02156837,0
162.67,0.82,2,2,2,2,50.5,50.499246,101,0.00150753,0
3.21,13093.57,2,3,3,1,4.251923,6.376843,12.75576985,0.00208354,0
0,8170.15,0,3,2,0,4.564684,0,13.69405301,13.69405301,0
20.02,0,3,1,1,3,101,33.666149,101,0.001554,0
18.96,0,3,1,1,3,101,33.666149,101,0.001554,0
13236.51,46252.62,2,6,4,2,1.84688,4.764894,11.08127856,1.551491,0
0,0,1,1,1,1,0.132052,0.131581,0.13205247,0.000471636,0
335.02,6451.95,51,165,3,1,0.339617,1.097963,56.0368573,0.040721089,0
394.48,3903.15,2547,5,4,1,1.822689,0,9.113445345,9.113445345,0
919.38,4336.02,3,4,4,1,2.802661,3.73644,11.21064228,0.001323,0
7309.1,24046.29,9,12,4,9,2.28109,3.040729,27.37307616,0.00651365,0
7555.61,4665.15,76,22,17,38,11.577949,3.93686,254.714884,-44.48646274,0
2578.66,2128.72,34,121,3,32,0.105958,0.376654,12.82090443,0.014658,0
59.56,3834.24,54,149,4,1,0.380018,1.04546,56.62264583,0.167782617,0
23.19,0,3,1,1,3,101,33.666149,101,0.001554,0
1572.64,3544.44,336,188,4,330,1288.712289,721.064972,242277.9104,0.079839968,0
16.9,0,3,1,1,3,101,33.666149,101,0.001554,0
35.4,1993.06,596,635,8,1,1.092387,1.163168,693.6654946,0.417599616,0
34.61,0,3,1,1,3,101,33.666163,101,0.001512,0
21.23,0,3,1,1,3,101,33.666149,101,0.001554,0
37.44,34210.03,3,3,3,1,2.255362,2.253439,6.76608518,0.00576773,0
0,0,1,1,1,1,0.481577,0.48053,0.48157657,0.001046957,0
29.68,1758.22,152,171,1,1,1.002717,1.127177,171.4645368,0.133650917,0
34950.79,56926.82,5,2,2,4,14.50715,2.7228,29.01429901,15.40029901,0
0,1563.49,0,135,5,0,0.302339,0,40.81580131,40.81580131,0
0,1874.25,0,121,3,0,0.224117,0,27.11816589,27.11816589,0
102173.82,393.5,2,2,1,1,0.085725,0.085156,0.17145081,0.001138646,0
158.19,1170.99,5,5,2,1,2.5415,2.540269,12.7075,0.00615738,0
17.41,0,3,1,1,3,101,33.666149,101,0.001554,0
28.84,293.05,2,2,2,1,0.15,0.149478,0.3,0.001043532,0
152.29,0,2,1,1,2,101,50.499508,101,0.000984218,0
0,3031.95,0,66,4,0,0.32997,0,21.77805248,21.77805248,0
10668.21,5515.07,74,30,10,33,25.691427,10.413679,770.7427983,0.130553209,0
194.15,156.46,140,9416,3,5,1.440628,96.871256,13564.95059,2.974723855,0
17.43,0.33,4,2,2,3,50.5,25.249475,101,0.0021,0
9466.6,5835.85,19,12,4,9,2.251987,1.421397,27.02384313,0.017300952,0
12580.02,13777.87,7,49,9,2,41.426687,289.915176,2029.907676,0.501441,0
55.32,1195.45,142,528,2,1,0.300034,1.114502,158.4181791,0.158929325,0
0,6624.24,0,44,3,0,0.778303,0,34.24535321,34.24535321,0
96.2,4624.11,113,206,13,15,24.260837,44.226749,4997.732517,0.10986522,0
5.27,887.37,133,133,1,1,0.059043,0.057878,7.852685627,0.154953377,0
0,0,1,1,1,1,2.964705,2.964085,2.96470469,0.00062,0
4931.1,32311.34,14,25,5,5,9.35996,16.713467,233.9989946,0.010457697,0
6.37,10158.01,13,13,2,13,5.965473,5.965031,77.5511499,0.005752091,0
6.92,4.95,9973,27,6,5948,3058.254147,56.227372,82572.86196,-478182.7184,0
106.69,0.3,3,2,2,2,50.5,33.666171,101,0.001488218,0
1171.17,2482.11,13,60,3,1,0.109859,0.505817,6.591528549,0.015912699,0
36625.23,2098.76,13,183,4,9,1.630253,22.948248,298.3362568,0.009029666,0
33.41,0,3,1,1,3,101,33.666163,101,0.001512,0
14.02,0,4,1,1,4,101,25.249475,101,0.0021,0
0,0,1,1,1,1,3.488,3.486505,3.488,0.00149514,0
0,6670.48,0,30,6,0,1.790369,0,53.71106757,53.71106757,0
17508.49,16393.02,16,16,1,2,3.430606,3.430109,54.8897,0.007957042,0
94066.77,17.25,2,2,2,2,0.305241,0.3048,0.61048288,0.000882,0
1125.1,10336.98,80,36,19,42,2.429234,1.122761,87.45243832,-2.36842168,0
17.85,0,4,1,1,4,101,25.249475,101,0.0021,0
0,3119.82,0,91,5,0,0.893643,0,81.32154601,81.32154601,0
162.22,0,2,1,1,2,101,50.499508,101,0.000984218,0
19.81,0,3,1,1,3,101,33.666149,101,0.001554,0
0,0,1,1,1,1,3.5,3.49909,3.5,0.00091,0
0,0,1,1,1,1,20.009559,20.008512,20.009559,0.001046957,0
492.96,2518.69,10,11,7,2,0.775447,0.85255,8.52991717,0.00441717,0
27766.84,5600.83,20,6,2,10,10.733333,3.2145,64.4,0.11,0
22.85,0.58,3,2,2,3,50.5,33.665988,101,0.002035312,0
0,0,0,1,1,0,0.199666,0,0.199666115,0.199666115,0
0,10300.7,0,31,5,0,0.578518,0,17.93405951,17.93405951,0
3.28,8048.14,55,56,3,2,0.153729,0.156104,8.608801423,0.023100003,0
22.27,0,3,1,1,3,101,33.666149,101,0.001554,0
0,0,1,1,1,1,0.46,0.4578,0.46,0.0022,0
68.95,36340.29,27,27,3,27,0.06248,0.062017,1.68695382,0.012487242,0
8775.85,0,6,1,1,5,0.425909,0.070486,0.42590949,0.002995698,0
0,11934.92,0,19,3,0,0.854905,0,16.24319794,16.24319794,0
13.33,31362.75,8,8,5,1,14.073174,14.071617,112.5853935,0.01245446,0
640.36,731.38,473,553,9,14,86.214383,100.79515,47676.55387,0.447909,0
3133.09,14514.97,8,54,5,3,16.033217,108.223165,865.7937435,0.008420494,0
0,2974.14,0,77,4,0,0.83739,0,64.47903099,64.47903099,0
2200.37,990.38,336,263,67,121,7.754313,6.214236,2039.384432,-48.59896759,0
0,0,1,1,1,1,0.055685,0.055065,0.055685488,0.00062,0
6.45,5583.32,15,16,9,15,2.586012,2.75793,41.37619494,0.007249838,0
39296.32,8341.16,14,12,5,9,79.326053,71.728492,951.9126324,-52.28625761,0
10.54,11481.89,12,12,9,1,0.983759,0.981987,11.80510562,0.021255711,0
0,0,1,1,1,1,0.298122,0.29765,0.298121726,0.000471636,0
16.3,0,3,1,1,3,101,33.666149,101,0.001554,0
22.46,0,3,1,1,3,101,33.666149,101,0.001554,0
23.88,0.25,3,2,2,3,50.5,33.666152,101,0.001544256,0
158.79,7572.78,110,121,3,1,0.945745,1.038847,114.4351818,0.161999897,0
6.21,7316.53,5,5,3,5,0.393648,0.393198,1.968241902,0.002253089,0
1839.77,1971,249,48,18,55,28.873652,6.675768,1385.935281,-276.3308518,0
3521.36,8988.26,33,26,8,29,5.869302,4.623208,152.601861,0.036008933,0
160.78,0.3,2,2,2,2,50.5,50.499508,101,0.000984218,0
2338.41,0,4,1,1,1,4.995,1.24825,4.995,0.002,0
8.68,386.91,206,210,2,1,1.482526,1.510651,311.3303977,0.13626827,0
20.77,0,3,1,1,3,101,33.666149,101,0.001554,0
301.66,1200.18,3,6,2,3,181.761167,363.521878,1090.567,0.001365,0
134.85,2334.05,6324,73,20,268,5.270263,0.191383,384.7291641,-825.5748438,0
5702.55,15152.51,58,23,14,34,5.907237,2.509068,135.8664441,-9.659485919,0
24302.23,7762.17,17,4,2,7,20.20328,3.496471,80.81312027,21.37312027,0
159.94,0,2,1,1,2,101,50.499508,101,0.000984218,0
4571.61,1787.41,139,356,49,59,7.306368,22.403299,2601.066872,-512.9916607,0
653.69,20040.9,46,51,23,40,0.590559,0.653362,30.11853351,0.063895688,0
0,748.09,0,1291,16,0,0,0,0,0,0
74.91,10986.74,67,60,6,3,158.203124,141.6715,9492.187463,0.196957719,0
101.69,2208.28,239,244,1,239,0.048245,0.048753,11.7716724,0.119746335,0
0,6618.76,0,8,2,0,4.3825,0,35.06,35.06,0
2.82,0,3,2,2,3,1000.5,666.999528,2001,0.001414909,0
829.73,8742.06,5,3,2,4,0.773323,0.463049,2.31997,0.00472595,0
157.78,0.6,2,2,2,2,50.5,50.499508,101,0.000984218,0
2438.95,36677.92,49,6,4,6,4.381687,0.607759,26.29012457,-3.490071666,0
0,2107.5,0,382,4,0,0.167226,0,63.88014633,63.88014633,0
2.82,3137.88,6,6,4,1,1.376325,1.375905,8.25794852,0.00252,0
0,1167.05,0,165,5,0,0.098513,0,16.25461889,16.25461889,0
11281.09,17836.09,42,7,7,16,16.698436,4.673431,116.8890523,-79.395052,0
33.98,698.72,24,26,5,1,4.257508,4.611303,110.695197,0.023929433,0
1.12,0.07,3,2,2,3,1000.5,666.999528,2001,0.001414909,0
0,169217.42,1,2,2,1,0.190321,0.34833,0.38064101,0.03231071,0
11234.44,8373.38,40,23,9,31,3.305629,1.894175,76.02946745,0.262467448,0
30.48,0,2,1,1,2,101,50.499475,101,0.00105,0
144881.43,37973.61,4,6,4,4,1.79073,2.685075,10.74438143,0.004081428,0
0,32396.89,0,7,3,0,3.279,0,22.953,22.953,0
0,0,1,1,1,1,1,0.999559,1,0.000441,0
0.92,0.07,3,2,2,3,1000.5,666.999528,2001,0.001414909,0
227497.43,2528.63,3,5,5,2,14.087024,23.477513,70.43512067,0.002583,0
1187.89,12886.21,21,32,1,1,0.659656,1.004247,21.109,0.01980501,0
14.76,17045.2,6,6,1,1,5.350343,5.349342,32.10205526,0.006003072,0
0,29442.29,0,3,3,0,6.618043,0,19.8541287,19.8541287,0
15.44,598.23,504,1568,4,2,0.625082,1.943927,980.1291376,0.389815285,0
0,21793.39,0,6,3,0,8.1537,0,48.9222,48.9222,0
8.38,5742.45,65,65,7,1,15.724969,15.723672,1022.122976,0.084282612,0
23.13,0,3,1,1,3,101,33.666149,101,0.001554,0
124157.28,26119.49,6,9,4,6,0.938257,0.152922,8.444312104,7.5267775,0
1383.09,5272.9,626,33,16,79,0.869689,0.078686,28.69974712,-20.55771744,0
703.51,1512.16,384,962,64,187,1.195089,3.050133,1149.675784,-21.57532972,0
0,1565.45,0,204,6,0,0.931566,0,190.0393677,190.0393677,0
159.21,0.94,2,2,2,2,50.5,50.499508,101,0.000984218,0
0,22478.28,0,7,4,0,14.647343,0,102.5314,102.5314,0
11.72,6007.75,10,11,4,10,2.68885,2.957122,29.57734646,0.006128159,0
1820.38,11346.38,3,52,1,2,0.089146,0.422667,4.63559109,3.36759109,0
20.6,0,3,1,1,3,101,33.666149,101,0.001554,0
6480.81,14502.61,69,38,23,36,5.898819,2.75493,224.1551375,34.06496581,0
0,2530.68,0,45,6,0,0.958561,0,43.13523076,43.13523076,0
2.73,25110.85,20,20,14,1,0.449571,0.449151,8.991411858,0.008400008,0
0,2042.77,0,111,3,0,0.226477,0,25.13891811,25.13891811,0
0,0,1,1,1,1,2.049802,2.04933,2.049801709,0.000471636,0
0,5257.66,0,54,4,0,0.704038,0,38.01805148,38.01805148,0
159.59,0.37,2,2,2,2,50.5,50.499508,101,0.000984218,0
0,22081.76,0,4,3,0,5.438591,0,21.75436392,21.75436392,0
22.14,0,3,1,1,3,101,33.666149,101,0.001554,0
5452.73,4785.23,70,31,8,30,12.46921,5.507183,386.545511,1.042716109,0
13.74,8508.45,44,44,2,2,0.029037,0.028289,1.277645881,0.032948531,0
0,335.15,0,1083,500,0,0,0,0,0,0
0,0,1,1,1,1,0.1,0.09916,0.1,0.00084,0
3.98,7916.66,2,2,1,2,10,9.999544,20,0.000912636,0
25.09,0.28,3,2,2,3,50.5,33.666163,101,0.001512,0
0,0,1,1,1,1,0.226826,0.226206,0.22682595,0.00062,0
0,0,1,1,1,1,20.009559,20.008512,20.009559,0.001046957,0
0,2577.17,0,88,2,0,0.262058,0,23.06110509,23.06110509,0
53179.15,1896.56,4,8,1,1,18.28875,36.576903,146.31,0.00238713,0
1.84,0.77,2,3,1,1,0.194454,0.290463,0.583362,0.002436965,0
0,2440.23,0,82,4,0,0.737754,0,60.49578813,60.49578813,0
0,1684.81,0,173,8,0,3.612123,0,624.8973142,624.8973142,0
93.43,3889.69,281,297,3,1,1.863604,1.968794,553.4905233,0.259464708,0
3785.36,1.05,8,3,2,4,46.668186,18.80197,140.004559,-10.41119911,0
7.21,0,3,1,1,3,101,33.666121,101,0.001638,0
157.6,0,2,1,1,2,101,50.499508,101,0.000984218,0
160.27,3.67,2,2,2,2,50.5,50.499508,101,0.000984218,0
0,2245.6,0,71,4,0,73.591863,0,5225.022263,5225.022263,0
3.06,0.52,3,2,2,3,1000.5,666.999528,2001,0.001414909,0
161.39,0.88,2,2,2,2,50.5,50.499487,101,0.001026218,0
3.64,13721.37,8,8,4,1,0.977648,0.976976,7.82118647,0.005376007,0
0,1175.06,0,248,8,0,0.941504,0,233.4929308,233.4929308,0
0,853.57,0,231,6,0,1.256695,0,290.2965567,290.2965567,0
20.03,0,3,1,1,3,101,33.666149,101,0.001554,0
3725.2,2123.63,29,403,7,18,1.696096,20.14878,683.5267534,99.21214094,0
22.27,0,3,1,1,3,101,33.666149,101,0.001554,0
1723.73,2314.59,200,50,22,57,14.810252,4.824889,740.5126234,-224.4652666,0
154858.23,0,2,1,1,2,0.5,0.249695,0.5,0.000609007,0
170.65,2356.55,106,131,4,1,0.977181,1.207463,128.0107003,0.019589374,0
55.45,2040.66,541,621,4,1,0.743908,0.852759,461.9666494,0.624225198,0
0,0,1,1,1,1,0.5,0.49938,0.5,0.00062,0
23.23,0,3,1,1,3,101,33.666149,101,0.001554,0
38287.05,21711.25,12,54,4,7,0.665876,2.850606,35.95731093,1.750034339,0
0,0,1,1,1,1,6.254873,6.254253,6.25487321,0.00062,0
163.56,0,2,1,1,2,101,50.499508,101,0.000984218,0
202.39,4472.61,80,80,2,3,0.993995,0.993574,79.51956538,0.033621009,0
155.84,2221.08,413,476,70,333,0.318852,0.366951,151.773522,0.222808499,0
1.77,0.2,3,2,2,3,1000.5,666.999528,2001,0.001414909,0
15.47,10.07,3,2,2,3,50.5,33.666149,101,0.001554,0
59473.22,7956.62,8,8,1,3,44.008118,42.5,352.064943,12.06494299,0
4.57,6087.57,133,137,6,2,10.700669,11.021655,1465.991706,0.111640448,0
7033.54,38207.44,12,7,4,8,2.056097,0.795792,14.39267939,4.843177197,0
0,14169.01,0,10,6,0,8.94886,0,89.4886,89.4886,0
28.04,25484.65,15,15,4,1,1.200754,1.198403,18.01130295,0.03526417,0
5.66,5043.59,87,87,1,4,1.056269,1.05562,91.89543149,0.056448,0
0,2791.42,0,69,4,0,1.215895,0,83.896787,83.896787,0
162.87,0.82,2,2,2,2,50.5,50.499487,101,0.001026218,0
0,1789.14,0,128,7,0,0.374062,0,47.87993354,47.87993354,0
108.28,0,3,1,1,2,101,33.666171,101,0.001488218,0
1525.83,3707.78,655,35,17,111,11.330496,0.580528,396.5673445,16.32135478,0
21.5,773.96,1412,2147,51,3,5.041356,7.666635,10823.79081,-1.498429914,0
1.12,0.07,3,2,2,3,1000.5,666.999528,2001,0.001414909,0
0,17442.71,0,13,6,0,2.534926,0,32.95403619,32.95403619,0
0,59293.47,1,4,4,1,4.036875,16.14664,16.1475011,0.000861,0
0,3801.51,0,84,5,0,0.620867,0,52.15283878,52.15283878,0
0,0,1,1,1,1,1.999496,1.998992,1.999496,0.000504,0
0,0,1,1,1,1,0.130217,0.129745,0.13021657,0.000471636,0
3.62,0,3,2,2,3,1000.5,666.999528,2001,0.001414909,0
157.77,0,2,1,1,2,101,50.499508,101,0.000984218,0
38.27,1397.33,245,647,6,3,0.927509,2.448532,600.0985384,0.208079386,0
0,0,1,1,1,1,0.2,0.19938,0.2,0.00062,0
29855.98,22375.54,6,14,1,2,9.012231,11.0195,126.1712409,60.05424088,0
0,0,1,1,1,1,0.258024,0.257604,0.2580236,0.00042,0
14.85,21469.38,14,15,3,1,0.178841,0.189291,2.682610074,0.032537264,0
0,14721.7,0,6,3,0,2.22633,0,13.357978,13.357978,0
987.84,1872.81,528,257,68,122,4.931955,2.737619,1267.512397,-177.9506035,0
8110.89,5961.32,59,18,7,21,201.221732,66.320746,3621.991171,-290.9328288,0
0,10600.35,1,7,7,1,2.06053,6,14.42370717,8.42370717,0
301.06,607.86,1138,1068,724,889,1.734124,1.676711,1852.044338,-56.05239874,0
33.44,0,3,1,1,3,101,33.666163,101,0.001512,0
0,2292.14,0,84,4,0,0.160978,0,13.52212804,13.52212804,0
0,2313.04,0,86,4,0,0.481405,0,41.40085147,41.40085147,0
8.62,35940.25,14,15,4,3,0.460842,0.492808,6.912635183,0.0133225,0
3998.05,1948.14,192,106,39,102,2.675704,1.529939,283.6246311,-10.12359886,0
0,0,1,1,1,1,2.295681,2.294647,2.2956809,0.001034176,0
5.43,5.01,2575,7425,1100,1648,13.182674,36.648675,97881.35701,3511.017805,0
162.18,0.3,2,2,2,2,50.5,50.499508,101,0.000984218,0
2833.22,77562.11,10,5,3,6,1.150218,0.912538,5.75108865,-3.374288072,0
0,0,1,1,1,1,0.06,0.0578,0.06,0.0022,0
101.74,10249.93,21,21,7,1,33.673745,33.672946,707.1486483,0.016785257,0
4915.69,333.23,6,2,1,4,0.440175,0.263833,0.88034909,-0.70265091,0
0,8577.01,0,33,9,0,1.495514,0,49.35197343,49.35197343,0
0,0,1,1,1,1,0.241615,0.23857,0.24161454,0.00304422,0
19.79,0,3,1,1,3,101,33.666149,101,0.001554,0
19745.14,8.97,22,7,2,12,145.727599,46.367004,1020.093196,0.019111602,0
0,2122.89,0,76,4,0,0.824811,0,62.68563235,62.68563235,0
0,151663.04,0,2,2,0,0.094942,0,0.18988462,0.18988462,0
2.35,0.03,4,2,2,4,1000.5,500.249528,2001,0.001886545,0
55148.34,14.52,5,2,2,3,1.052986,0.41828,2.10597257,0.01457009,0
162.1,0.82,2,2,2,2,50.5,50.499487,101,0.001026218,0
0,3885.59,0,75,5,0,0.862237,0,64.66775281,64.66775281,0
27351.91,1.63,9,2,2,3,0.270919,0.059166,0.54183871,0.009341891,0
0,1522.09,0,149,3,0,0.931151,0,138.7415027,138.7415027,0
36609.86,5079.12,17,7,3,10,0.570016,0.250477,3.99011142,-0.26799858,0
0,833.87,0,1010,10,0,2.297035,0,2320.005129,2320.005129,0
5.07,1558,14,14,3,14,6.872929,6.872478,96.221,0.006307396,0
7440.58,8125.4,49,48,5,22,7.979621,42.99759,383.0218117,-1723.86008,0
0,0,1,1,1,1,0.745815,0.743615,0.745814532,0.0022,0
24.18,0.33,3,2,2,3,50.5,33.666149,101,0.001554,0
0,0,1,1,1,1,25,24.999528,25,0.000471636,0
9809.69,14927.6,3,11,4,2,7.638912,10.229188,84.0280271,53.3404637,0
23069.71,9429.69,10,10,10,8,0.30513,0.3045,3.05130424,0.00630424,0
0,12974.38,0,20,3,0,0.762141,0,15.24282398,15.24282398,0
1100.82,2725.87,18,383,8,16,0.205383,3.03243,78.6615141,24.07777292,0
21.52,0,3,1,1,3,101,33.665988,101,0.002035312,0
1.18,1.49,3,2,2,3,1000.5,666.999528,2001,0.001414909,0
0,0,1,1,1,1,0.081,0.080528,0.081,0.000471636,0
162.67,0,2,1,1,2,101,50.499487,101,0.001026218,0
0,0,1,1,1,1,0.9875,0.986996,0.9875,0.000504,0
36.83,0.14,2,3,3,2,33.666667,50.499496,101,0.001008,0
607.75,548.74,1053,793,307,385,73.687682,56.178977,58434.33172,-722.1311104,0
82.73,3411.11,141,151,1,1,0.938305,1.002149,141.6840336,0.380995067,0
24.47,0.45,3,2,2,3,50.5,33.666161,101,0.001517096,0
90.3,4483.98,4,4,4,1,0.7135,0.71304,2.854,0.001841532,0
1076.79,6307.46,35,9,5,10,12.590981,3.692678,113.3188312,-15.92488251,0
1455.07,1252.5,409,225,34,73,18.98805,10.58942,4272.31121,-58.76139009,0
2.76,1409.24,6,6,4,1,16.980507,16.980087,101.8830413,0.00252001,0
3.68,5538.65,13,13,2,1,0.189847,0.189427,2.468014387,0.005460007,0
0,0,0,1,1,0,0,0,0,0,0
0,1655.3,0,137,3,0,0.202817,0,27.78592267,27.78592267,0
0,13.2,0,9999,1126,0,681.747867,0,6816796.922,6816796.922,0
19.36,170.06,3177,3417,1,1,0.982904,1.056204,3358.582524,3.023209814,0
0,1179.97,1,4,3,1,216.683833,365.734892,866.7353327,501.000441,0
33.31,0,2,1,1,2,101,50.499475,101,0.00105,0
0,2983.53,0,76,4,0,1.038998,0,78.96385255,78.96385255,0
165.26,0,2,1,1,2,101,50.499508,101,0.000984218,0
160.85,0.84,2,2,2,2,50.5,50.499508,101,0.000984218,0
141.06,16562.46,4,4,4,1,8.11,8.109575,32.44,0.001701,0
7239.17,6318.81,95,46,23,40,5.715695,2.891069,262.9219553,-11.72956474,0
156.98,0,2,1,1,2,101,50.499508,101,0.000984218,0
0,13475.58,0,24,4,0,0.7392,0,17.74079603,17.74079603,0
154.87,0,2,1,1,2,101,50.499508,101,0.000984218,0
7411.33,1432.48,12,6,2,7,1.243353,0.894418,7.46011951,-3.272898351,0
17.35,0,4,1,1,3,101,25.249475,101,0.0021,0
0,1410.8,0,141,4,0,0.89115,0,125.6521387,125.6521387,0
2941.87,10405.01,56,40,12,36,94.441817,70.354412,3777.672679,-162.1743816,0
0,3402.75,1,3,1,1,3.05447,9.16297,9.16341131,0.000441,0
217.1,634.07,7,14,4,3,1.615721,3.230912,22.62008826,0.003706422,0
108.75,0,3,1,1,2,101,33.666171,101,0.001488218,0
0,14.17,1,2,1,1,0.50635,1.01,1.0127,0.0027,0
727.02,2572.63,11,11,6,6,9.152785,9.152344,100.6806351,0.004851,0
1713.52,3754.59,101,33,17,21,40.220854,51.282673,1327.28818,-3852.26182,0
0,0,0,1,1,0,0.005,0,0.005,0.005,0
159.98,0,2,1,1,2,101,50.499508,101,0.000984218,0
22.12,0,3,1,1,3,101,33.666149,101,0.001554,0
0,49124.56,0,4,3,0,6.966826,0,27.86730417,27.86730417,0
165.78,342.14,6,7,6,2,7.411429,9.111167,51.88,-2.787,0
5.34,127607.06,3,3,1,2,3.72995,3.729369,11.18985137,0.001743,0
3348.52,1099.73,223,154,60,83,9.975635,6.936545,1536.247846,-10.60177512,0
0,0,1,1,1,1,5,4.99938,5,0.00062,0
298.63,10585.29,14,14,1,1,1.022526,1.021135,14.31536663,0.019476907,0
0,1905.6,0,119,3,0,0.51782,0,61.62052347,61.62052347,0
31248.23,129657.77,6,4,3,6,0.303596,0.213274,1.21438381,-0.06526118,0
3861.13,10782.61,18,21,10,1,1.767729,2.588309,37.1223138,-9.46724285,0
2287.99,9808.56,10,43,4,9,0.466562,2.005412,20.06215372,0.00803506,0
313.04,20.31,163,4,1,1,63.99,4.871068,255.96,-538.0241411,0
32.41,29098.17,20,24,5,3,450.149963,540.179084,10803.59911,0.017430395,0
55.35,1443.78,335,743,6,1,0.450975,0.999148,335.0745382,0.360034961,0
14.72,0,3,1,1,3,101,33.666149,101,0.001554,0
26340.21,2577.8,27,9,1,10,9.902,3.481852,89.118,-4.892,0
162.16,0.33,2,2,2,2,50.5,50.499286,101,0.001428506,0
125617.55,1116.7,5,8,1,1,2.09065,3.343655,16.72520176,0.0069279,0
7125.42,5123.34,43,46,1,2,5.631793,6.024309,259.0624682,0.017170476,0
0,0,1,1,1,1,10,9.99938,10,0.00062,0
0,11343.75,0,12,2,0,31.759,0,381.108,381.108,0
160.15,0.29,2,5,5,2,20.2,50.499508,101,0.000984218,0
102185.85,0,2,1,1,1,2.285,1.141978,2.285,0.001043201,0
8134.32,24609.62,7,10,6,6,1.12251,1.673644,11.22510231,-0.490402475,0
2470.74,5777.85,30,40,10,23,0.057987,0.076686,2.31947171,0.018899461,0
0,20615.85,0,11,3,0,2.13298,0,23.46277968,23.46277968,0
7.13,15669.9,10,10,4,10,1.831325,1.830858,18.31325045,0.004671751,0
4.82,17855.68,5,5,3,5,2.159874,2.1593,10.79936941,0.002867316,0
0,4517.32,0,67,6,0,0.746253,0,49.99894413,49.99894413,0
2671.89,1625.1,299,135,54,125,4.820427,2.364669,650.757622,-56.27847802,0
162.98,0.19,2,3,3,2,33.666667,50.499508,101,0.000984218,0
0,0,1,1,1,1,10,9.99938,10,0.00062,0
106.55,0,3,1,1,2,101,33.666171,101,0.001488218,0
1.51,0.28,3,2,2,3,1000.5,666.999528,2001,0.001414909,0
0,0,1,1,1,1,0.499454,0.497254,0.499454,0.0022,0
41372.51,10604.71,7,27,3,7,0.480539,1.694857,12.97454579,1.110543828,0
0,4206.08,0,21,2,0,0.561565,0,11.79287451,11.79287451,0
0,0,1,1,1,1,0.876632,0.873588,0.87663239,0.00304422,0
162.55,0.26,2,3,3,2,33.666667,50.499508,101,0.000984218,0
15250.84,24481.47,9,4,3,7,9.957013,5.863,39.8280537,-12.9389463,0
0,0,1,1,1,1,0.002535,0.002,0.00253479,0.00053479,0
45.03,42794.39,10,10,2,1,2.426059,2.419596,24.26058505,0.064622121,0
22.61,201.11,3,2,2,3,50.5,33.666157,101,0.001530218,0
0,0,1,1,1,1,2.730994,2.73049,2.73099354,0.000504,0
11.75,35677.15,7,7,3,1,17.521221,17.520233,122.648547,0.006917854,0
164.28,0.82,2,2,2,2,50.5,50.499487,101,0.001026218,0
0,5725.61,0,40,4,0,0.848573,0,33.94292583,33.94292583,0
162.53,0.21,2,2,2,2,50.5,50.499487,101,0.001026218,0
22.62,0,3,1,1,3,101,33.666149,101,0.001554,0
10145.67,0,8,2,1,3,5000,4374.8775,10000,-24999.02,0
19255.47,7185.55,18,15,7,10,9.412279,7.843028,141.1841836,0.00968063,0
0,1405.84,0,137,3,0,1.925123,0,263.7419046,263.7419046,0
17.63,0,3,1,1,3,101,33.666149,101,0.001554,0
4.01,17845.25,12,12,3,12,0.060543,0.06009,0.726514057,0.005435952,0
0,0,0,1,1,0,0.1,0,0.1,0.1,0
16.28,1630.94,424,424,4,332,1.131961,1.131377,479.9515665,0.247817534,0
0,0,1,1,1,1,0.15,0.14938,0.15,0.00062,0
2173.23,29395.18,14,34,5,2,7.871693,19.116551,267.6375554,0.005842391,0
0,5347.21,0,63,4,0,0.916661,0,57.74967429,57.74967429,0
3679.63,1490.51,122,38,7,59,6.822786,2.220241,259.2658834,-11.60346547,0
1410.71,1398.9,11,4,2,6,1.11675,0.808663,4.467,-4.428292899,0
27729.92,1466.44,7,7,1,1,4.137857,4.137377,28.965,0.003362271,0
3217.13,607.7,271,37,18,64,57.193675,7.11736,2116.165977,187.3615393,0
0,825.09,0,453,11,0,2.715617,0,1230.174538,1230.174538,0
4820.45,11534.71,83,27,6,27,2.580045,0.897175,69.66120191,-4.80435624,0
3.61,29732.09,6,6,5,1,10.21901,10.216875,61.31406237,0.01281267,0
9.2,354.6,1140,1220,3,2,2.15638,2.307017,2630.783279,0.783791936,0
11.82,3695.86,4,4,3,1,0.553372,0.552884,2.21348891,0.001953826,0
22.14,0,3,1,1,3,101,33.666149,101,0.001554,0
0,0,1,1,1,1,10,9.99938,10,0.00062,0
3.05,12446.59,18,18,1,2,0.972066,0.971646,17.49719346,0.007560006,0
0,8705.43,0,78,6,0,0.987439,0,77.0202077,77.0202077,0
14.09,14521.23,6,6,4,1,0.334093,0.331885,2.004559,0.01325056,0
425.25,5992.31,81,80,10,3,0.192357,0.189223,15.38858687,0.06149939,0
95.89,34754.13,995,9,9,5,1.264529,0.042671,11.38076092,-31.07685147,0
2.47,4168.05,2,2,1,1,1.001207,1.000062,2.002414281,0.002291241,0
2987.33,13421.16,47,10,7,20,1.043002,0.223049,10.4300176,-0.053276468,0
5.95,15721.75,50,62,4,2,3323.368933,4120.976238,206048.8739,0.061955675,0
15.59,0,3,1,1,3,101,33.666149,101,0.001554,0
10.03,6217.09,5,14,2,1,0.222491,0.621945,3.114878611,0.005154141,0
1.17,1.2,3,2,2,3,1000.5,666.999528,2001,0.001414909,0
0,0,1,1,1,1,12.168132,12.167512,12.16813229,0.00062,0
12917.99,14373.26,10,9,2,9,0.124581,0.122915,1.121226501,-0.107921,0
158.38,0.63,2,2,2,2,50.5,50.499508,101,0.000984218,0
109.51,0.7,3,2,2,2,50.5,33.666165,101,0.001506437,0
0,1518.64,0,131,3,0,0.196476,0,25.73830801,25.73830801,0
161.92,0.82,2,2,2,2,50.5,50.499487,101,0.001026218,0
3511.73,917.26,96,69,13,74,149.246679,107.270577,10298.02086,0.045487051,0
9095.06,15585.96,17,14,11,11,7.274136,5.595242,101.8379073,6.718787498,0
0,0,1,1,1,1,0.586,0.585559,0.586,0.000441,0
102189.13,0,2,1,1,1,7.095138,3.547048,7.09513842,0.001043205,0
17.76,0.07,4,2,2,4,50.5,25.249475,101,0.002101573,0
353.9,4780.8,117,125,3,117,0.307705,0.328208,38.46315284,0.062867136,0
0,4321.26,0,53,4,0,0.864924,0,45.84098626,45.84098626,0
289.05,378.7,2,2,1,1,64.495,64.494559,128.99,0.000882,0
157.54,0,2,1,1,2,101,50.499508,101,0.000984218,0
4.28,3506.79,95,95,3,95,0.21508,0.214641,20.43257717,0.041673635,0
0,7367.9,0,27,3,0,0.856221,0,23.11797834,23.11797834,0
23.69,4778.36,85,86,21,85,8.989891,9.095174,773.1306121,0.04080994,0
62.42,0,5,1,1,2,101,20.199504,101,0.002481262,0
0,0,1,1,1,1,0.434972,0.434468,0.43497173,0.000504,0
0.91,8800.32,6,6,2,2,0.757961,0.756981,4.547765663,0.00588,0
1865.94,12424.9,81,65,11,1,9.455185,11.138925,614.5870515,-287.6658828,0
4.91,0,3,2,2,3,1000.5,666.999528,2001,0.001414909,0
160.92,0.05,2,13,13,2,7.769231,50.499508,101,0.000984218,0
0,1381.57,0,144,8,0,0.874418,0,125.9161896,125.9161896,0
45.31,6907.55,119,124,4,3,0.949229,0.988366,117.7043402,0.088731608,0
20.84,0,3,1,1,3,101,33.666149,101,0.001554,0
168.75,323.15,47,2163,3,16,2.059981,94.801888,4455.738125,0.04937693,0
6004.41,8892.65,91,46,30,55,4.574932,2.245351,210.4468649,6.119964948,0
22.77,0,3,1,1,3,101,33.666149,101,0.001554,0
2342.28,25299.28,20,19,1,13,0.075176,0.070791,1.42834212,0.01251525,0
23.25,0,3,1,1,3,101,33.678884,101,-0.036652,0
1923.31,6407.36,85,132,5,27,0.534631,0.82541,70.57125504,0.41142208,0
340769.57,0,5,1,1,3,1490,297.98,1490,0.1,0
0,0,1,1,1,1,0.11279,0.109746,0.11279008,0.00304422,0
1229.11,482.69,317,255,97,117,23.750236,20.079526,6056.310258,-308.8995718,0
159.34,0.3,2,2,2,2,50.5,50.499508,101,0.000984218,0
0,0,0,1,1,0,0,0,0,0,0
0,215.77,0,299,65,0,1.30282,0,389.5431655,389.5431655,0
290.4,489.62,3490,2,1,582,3.49958,0.000551,6.99915998,5.075338001,0
1065.11,3370.61,168,91,18,28,4.924933,2.728846,448.1688846,-10.2771975,0
17.54,434.15,26,30,4,1,0.124375,0.139704,3.731242964,0.0989275,0
27.64,893.76,1183,1202,1,2,1.271108,1.290664,1527.871622,1.01591175,0
2.75,14647.47,5,5,4,5,3.968036,3.967482,19.8401777,0.002765512,0
3944.6,1870.38,4,10,1,2,6.894,15.735809,68.94,5.996764,0
0,7011.21,0,15,4,0,2.643792,0,39.65687618,39.65687618,0
17.53,4277.57,88,88,1,88,0.963508,0.962964,84.78874005,0.047891758,0
14.08,18676.77,5,5,2,1,0.79509,0.792592,3.97544887,0.012487636,0
21.33,0,3,1,1,3,101,33.666149,101,0.001554,0
2.65,15964.22,8,9,5,1,2.760613,3.105177,24.84551861,0.004105119,0
3.02,0,3,2,2,3,1000.5,666.999528,2001,0.001414909,0
0,1403.4,0,114,4,0,0.134257,0,15.30526447,15.30526447,0
0,0,1,1,1,1,1,0.9978,1,0.0022,0
25.39,0.29,3,3,3,3,33.666667,33.666163,101,0.001512,0
0,0,1,1,1,1,0.329865,0.329245,0.32986539,0.00062,0
11.08,779.26,2,2,1,1,3.567713,3.567242,7.13542673,0.000943201,0
917.71,208850.1,75,4,3,10,19.500722,1.759366,78.00288634,-53.94952948,0
0,0,1,1,1,1,0.99,0.989496,0.99,0.000504,0
2.41,0,4,2,2,4,1000.5,500.249528,2001,0.001886545,0
2.02,0.07,3,2,2,3,1000.5,666.99939,2001,0.001830667,0
3.7,705.85,9993,7,1,9287,5.3,0.002972,37.1,7.39639472,0
161.68,0.88,2,2,2,2,50.5,50.499487,101,0.001026218,0
0,1906.26,0,215,9,0,0.662225,0,142.378277,142.378277,0
0,1567.46,0,102,2,0,0.22412,0,22.86019082,22.86019082,0
3.21,0,3,2,2,3,1000.5,666.999528,2001,0.001414909,0
11.56,13.93,4,6,6,1,0.056021,0.083562,0.3361283,0.001881366,0
105.16,0,3,1,1,2,101,33.666171,101,0.001488218,0
2.48,0,3,2,2,3,1000.5,666.999528,2001,0.001414909,0
2256.99,9313.11,218,52,22,67,11.189453,2.667938,581.8515495,0.240999166,0
160.38,0.93,2,2,2,2,50.5,50.499508,101,0.000984218,0
160.15,0.6,2,2,2,2,50.5,50.499508,101,0.000984218,0
162.1,0.82,2,2,2,2,50.5,50.499487,101,0.001026218,0
49127.28,110.88,6,4,3,6,2.666938,1.777167,10.66775107,0.00475107,0
24.18,0,3,1,1,3,101,33.666149,101,0.001554,0
18.86,0,3,1,1,3,101,33.666149,101,0.001554,0
13.69,8834.55,5,5,1,5,45.871,45.870559,229.355,0.002205,0
4.58,7987.03,3,3,2,1,52.3255,52.324583,156.9765,0.002749916,0
0,9070.55,0,25,6,0,2.866698,0,71.66744946,71.66744946,0
58.88,989.35,288,289,4,2,0.250907,0.251358,72.51222612,0.120981,0
0,0,1,1,1,1,48.765,48.764528,48.765,0.000471636,0
0,0,1,1,1,1,0.417939,0.417465,0.41793851,0.000473101,0
1827.38,756.35,4,2,1,3,8.573958,4.286509,17.14791558,0.001880163,0
7653.69,20151.18,107,10,7,29,2.352408,0.182312,23.52408138,4.016647984,0
162.62,0,2,1,1,2,101,50.499508,101,0.000984218,0
196.21,8427.39,74,75,6,72,0.03431,0.034312,2.573236084,0.034120015,0
10.49,2702.41,3,2,2,3,0.103956,0.066667,0.20791143,0.00791143,0
0,4319.73,0,237,3,0,0.138148,0,32.74106114,32.74106114,0
10054.96,3143.27,52,112,16,25,0.200443,0.424174,22.44965994,0.392591943,0
163.28,0.21,2,2,2,2,50.5,50.499487,101,0.001026218,0
1758.93,2183.28,40,7,1,7,3.591349,4.782452,25.13944255,-166.1586575,0
35156.46,8243.51,14,3,1,6,9.2,2.008357,27.6,-0.517,0
6270.16,944.23,26,3,1,8,0.01,0.000588,0.03,0.014710582,0
7.53,14960.4,21,23,10,1,13.376898,14.649496,307.6686551,0.029240784,0
14.97,26628.79,11,11,6,1,1.303174,1.301353,14.33491047,0.020027272,0
108.53,939.42,214,647,8,1,0.47015,1.420355,304.1868875,0.23087427,0
21157.32,24037.56,21,4,2,11,0.00875,0.000658,0.035,0.021171847,0
16.2,0,3,1,1,3,101,33.666149,101,0.001554,0
13.76,1086.57,321,609,17,3,3.913117,7.770397,2383.088027,-111.209255,0
0,0,1,1,1,1,5.292872,5.292252,5.29287227,0.00062,0
102.19,0,3,1,1,2,101,33.666171,101,0.001488218,0
158.22,0.33,2,2,2,2,50.5,50.499508,101,0.000984218,0
1787.52,76.98,2,2,1,1,0.139099,0.138679,0.27819898,0.00084002,0
10.96,1016.71,701,706,3,2,0.414139,0.416538,292.3820975,0.38881126,0
160.91,0.63,2,2,2,2,50.5,50.499508,101,0.000984218,0
0,3735.69,0,76,6,0,1.327941,0,100.9234911,100.9234911,0
0,0,1,1,1,1,12.168132,12.167512,12.16813229,0.00062,0
95233.31,32845.3,4,18,5,2,16.540433,74.430877,297.7277885,0.004279919,0
6865.12,155628.41,7,6,5,6,3.263562,2.796973,19.58137122,0.00256341,0
13999.72,16810.77,12,50,7,2,1.675838,6.982211,83.79190155,0.005364353,0
5.35,6397.4,14,14,14,1,0.939626,0.93886,13.15476812,0.010726297,0
21.51,0,3,1,1,3,101,33.666149,101,0.001554,0
7.21,0,3,1,1,3,101,33.666121,101,0.001638,0
97.49,341.13,1293,779,5,1,140.707212,84.771134,109610.9185,1.84171372,0
159.49,0.84,2,2,2,2,50.5,50.499508,101,0.000984218,0
163.28,0.21,2,2,2,2,50.5,50.499246,101,0.00150753,0
471.81,1046.58,2166,2,1,354,4.99958,0.002093,9.99915998,5.465843682,0
701.75,1129.23,179,1350,37,56,48.70857,490.502935,65756.56918,-22043.45613,0
25.06,0,3,2,2,3,50.5,33.666163,101,0.001512,0
0,0,1,1,1,1,2.66,2.659418,2.66,0.000581532,0
42547.79,72976.79,5,3,3,5,5.522174,3.312864,16.56652331,0.002205,0
1531.24,6352.26,63,147,4,25,0.440908,1.019099,64.81353185,0.610284107,0
636.46,113487.03,13,7,7,9,8.308276,4.47329,58.15793103,0.0051664,0
0,0,0,1,1,0,0.709463,0,0.70946306,0.70946306,0
192.22,2149.18,24,114,5,1,0.211639,1.003943,24.12687013,0.03224985,0
66.67,2855.25,136,353,1,1,0.34445,0.892648,121.5908561,0.190737615,0
1337,2741.29,16,12,5,15,5.62153,4.215294,67.45835754,0.01364572,0
6.33,23301.63,5,5,1,2,6.22,6.219399,31.1,0.003006,0
1145.72,1188.99,682,72,22,291,4.300343,0.670916,309.6246993,-147.9402603,0
7121.48,51227.95,12,3,2,4,1.412625,1.598216,4.23787395,-14.94072,0
22.21,3730.78,55,55,2,2,0.107492,0.106686,5.91203664,0.0443116,0
11846.26,7643.2,49,26,17,29,18.921845,10.525381,491.9679829,-23.77568755,0
34.67,0,2,2,2,2,50.5,50.499474,101,0.001051573,0
13662.04,7787.9,6,5,4,6,1.099544,0.997788,5.4977192,-0.489010397,0
29.67,341.56,220,810,3,1,0.284941,1.04842,230.8019108,0.149620426,0
0,0,1,1,1,1,9.999528,9.999108,9.99952837,0.00042,0
0,3291.9,0,97,4,0,0.438296,0,42.51475574,42.51475574,0
164.51,0.36,2,4,4,2,25.25,50.499508,101,0.000984218,0
0,3677.9,1,3,1,1,2.61691,5,7.850728656,2.850728656,0
316.45,6241.04,34,34,1,1,1.001956,1.001227,34.06650569,0.024789686,0
3.81,0,3,2,2,3,1000.5,666.999528,2001,0.001414909,0
13266.23,8793.26,41,39,10,4,18.290891,19.834642,713.3447382,-99.87556391,0
0,0,1,1,1,1,0.404587,0.404115,0.40458682,0.000471636,0
164.23,0.82,2,2,2,2,50.5,50.499487,101,0.001026218,0
0.97,691.83,84,84,2,2,0.215719,0.215299,18.12036895,0.03528,0
0,5.05,0,9999,1,0,0,0,0,0,0
164.14,0,2,2,2,2,50.5,50.499487,101,0.001026218,0
2.82,0,3,2,2,3,1000.5,666.999528,2001,0.001414909,0
25.44,0,3,2,2,3,50.5,33.666159,101,0.001523001,0
176.18,10197.69,3,3,3,1,0.15,0.149357,0.45,0.001928957,0
73.73,871.35,393,523,3,2,0.273448,0.363419,143.0134992,0.189757336,0
15.69,9.73,3,2,2,3,50.5,33.665988,101,0.002035312,0
0,5020.89,0,9,7,0,1.150514,0,10.35462685,10.35462685,0
21.46,0,3,1,1,3,101,33.666149,101,0.001554,0
0,0,1,1,1,1,0.145844,0.14534,0.14584416,0.000504,0
21.47,0,3,1,1,3,101,33.666149,101,0.001554,0
15.85,0,4,1,1,3,101,25.249475,101,0.0021,0
19.98,0,3,1,1,3,101,33.666149,101,0.001554,0
3146.35,6168.94,8,4,2,6,1.54031,0.769508,6.16124173,0.00517525,0
160.62,5399.37,98,102,9,1,1.469014,1.527901,149.8394059,0.1050799,0
162.92,0.33,2,2,2,2,50.5,50.499508,101,0.000984218,0
5.22,23055.22,13,13,7,1,8.675318,8.67405,112.7791349,0.01648825,0
62522.42,4138.8,3,4,3,1,2.84497,3.792712,11.37987912,0.001743,0
5.25,2076.86,497,500,3,2,0.3604,0.361857,180.2001829,0.35732594,0
1092.83,753.52,152,41,11,62,6.328533,1.747242,259.4698335,-6.11101878,0
5266.17,2079.55,61,75,3,3,37.400162,45.983206,2805.012116,0.036540002,0
110.71,3289.93,235,206,1,235,0.99802,0.874416,205.5922024,0.104504443,0
4.83,1900.84,2,2,2,2,0.392064,0.391608,0.78412879,0.000912636,0
0,0,1,1,1,1,6.380119,6.379647,6.38011908,0.000471636,0
13653.79,311.84,7,3,3,4,44.156667,18.922857,132.47,0.01,0
133.96,12398.97,35,42,2,1,0.838281,0.994171,35.20781931,0.411834783,0
4.3,2790.65,25,25,3,25,11.694237,11.693787,292.3559329,0.011264654,0
0,30230.67,0,2,2,0,10.495,0,20.99,20.99,0
0,0,1,1,1,1,0.59958,0.59896,0.59957998,0.00062,0
163.07,0,2,1,1,2,101,50.499508,101,0.000984218,0
6.39,4736.22,22,27,2,22,8.986687,11.028684,242.640555,0.009517877,0
0,7877.76,0,37,3,0,0.778827,0,28.81660179,28.81660179,0
0,1512.57,0,133,3,0,0.20213,0,26.88332742,26.88332742,0
1890.86,6042.93,194,87,15,61,5.996431,2.688525,521.6894641,0.115519764,0
7197.05,14136.76,19,9,5,13,4.827509,2.285059,43.44757776,0.031454122,0
0,0,0,1,1,0,0.001,0,0.001,0.001,0
0,19859.78,0,2,2,0,0.499495,0,0.99899,0.99899,0
41.96,1125.05,224,254,2,1,1.72873,1.959424,439.0974901,0.186518673,0
7984.42,4590.88,24,17,6,11,20.675889,12.572805,351.4901164,49.74278729,0
161.39,1.24,2,2,2,2,50.5,50.499508,101,0.000984218,0
8147.8,7882.31,59,11,8,22,1.820772,0.505347,20.02849402,-9.786970137,0
27.87,3522.41,3,2,1,3,83.31265,55.541291,166.6253,0.001428,0
16.31,11.51,1946,8054,1133,1143,3.469563,14.101068,27943.86092,503.1829438,0
12051.38,2185.6,19,23,6,9,6.189648,7.492004,142.3619089,0.013826527,0
670.69,868.51,18,14,7,16,0.639051,0.675673,8.94671866,-3.215395489,0
629.91,25082.58,16,13,11,5,2.674131,2.170567,34.7637074,0.034630809,0
0,0,1,1,1,1,0.122077,0.121636,0.12207653,0.000441,0
160.75,0.53,2,2,2,2,50.5,50.499286,101,0.001428506,0
2.26,23045.89,2,2,1,1,32.107255,32.10674,64.21451071,0.001031207,0
0,0,1,1,1,1,3,2.9909,3,0.0091,0
38281.1,72114.97,3,3,2,1,6.689373,6.688847,20.06812018,0.001579644,0
0,0,1,1,1,1,0.490646,0.490026,0.490646,0.00062,0
25.06,0.49,3,2,2,3,50.5,33.666163,101,0.001512,0
0,8030.7,0,11,4,0,28.090182,0,308.992,308.992,0
13.61,62.35,1257,1399,493,2,1.319703,1.468367,1846.265099,0.527961,0
73.23,34490.98,6,9,6,1,1.887048,2.827554,16.98343517,0.0181097,0
0,18777.91,0,9,4,0,13.815638,0,124.3407434,124.3407434,0
0,0,1,1,1,1,1.001,0.997956,1.001,0.00304422,0
2359.42,2061.99,251,121,49,88,11.252378,5.729469,1361.537785,-76.55881507,0
161.45,0,2,1,1,2,101,50.499487,101,0.001026218,0
161.74,0,2,2,2,2,50.5,50.499487,101,0.001026218,0
827.85,1094.74,45,533,4,21,0.464187,5.488878,247.4119323,0.412427132,0
2.18,0,4,2,2,4,1000.5,500.249528,2001,0.001886545,0
10.07,23867.89,5,5,5,1,54.281159,54.280303,271.4057933,0.00427826,0
82.98,178.63,2494,3692,3682,1245,3.231904,4.782836,11932.18964,3.797262831,0
31.52,18844.9,53,53,1,1,5.392671,5.390398,285.8115787,0.120476725,0
47.76,1038.38,307,1164,2,1,0.259749,0.98256,302.3484136,0.702612016,0
164.07,0,2,1,1,2,101,50.499246,101,0.00150753,0
13.61,10480.96,28,28,7,1,0.191196,0.190383,5.353500616,0.022786171,0
0,4049.19,0,56,3,0,0.343714,0,19.24798457,19.24798457,0
3.98,86.85,2,2,1,1,1.26449,1.26397,2.52898014,0.00104,0
25.63,0,3,2,2,3,50.5,33.666158,101,0.001526354,0
6789.34,24565.42,27,17,11,19,11.312546,9.478637,192.3132888,-63.60991038,0
7431.73,214.5,52,2554,4,13,1.065986,52.355464,2722.527796,0.04368555,0
4111.73,28797.94,12,7,3,6,1.552838,1.855371,10.86986771,-11.39458596,0
59.7,68.33,212,9788,45,4,1.355011,61.018262,13262.84915,326.9775297,0
0,18.97,1,2,1,1,0.027945,0.055014,0.055890565,0.000876568,0
1337.57,11470.88,9,10,10,1,0.238783,0.263229,2.38783054,0.01876646,0
47.06,85304.64,2,2,2,2,0.519062,0.516498,1.038125,0.005128,0
0,0,1,1,1,1,0.05,0.04938,0.05,0.00062,0
1060.09,115459.87,133,2,2,4,1.499376,0.044225,2.99875129,-2.883170746,0
826.1,24969.24,79,53,14,3,6.216435,4.182691,329.4710755,-0.961521983,0
0,17442.96,0,13,5,0,29.497848,0,383.47203,383.47203,0
0,6.72,1,2,2,1,90,19,180,161,0
0,3318.67,0,69,6,0,0.495449,0,34.18597949,34.18597949,0
14550.31,58660.75,16,5,2,14,7.945312,2.478038,39.72655951,0.07795951,0
23.23,0,3,1,1,3,101,33.665988,101,0.002035312,0
26051.47,1927.5,7,13,7,2,105.918714,445.142857,1376.943286,-1739.056714,0
0,0,1,1,1,1,1,0.999496,1,0.000504,0
0,36418.38,0,4,3,0,14.8075,0,59.23,59.23,0
3.77,8599.09,10,10,8,1,10.742086,10.741173,107.4208649,0.009130389,0
41872.91,4236.77,12,4,3,8,11.024225,3.664167,44.0969,0.1269,0
17.16,94.03,3714,4264,707,1,858.235774,1130.943234,3659517.34,-540805.8304,0
162.71,0.21,2,2,2,2,50.5,50.499487,101,0.001026218,0
7192.69,58549.99,4,3,2,1,25.131386,18.847991,75.39415936,0.002197194,0
0,0,1,1,1,1,10,9.99938,10,0.00062,0
1939.62,3434.53,21,3,3,5,2.176,1.400857,6.528,-22.89,0
0,1516.02,0,132,3,0,1.343873,0,177.391188,177.391188,0
1115.07,5865.13,767,45,16,76,70.238679,4.949903,3160.740568,-635.8351911,0
0,14172.24,0,16,6,0,2.462052,0,39.39283021,39.39283021,0
160.03,0,2,1,1,2,101,50.499508,101,0.000984218,0
767.35,4817.13,64,65,4,1,0.120706,0.12212,7.845872691,0.03017988,0
50055.74,0,3,1,1,3,0.802039,0.266905,0.8020387,0.001323376,0
16.86,0,4,1,1,3,101,25.249475,101,0.0021,0
73884.48,5.7,7,8,4,5,1.249375,2.556104,9.995,-7.897728,0
0,1532.36,0,148,3,0,1.004051,0,148.5995797,148.5995797,0
7.53,183.78,2,4,2,2,0.785,1.569344,3.14,0.001311636,0
1144.57,3798.95,729,51,42,109,3.950637,0.460549,201.4824804,-134.2577265,0
1685.53,2059.05,150,46,17,53,8.508528,2.767469,391.3922923,-23.72810774,0
0,5777.96,1,104,10,1,39.922509,4151.939205,4151.940905,0.0017,0
2543.62,9962.43,14,7,4,10,1.418336,0.9928,9.9283505,-3.9708445,0
78.96,2493.66,364,449,3,3,0.129078,0.15892,57.95616703,0.109278392,0
17.42,0,4,1,1,4,101,25.249475,101,0.0021,0
0,456.65,0,2300,1236,0,1.00E-05,0,0.022,0.022,0
0,0,1,1,1,1,0.08823,0.08761,0.0882301,0.00062,0
4069.08,12653.73,34,35,7,4,158.950135,163.624633,5563.25474,0.017208746,0
24831.16,16628.75,16,34,3,4,9.962778,25.701481,338.7344659,-72.48923415,0
21608.58,18271.13,5,4,3,3,1.054407,0.819824,4.21762724,0.11850924,0
0,11682.08,0,9,3,0,26.688889,0,240.2,240.2,0
156.68,0,2,1,1,2,101,50.499508,101,0.000984218,0
5.43,10080.11,3,3,3,1,2.240934,2.239978,6.72280263,0.00286716,0
0,0,1,1,1,1,4.97,4.969397,4.97,0.000603246,0
21.67,0,2,1,1,2,101,50.499475,101,0.00105,0
30811.8,22.16,5,2,1,3,0.055,0.021415,0.11,0.002925864,0
79649.27,499.62,3,3,1,3,2.898557,2.898312,8.69566962,0.000735,0
2152.57,12849.26,8,8,5,1,10.726918,10.726028,85.81534689,0.0071256,0
0,0,1,1,1,1,10.56,10.55938,10.56,0.00062,0
162.87,0.82,2,2,2,2,50.5,50.499487,101,0.001026218,0
0,19841.13,0,2,2,0,5.005,0,10.01,10.01,0
1.29,0.74,3,2,2,3,1000.5,666.999528,2001,0.001414909,0
161.45,0.82,2,2,2,2,50.5,50.499487,101,0.001026218,0
0,36984.23,1,7,2,1,4.72022,0.089496,33.0415425,32.9520465,0
157.54,0,2,1,1,2,101,50.499508,101,0.000984218,0
162.22,0.33,2,2,2,2,50.5,50.499508,101,0.000984218,0
0,0,1,1,1,1,0.68993,0.68773,0.68993031,0.0022,0
729.4,16102.89,4,23,2,1,0.061951,0.28975,1.424865262,0.265865262,0
0,0,1,1,1,1,5.175,5.1729,5.175,0.0021,0
23.15,0,3,1,1,3,101,33.666149,101,0.001554,0
366.03,7476.38,33,68,9,1,0.593105,1.220967,40.33114795,0.039238517,0
54.02,98241.87,3,3,2,1,58.333333,58.330524,175,0.00842752,0
0,0,1,1,1,1,0.1,0.0995,0.1,0.0005,0
14.91,9914.87,29,29,4,1,2.233118,2.232349,64.76041566,0.022303721,0
39.61,2317.83,415,417,3,1,4.446509,4.473161,1854.19428,-2.167516994,0
0,28587.75,0,7,4,0,2.497341,0,17.48138687,17.48138687,0
4896.5,0,3,1,1,2,2.495,1.930014,2.495,-3.295042169,0
8944.98,6126.28,34,81,4,13,0.089474,0.359544,7.247399445,-4.97710268,0
5830.96,937.9,82,17,7,25,0.980698,0.884795,16.671858,-55.881342,0
2.02,21.78,4,4,2,1,3.124119,3.12354,12.4964758,0.002315418,0
6.38,755.97,47,47,3,1,0.293504,0.292856,13.79469178,0.030449373,0
0,15238.44,0,31,5,0,0.808277,0,25.05658034,25.05658034,0
2200.29,9038.91,43,7,2,5,14.898286,4.297442,104.288,-80.502,0
163.47,0.21,2,2,2,2,50.5,50.499487,101,0.001026218,0
1426.74,5677.7,177,104,38,2,100.951767,59.314669,10498.98378,0.287418425,0
0,2191.84,0,112,7,0,0.787674,0,88.21952938,88.21952938,0
25.57,0,2,1,1,2,101,50.499475,101,0.00105,0
9447.57,9709.48,16,14,8,12,14.919821,14.927125,208.8774915,-29.95650847,0
4224.31,15322.04,119,42,12,42,21.091836,8.420149,885.8571043,-116.1406232,0
554.51,5056.92,192,50,14,35,14.10253,5.119914,705.1264924,-277.8969907,0
16.5,3526.75,172,172,5,1,0.0872,0.086569,14.99832171,0.10837471,0
2166.92,4473.99,78,42,11,36,229.899443,147.746306,9655.776586,-1868.4353,0
686.7,2209.75,903,193,36,65,42.118806,21.566611,8128.929591,-11345.71994,0
4.37,66867.48,5,5,1,1,4.486675,4.485558,22.433376,0.005587703,0
4.1,1451.2,23,23,2,23,0.17496,0.174517,4.02407813,0.010195747,0
2341.96,7468.31,83,120,3,3,0.162132,0.234003,19.45582814,0.033610691,0
0,0,1,1,1,1,0.225799,0.225327,0.22579859,0.000471636,0
2092.39,4746.74,127,73,28,43,16.174625,9.46181,1180.747601,-20.90229932,0
162.09,0.33,2,2,2,2,50.5,50.499508,101,0.000984218,0
0,0,1,1,1,1,2.080627,2.080186,2.0806269,0.000441,0
0,2157.69,0,148,3,0,1.212628,0,179.4688993,179.4688993,0
510.46,7787.02,3,4,3,3,5.582516,7.442264,22.33006296,0.003270828,0
0,86758.64,0,3,2,0,0.910798,0,2.73239294,2.73239294,0
21.91,0,3,1,1,3,101,33.666149,101,0.001554,0
0,8492.46,0,16,2,0,14.993125,0,239.89,239.89,0
20.51,0,3,1,1,3,101,33.666149,101,0.001554,0
0,2224.54,0,131,5,0,0.327937,0,42.95975004,42.95975004,0
1.68,0.07,3,2,2,3,1000.5,666.999528,2001,0.001414909,0
160.78,0,2,1,1,2,101,50.499508,101,0.000984218,0
164.86,0.29,2,2,2,2,50.5,50.499487,101,0.001026218,0
15.48,48182.45,18,18,5,1,3.447269,3.446415,62.05084661,0.015370243,0
8227.08,22382.53,73,30,17,40,0.758111,0.415843,22.74333462,-7.613218868,0
3871.44,4532.03,157,74,35,82,48.091559,25.315415,3558.775385,-415.7448149,0
0,0,1,1,1,1,0.5,0.499496,0.5,0.000504,0
2.23,0,4,2,2,4,1000.5,500.249528,2001,0.001886545,0
0,32393.15,0,7,3,0,25.086902,0,175.6083121,175.6083121,0
331.68,343.37,3,2,2,2,4.815543,3.209718,9.63108526,0.001932,0
163.78,0.29,2,2,2,2,50.5,50.499487,101,0.001026218,0
40.87,4399.63,140,145,8,1,4.783905,4.954339,693.6662158,0.0588,0
3880.92,2493.52,32,317,2,1,0.162593,1.610185,51.54213341,0.016220615,0
6030.21,12579.59,3,4,3,1,0.139894,0,0.559574225,0.559574225,0
1.51,0.28,3,2,2,3,1000.5,666.999528,2001,0.001414909,0
39.42,76779.89,2,2,1,1,0.799844,0.796,1.599687834,0.007687014,0
0,0,1,1,1,1,0.232233,0.231762,0.23223322,0.000471636,0
0,2.69,1,2,1,1,0.0055,0.001,0.011,0.01,0
0,0,0,1,1,0,0.06664,0,0.066639638,0.066639638,0
4381.86,12368.22,32,29,13,20,3.623648,3.376494,105.0857776,-2.962022477,0
18.84,5.72,3,2,2,3,50.5,33.665988,101,0.002035312,0
0,5041.53,0,12,2,0,0.935522,0,11.22626894,11.22626894,0
332.99,1120.15,299,411,5,2,0.220868,0.303172,90.77660985,0.128131221,0
31.85,30.79,4215,5785,2526,2485,18.169959,23.666126,105113.2104,5360.489412,0
5148.41,3084.66,80,82,3,1,0.088548,0.090444,7.26091082,0.025368042,0
0,1874.16,0,121,4,0,0.285556,0,34.55230473,34.55230473,0
0,7315.72,0,31,6,0,2.001872,0,62.05802518,62.05802518,0
13143.42,5157.08,8,2,2,6,3.062572,0.764112,6.12514349,0.012250078,0
16.57,20898,40,40,9,3,1481.360831,1481.360046,59254.43322,0.03138905,0
23370.31,19851.12,9,11,6,9,1.354005,1.654303,14.89404983,0.005324818,0
2.89,9714.84,39,39,3,2,1.781011,1.780591,69.45941356,0.016380003,0
17.51,8.22,3,2,2,3,50.5,33.666149,101,0.001554,0
24556.26,10117.65,4,4,2,1,23.53489,23.534123,94.139559,0.003066128,0
0,0,1,1,1,1,0.1,0.096956,0.1,0.00304422,0
0,6749.3,0,21,6,0,2.76638,0,58.09397742,58.09397742,0
0,0,1,1,1,1,12.44052,12.4399,12.44051987,0.00062,0
8.91,17315.64,4,4,2,4,2.700656,2.700054,10.80262485,0.002410131,0
43530.36,9331.76,5,4,2,2,5.175585,5.136689,20.70234101,-4.981105382,0
16.66,0,3,1,1,3,101,33.666149,101,0.001554,0
2307.71,48183.91,5,4,4,2,1.679295,1.342724,6.71717827,0.003556426,0
0,14707.19,0,11,6,0,3.069955,0,33.76950418,33.76950418,0
0,1262.82,1,3,1,1,15.2546,45.76359,45.7638,0.00021,0
22.72,0,3,1,1,3,101,33.665988,101,0.002035312,0
164.14,0.82,2,2,2,2,50.5,50.499487,101,0.001026218,0
1.79,0.97,3,2,2,3,1000.5,666.999528,2001,0.001414909,0
2.88,14623.04,7,8,5,1,2.575027,2.942382,20.60021708,0.003544262,0
2108.29,5423.29,19,21,7,18,0.406624,0.448471,8.53910951,0.0181607,0
0,0,1,1,1,1,1,0.998953,1,0.001046957,0
12039.86,971.62,26,3,2,5,1.36,0.272724,4.08,-3.010814538,0
22977.89,8578.63,27,10,8,13,3.322431,14.187881,33.22431414,-349.8484634,0
582.59,2229.26,193,208,2,4,8.828808,9.51437,1836.392094,0.11870733,0
164.38,0.21,2,2,2,2,50.5,50.499487,101,0.001026218,0
0,16090.67,1,11,1,1,0.07125,0.783578,0.783746469,0.000168008,0
0,0,1,1,1,1,60,59.999528,60,0.000471636,0
19109.07,8492.78,2,45,5,2,0.090422,1.960767,4.06899533,0.14746203,0
17239.43,14345.18,14,36,6,9,6.708628,17.615196,241.5106135,-5.10213198,0
22597.81,133052.62,3,5,4,2,2.229268,0,11.14633799,11.14633799,0
157.47,0.39,2,2,2,2,50.5,50.499508,101,0.000984218,0
32248.03,2230.01,21,5,2,14,24.011,7.389805,120.055,-35.1309,0
0,29442.67,0,3,2,0,12.008963,0,36.02688803,36.02688803,0
0,0,1,1,1,1,0.076723,0.076282,0.07672322,0.000441,0
0,750.66,1,4,2,1,7.47845,29.913357,29.91379816,0.000441,0
13.72,5442.34,4,4,3,4,0.45864,0.458152,1.83456128,0.001953017,0
22371.43,29004.65,15,9,4,11,346.454444,207.866667,3118.09,0.09,0
7440.95,4156.24,17,166,7,11,0.406228,3.966276,67.43380416,0.007108962,0
51.52,21.94,5930,4070,30,2942,1.847418,3.614308,7518.989385,-13913.85537,0
0,3435.68,0,66,4,0,0.568051,0,37.49139626,37.49139626,0
0,90066.48,1,3,1,1,7.666667,1,23,22,0
13.66,0,3,1,1,3,101,33.666149,101,0.001554,0
0,1116.81,0,865,1,0,0,0,0,0,0
13958.51,24551.98,3,29,5,2,0.132404,1.279588,3.839726271,0.000960882,0
1110.06,249.52,9,6,3,7,4.179167,2.785556,25.075,0.005,0
0,0,1,1,1,1,0.07,0.069559,0.07,0.000441,0
0,25196.59,0,9,5,0,25.021534,0,225.1938069,225.1938069,0
3.34,8083.36,20,20,2,20,0.833935,0.833463,16.67870304,0.00943862,0
0,7104.41,0,28,6,0,0.803975,0,22.51130494,22.51130494,0
22.68,0,3,1,1,3,101,33.666149,101,0.001554,0
102.04,0,3,1,1,2,101,33.666171,101,0.001488218,0
11730.9,11657.47,5,82,2,2,0.119015,1.791244,9.759211112,0.802993168,0
2.44,0.17,4,2,2,4,1000.5,500.249528,2001,0.001886545,0
7779.39,13404.96,29,44,6,21,0.601228,0.792415,26.45401142,3.473962685,0
157.39,0,2,1,1,2,101,50.499286,101,0.001428506,0
229.73,19750.48,13,14,1,1,0.933358,0.999845,13.06701277,0.069030933,0
0,0,1,1,1,1,12.546764,12.546144,12.54676377,0.00062,0
0,66.58,0,9897,905,0,0,0,0,0,0
74027.79,15827.65,3,2,2,1,30.21,20.139473,60.42,0.001582216,0
106.97,61.09,187,8926,3,15,1.121675,53.540015,10012.0682,0.085471071,0
38056.33,7.43,3,2,2,3,2.310396,1.408972,4.6207918,0.39387569,0
873.06,7496.68,42,54,1,2,0.107424,0.137662,5.8009166,0.01911834,0
43.84,36889.35,3,3,3,1,5.82595,5.823422,17.47785052,0.00758536,0
16.26,460.75,867,874,4,2,0.443906,0.44707,387.9741734,0.364161,0
0,14946.62,0,7,3,0,37.919188,0,265.4343175,265.4343175,0
29250.77,0,2,1,1,2,1.1,0.549188,1.1,0.00162434,0
2546.9,1378.01,306,150,60,55,107.379866,55.129539,16106.97986,-762.6591407,0
5794.43,136870.19,4,3,3,3,2.819223,2.113718,8.45767042,0.00279884,0
2.57,0.74,3,2,2,3,1000.5,666.999528,2001,0.001414909,0
7006.6,3798.54,95,32,16,48,55.824229,19.245005,1786.375339,-41.90016137,0
0,0,1,1,1,1,0.7022,0.701696,0.7022,0.000504,0
20636.39,1921.3,3,2,2,1,30.9012,20.60033,61.80240016,0.0014091,0
0,2763.13,0,72,2,0,0.202726,0,14.5962699,14.5962699,0
0,14721.62,0,6,2,0,7.883333,0,47.3,47.3,0
0,0,1,1,1,1,0.142918,0.142298,0.14291823,0.00062,0
5720.44,15674.08,72,17,9,38,2.372434,0.602434,40.33137433,-3.043846314,0
8206.21,17563.84,20,13,7,11,0.046162,0.029238,0.600104432,0.015348458,0
0,0,1,1,1,1,2.2,2.198953,2.2,0.001046957,0
1812.27,2725.9,404,86,37,89,5.479782,1.427768,471.261245,-105.5570418,0
568.34,2074.28,217,16,9,19,3.961816,0.43093,63.38905022,-30.1228122,0
2.15,29107.97,9,9,5,2,3.004228,3.003481,27.03805082,0.00672,0
0,8288.48,0,24,6,0,4.53949,0,108.9477528,108.9477528,0
17.2,20031.75,14,14,5,1,32.205819,32.201631,450.8814728,0.0586423,0
0,1446.47,0,112,6,0,1.134841,0,127.1022195,127.1022195,0
2116.23,11000.61,14,22,7,1,29.072413,45.683616,639.5930958,0.022471274,0
652.09,2280.49,24,10,3,11,3.717311,1.526607,37.17311389,0.534538553,0
106.83,0,3,1,1,2,101,33.666171,101,0.001488218,0
0,1542.55,0,147,3,0,1.183374,0,173.9559219,173.9559219,0
0,0,1,1,1,1,0.879124,0.878504,0.879124,0.00062,0
157.71,0,2,1,1,2,76.729845,38.364431,76.72984531,0.000984218,0
31187.31,4649.56,10,9,5,7,2.778963,0.636225,25.01067131,18.64842607,0
16.99,502.75,1813,1812,6,2,0.519964,0.519144,942.1754521,0.96658153,0
162.1,0.82,2,2,2,2,50.5,50.499487,101,0.001026218,0
0,2200.85,0,152,2,0,0.67542,0,102.6638159,102.6638159,0
16.04,0,3,1,1,3,101,33.666149,101,0.001554,0
4.11,29833.75,2,2,2,2,3.256827,3.256382,6.5136547,0.000891636,0
7469.87,3951.26,79,79,18,43,132.153356,132.468455,10440.11509,-24.8928738,0
24.41,0.37,3,2,2,3,50.5,33.666149,101,0.001554158,0
5.63,1391.33,217,219,4,2,0.35144,0.353498,76.96532414,0.256362089,0
0,1792.18,0,111,4,0,0.266476,0,29.57886988,29.57886988,0
10995.55,30827.17,11,24,7,5,5.997776,13.085238,143.946635,0.009018394,0
0,270.11,0,3344,1,0,0,0,0,0,0
15.6,0,4,1,1,3,101,25.249475,101,0.0021,0
165.78,0.03,2,2,2,2,50.5,50.499487,101,0.001026218,0
7114.9,185539.87,4,3,2,3,6.019344,4.513791,18.05803307,0.002870162,0
16.99,0,4,1,1,2,0.253479,0.062,0.253479,0.005479,0
26.32,0.21,3,2,2,3,50.5,33.666163,101,0.001512,0
3341.55,1426.59,233,138,21,77,2.00691,1.187957,276.9536104,0.159614965,0
1126.46,1277.52,164,128,13,79,25.805875,20.456725,3303.15202,-51.7508327,0
9.1,134026.7,3,2,2,3,0.789717,0.526088,1.57943412,0.001170216,0
130140.87,1692.99,3,9,9,2,4.487428,10,40.38685217,10.38685217,0
164.28,0,2,1,1,2,101,50.499487,101,0.001026218,0
16818.12,17260.95,12,4,3,8,0.613556,0.323246,2.4542258,-1.4247262,0
85.81,8170.5,12,12,2,12,0.076773,0.076196,0.921281986,0.006929293,0
0,0,1,1,1,1,0.1,0.099528,0.1,0.000471636,0
161.88,0.3,2,2,2,2,50.5,50.499508,101,0.000984218,0
0,0,1,1,1,1,1.7,1.698489,1.7,0.00151135,0
19.87,0,3,1,1,3,101,33.666149,101,0.001554,0
25063.87,119.69,4,3,2,3,0.231574,0.173161,0.694722891,0.002079,0
22.26,0,3,1,1,3,101,33.666149,101,0.001554,0
1.97,0.01,3,29,29,3,69,666.999528,2001,0.001414909,0
6.74,1038.23,159,160,5,1,0.119667,0.12,19.14679827,0.066780006,0
0,0,1,1,1,1,5.03,5.026956,5.03,0.00304422,0
19.06,8448.03,7,7,2,1,1.610201,1.609668,11.27140442,0.003728965,0
0,10710.34,0,64,7,0,0.693807,0,44.40364296,44.40364296,0
165.75,0.01,2,3,3,2,33.666667,50.499487,101,0.001026218,0
7690.54,2922.18,37,33,17,30,10.36903,9.099545,342.1779878,5.494805861,0
0,30259.13,0,2,2,0,9.999724,0,19.99944882,19.99944882,0
0,30231.68,0,2,2,0,22,0,44,44,0
12592.37,5087.93,6,5,5,4,0.170254,0.141364,0.85126922,0.003087,0
22.68,0,3,1,1,3,101,33.666149,101,0.001554,0
13976.26,96530.39,14,6,6,10,0.869229,0.372176,5.21537304,0.00490746,0
58.59,13.92,16,9984,4,12,0.316442,193.983206,3159.357655,55.62635483,0
24.87,0.28,3,2,2,3,50.5,33.666163,101,0.001512,0
155.03,1746.92,283,416,38,3,16.431147,24.15206,6835.356985,0.32388012,0
4.35,1015.49,796,800,4,2,0.28887,0.289901,231.0959005,0.33432001,0
0,0,1,1,1,1,0.802067,0.792,0.80206696,0.01006696,0
211.42,0,6,1,1,3,0.223478,0.069218,0.22347829,-0.191828847,0
3159.04,9120.13,8,7,2,6,25.592551,13.642507,179.1478563,70.00780006,0
0,1757.79,0,129,3,0,0.426905,0,55.07073462,55.07073462,0
2.28,20468.61,3,3,2,1,0.630333,0.629805,1.891,0.001586379,0
27463.91,1836.68,4,2,1,3,0.194919,0.07253,0.38983814,0.099716689,0
160.77,0.84,2,2,2,2,50.5,50.499508,101,0.000984218,0
375.98,54365.49,2,17,9,2,0.130544,0.7425,2.219240355,0.734240355,0
0.88,5868.52,22,22,1,1,0.979038,0.978194,21.53884228,0.018574,0
3.74,0.03,3,2,2,3,1000.5,666.999528,2001,0.001414909,0
4.79,1332.71,266,269,3,2,13.497426,13.649233,3630.807568,0.111720008,0
4470.21,11135.31,3,12,3,1,0.093556,0.363385,1.122670701,0.032516161,0
6.73,0,3,2,2,3,1000.5,666.99939,2001,0.001830667,0
39.26,8801.04,60,62,1,1,0.921137,0.966959,57.11046925,-0.907100651,0
9.76,2015.87,391,392,3,1,0.224179,0.223392,87.87817425,0.531791258,0
0,0,1,1,1,1,0.821219,0.820747,0.82121853,0.000471636,0
20.32,0,3,1,1,3,101,33.666149,101,0.001554,0
3.94,0,3,2,2,3,1000.5,666.999528,2001,0.001414909,0
0,0,1,1,1,1,0.999528,0.998688,0.99952837,0.00084,0
13554.51,59320.92,15,13,6,9,0.07517,0.804858,0.977212052,-11.09565935,0
22.38,0,3,1,1,3,101,33.666149,101,0.001554,0
52.55,1673.24,221,226,3,3,0.113539,0.115688,25.65985505,0.092841003,0
161.45,0.82,2,2,2,2,50.5,50.499487,101,0.001026218,0
0,2547.9,0,89,3,0,0.2154,0,19.17060345,19.17060345,0
8476.96,8485.59,13,7,3,8,403.817135,217.432098,2826.719945,0.10266502,0
160.45,3439.84,94,296,2,1,0.258793,0.809676,76.60282064,0.49330321,0
0,37798.69,0,6,3,0,4.68,0,28.08,28.08,0
11962.67,5322.53,73,35,25,40,7.230018,2.88713,253.0506196,42.29013356,0
4.08,39515.67,13,14,14,1,34.014876,36.630855,476.2082677,0.007149488,0
0,0,1,1,1,1,0.02,0.019528,0.02,0.000471636,0
219.89,8587.79,90,133,3,1,0.600286,0.881845,79.83809184,0.472025124,0
0,0,0,1,1,0,0.005,0,0.005,0.005,0
56193.02,3.05,3,2,2,3,2.75,1.832992,5.5,0.0010252,0
18.59,0,3,1,1,3,101,33.666149,101,0.001554,0
232.52,79254.79,686,3,2,3,213.333333,4.935845,640,-2745.99,0
164.23,0.82,2,2,2,2,50.5,50.499487,101,0.001026218,0
0,10270.11,0,13,6,0,5.901315,0,76.71708878,76.71708878,0
0,0,1,1,1,1,1.06076,1.059501,1.06076048,0.001259675,0
1097.05,3552.12,237,140,36,69,10.229132,6.413318,1432.078446,-87.87795397,0
103.37,0,3,1,1,3,101,33.666179,101,0.001464437,0
1078.52,2663.8,184,191,3,184,0.143975,0.148953,27.49915688,0.091712937,0
0,820.84,0,389,8,0,0.805807,0,313.4590502,313.4590502,0
0,0,1,1,1,1,11.152276,11.151656,11.1522759,0.00062,0
0,8899.39,0,11,1,0,0,0,0,0,0
1496.51,3546.17,13,85,8,5,7.529764,49.231229,640.0299486,0.023977937,0
10914.15,5653.8,7,8,4,5,7.83077,8.949011,62.64616296,0.00308766,0
11.9,928.02,4,3,3,4,668.006667,501.004543,2004.02,0.001827,0
7357.1,12314.99,41,22,15,14,26.742164,16.642633,588.3276096,-94.0203581,0
2399.06,1199.33,25,383,4,22,0.215832,3.305679,82.66360158,0.021629241,0
0,0,1,1,1,1,20.009559,20.008512,20.009559,0.001046957,0
0,0,1,1,1,1,0.03,0.02,0.03,0.01,0
31084.38,43512.19,5,3,1,4,0.023177,0.0134,0.06953196,0.00253196,0
0,0,1,1,1,1,0.1,0.099214,0.1,0.00078606,0
24.85,0,3,2,2,3,50.5,33.666152,101,0.001544256,0
16497.9,10675.21,14,20,7,7,1.763059,2.518056,35.26117056,0.008386159,0
730.58,2750.38,11,7,5,7,1.048882,0.666971,7.342177028,0.005497028,0
162.91,0,2,1,1,2,101,50.499508,101,0.000984218,0
28.24,326.29,1745,3398,7,1,0.608916,1.187339,2069.097601,-2.809166975,0
5331.99,79754.63,16,10,6,10,3.696523,2.309846,36.96522785,0.00769936,0
1395.79,360.93,235,6,2,8,33.383325,3.49791,200.2999525,-621.7088227,0
19.77,6816.93,8,8,1,1,0.775874,0.775314,6.20699157,0.004477184,0
0,5888.38,0,15,2,0,1.369866,0,20.54798996,20.54798996,0
0,1399.87,0,135,4,0,0.243542,0,32.87813819,32.87813819,0
161.78,0.84,2,2,2,2,50.5,50.499286,101,0.001428506,0
2.12,1428.46,5,5,5,1,1.967705,1.967227,9.83852737,0.002391251,0
157.46,0,2,1,1,2,101,50.499508,101,0.000984218,0
5246.94,3796.31,64,43,23,30,4.622113,3.102742,198.7508386,0.175382055,0
0,0,1,1,1,1,1.402236,1.399191,1.40223551,0.00304422,0
160.08,0,2,1,1,2,101,50.499508,101,0.000984218,0
21.19,25201.14,7,6,2,1,27.158269,23.277493,162.9496162,0.00716524,0
0,0,1,1,1,1,6,5.99938,6,0.00062,0
0,14294.54,0,14,4,0,5.639721,0,78.956091,78.956091,0
0,10511.12,0,10,4,0,5.072051,0,50.72051414,50.72051414,0
109.31,0,3,1,1,3,101,33.666179,101,0.001464437,0
161.01,0.63,2,2,2,2,50.5,50.499508,101,0.000984218,0
107914.49,5244.27,2,3,3,2,0.571434,47.66671,1.71430142,-93.619118,0
2.65,1.75,4151,5849,1907,2353,35.88781,21.175288,209907.8032,122009.1843,0
0,0,1,1,1,1,3.891569,3.891065,3.891569166,0.000504,0
15.77,9984.86,13,13,2,1,37.80963,37.807872,491.5251953,0.02286363,0
108.07,0.92,3,2,2,3,50.5,33.666179,101,0.001464437,0
0,1661.63,0,152,5,0,0.271753,0,41.30648614,41.30648614,0
14.22,2092.63,69,70,2,1,0.140871,0.141046,9.860986108,0.128838708,0
0,12090.49,0,5,2,0,8,0,40,40,0
0,0,1,1,1,1,0.1,0.09938,0.1,0.00062,0
0,2512.67,0,116,5,0,0.477958,0,55.44313184,55.44313184,0
1407.51,6689.24,3,3,3,2,0.125786,0.125127,0.37735651,0.001974031,0
3389.32,6328.01,10,6,4,9,0.639559,0.393,3.83735579,-0.09264421,0
64.48,3959.78,247,258,2,1,0.993116,1.036217,256.2238922,0.278209719,0
4171.81,5995.52,15,8,4,10,4.555465,2.445975,36.44371681,-0.245901069,0
158.37,0.84,2,2,2,2,50.5,50.499508,101,0.000984218,0
161.31,0.3,2,2,2,2,50.5,50.499508,101,0.000984218,0
0,0,1,1,1,1,6,5.999214,6,0.00078606,0
0,2801.24,0,114,3,0,0.200471,0,22.8536677,22.8536677,0
0,2486.75,0,80,4,0,0.923173,0,73.85383787,73.85383787,0
6524.92,10727.52,37,16,11,24,13.760982,5.949272,220.1757148,0.052632757,0
157.47,0,2,1,1,2,101,50.499508,101,0.000984218,0
1.62,0.42,3,2,2,3,1000.5,666.999528,2001,0.001414909,0
13366.55,3378.61,45,20,6,29,1.850862,0.934207,37.0172409,-5.02206956,0
5528.66,2274.35,21,8,4,12,0.6945,0.390952,5.55600236,-2.65399764,0
0,6652.03,0,48,3,0,0.830861,0,39.8813089,39.8813089,0
0,7103.71,0,28,8,0,3.718743,0,104.1248022,104.1248022,0
42306.41,6300.65,16,19,3,4,1.799414,2.136187,34.1888669,0.009867734,0
0,0,1,1,1,1,0.5,0.49938,0.5,0.00062,0
3.22,102.84,2,2,2,1,1.166739,1.165998,2.33347816,0.001481859,0
7.99,3145.76,89,97,7,3,89.258883,97.281264,8658.111648,0.07913234,0
161.78,0.54,2,2,2,2,50.5,50.499508,101,0.000984218,0
4908.1,3785.8,38,13,8,18,9.382453,3.208928,121.9718917,0.032615613,0
3.03,3718.57,90,90,2,1,0.352461,0.35133,31.72149621,0.101783308,0
3895.06,4182.1,32,29,13,22,13.449114,12.350112,390.0243194,-5.17928057,0
16.04,0,3,1,1,3,101,33.666149,101,0.001554,0
1317.21,15771.88,336,21,9,43,6.730274,0.976515,141.3357518,-186.7734106,0
15.67,0,3,1,1,3,101,33.666149,101,0.001554,0
680.21,12298.93,16,10,8,8,1.409803,0.880509,14.09803199,0.00989406,0
0,0,1,1,1,1,2,1.99938,2,0.00062,0
1248.17,141755.98,6,6,1,2,0.302913,0.302519,1.817476919,0.002364339,0
5.12,4257.18,2,2,2,1,3.018851,3.017747,6.03770136,0.00220696,0
4186.84,3868.26,129,48,22,40,10.745922,6.746748,515.8042522,-354.5262173,0
68.81,2442.01,236,535,7,1,0.288228,0.652052,154.2019251,0.317766219,0
0,5530.97,0,41,9,0,1.805051,0,74.0070883,74.0070883,0
3734.07,4733.68,99,129,11,43,1.367741,1.669654,176.4386234,11.14290668,0
3.88,231.94,2563,2769,255,1,1276.217813,1378.792839,3533847.124,1.076460009,0
0,0,1,1,1,1,11,10.99938,11,0.00062,0
1933.12,2628.38,179,219,68,98,6.428883,7.891538,1407.925391,-4.65990945,0
0,0,1,1,1,1,2,0.25,2,1.75,0
30471.86,8486.24,3,3,2,3,3.22108,2.2,9.66323853,3.06323853,0
7.23,3652.1,12,13,12,1,56.538462,61.249279,735,0.008648987,0
28.05,887.43,101,448,1,1,0.230504,1.021764,103.2656729,0.06752981,0
0,1973.02,0,186,5,0,1.048984,0,195.1110975,195.1110975,0
0,2489.09,0,92,6,0,1.199477,0,110.3518792,110.3518792,0
0,4497.14,0,71,3,0,0.270489,0,19.20471339,19.20471339,0
8440.66,3540.85,50,28,11,28,10.890723,6.07536,304.9402416,1.1722416,0
0,0,1,1,1,1,0.154892,0.154272,0.15489201,0.00062,0
22.74,0,3,1,1,3,101,33.666149,101,0.001554,0
18.96,0,3,1,1,3,101,33.666149,101,0.001554,0
15176.68,11843.16,14,7,7,12,9.898131,1.432143,69.28691796,49.23691796,0
161.98,0.63,2,2,2,2,50.5,50.499508,101,0.000984218,0
6853.19,6447.62,19,15,6,8,3.146627,2.483347,47.19940564,0.01580564,0
28148.97,152737.5,4,5,3,2,4.362387,5.452297,21.81193689,0.00274815,0
6.69,23052.29,9,9,2,9,0.100225,0.099724,0.902022274,0.004509883,0
0,0,1,1,1,1,0.146215,0.145774,0.146214746,0.000441,0
0,6189.62,0,28,6,0,53.90118,0,1509.23304,1509.23304,0
674.96,1054.56,321,339,7,1,49.093329,51.845788,16642.63849,0.140446399,0
34.83,0.44,2,2,2,2,50.5,50.499474,101,0.001051573,0
21.77,0,3,1,1,3,101,33.666149,101,0.001554,0
112.54,101264.76,3,3,3,1,1.51108,1.507178,4.53323943,0.01170448,0
34383.34,30113.87,15,12,11,12,8.701401,6.522158,104.4168134,6.584442035,0
0,0,1,1,1,1,0.09,0,0.09,0.09,0
0,4541.21,0,39,8,0,12.731882,0,496.543417,496.543417,0
2.2,0.52,4,2,2,4,1000.5,500.249528,2001,0.001886545,0
160.63,1.46,2,2,2,2,50.5,50.499508,101,0.000984218,0
0,0,1,1,1,1,0.174997,0.172797,0.17499653,0.0022,0
157.38,0,2,1,1,2,101,50.499286,101,0.001428506,0
87.01,916.61,440,1629,16,70,1.548201,44.489574,2522.018843,-17053.3936,0
0,0,1,1,1,1,1.9,1.899528,1.9,0.000471636,0
0,0,1,1,1,1,6.99,6.989496,6.99,0.000504,0
2776.28,116598.75,17,8,7,11,7.880196,3.707832,63.04157137,0.00842054,0
32687.97,3631.63,27,29,3,11,6.987683,8.412756,202.6428158,-24.50160022,0
12144.43,8810.24,9,2,1,2,0.025,0.005005,0.05,0.0049578,0
19.81,0,3,1,1,3,101,33.666149,101,0.001554,0
224.12,76953.47,5,5,3,3,2.618268,2.61802,13.09133807,0.001236865,0
160.85,0.84,2,2,2,2,50.5,50.499508,101,0.000984218,0
416.76,1477.96,231,323,1,3,0.446885,0.624112,144.3438507,0.173978283,0
18.56,6430.71,33,33,1,1,1.074835,1.104719,35.46955328,-0.986173785,0
17.78,1349.09,563,562,9,2,0.099487,0.098707,55.91173434,0.339882434,0
0,10.05,0,9999,2358,0,0,0,0,0,0
2453.32,6221.05,48,23,8,14,1.067373,0.510647,24.54957148,0.038532303,0
0,0,1,1,1,1,0.663027,0.661541,0.66302662,0.00148524,0
43404.99,13493.22,3,4,4,1,1.434392,1.912235,5.73756691,0.000861,0
161.96,0.53,2,2,2,2,50.5,50.499508,101,0.000984218,0
4.78,23074.98,5,5,4,1,0.681636,0.680626,3.40817763,0.005046233,0
1.32,9.61,3,3,1,1,176.631773,176.631023,529.8953197,0.00225,0
0,3910.2,0,58,3,0,0.574123,0,33.29913718,33.29913718,0
12314.36,62884.88,11,10,10,2,1.914349,1.7399,19.14349143,0.004588033,0
0,0,1,1,1,1,0.639681,0.639061,0.63968067,0.00062,0
0,21139.42,0,7,4,0,7.157143,0,50.1,50.1,0
299334.14,247.1,3,2,1,1,1.054,0.702336,2.108,0.000991453,0
5558.6,2907.45,112,64,32,53,21.900117,13.608553,1401.607486,-122.5504883,0
26,0,4,1,1,4,101,25.249496,101,0.002016,0
1.12,0.07,3,2,2,3,1000.5,666.999528,2001,0.001414909,0
0,61629.96,1,4,3,1,8.820879,35.282657,35.28351759,0.000861,0
0,2907.14,0,78,6,0,0.843893,0,65.82366888,65.82366888,0
6.27,6710.88,4,4,3,4,1.27614,1.275671,5.104559,0.001875559,0
3292.9,2008.39,5,4,2,4,1.27935,1.4208,5.1174,-1.9866,0
67.35,54424.96,7,8,7,1,1.823038,2.082899,14.58430727,0.004011483,0
46353.49,33267.22,29,11,5,16,2050.693066,780.162919,22557.62372,-67.1009238,0
98.17,23656.54,19,20,11,1,11.079889,11.660015,221.5977839,0.057500886,0
3.78,2733.13,2,2,1,2,0.066787,0.066326,0.133574379,0.000921965,0
0,2986.44,0,97,3,0,0.904525,0,87.73896868,87.73896868,0
9.88,915.37,445,445,1,1,1.154474,1.153799,513.7411121,0.300432425,0
14527.12,345.38,4,2,1,3,0.430447,0.213833,0.8608943,0.0055624,0
0,8004.59,0,25,6,0,3.745598,0,93.63994461,93.63994461,0
31.59,668.63,779,953,5,2,0.363983,0.444849,346.8757411,0.338127605,0
12.49,6572.73,103,104,9,2,1.81618,1.833123,188.8827033,0.070998568,0
7.67,1358.11,472,474,5,1,0.7177,0.720321,340.1896869,0.19824001,0
23.23,0,3,1,1,3,101,33.666149,101,0.001554,0
8.53,82.2,4757,5243,437,2,1214.57644,1338.514884,6368024.277,708.9729567,0
0,1542.7,0,147,3,0,0.436582,0,64.17761908,64.17761908,0
0,0,1,1,1,1,0.61459,0.614118,0.61458971,0.000471636,0
0,0,1,1,1,1,0.03732,0.036879,0.03732016,0.000441,0
0,0,1,1,1,1,1,0.99938,1,0.00062,0
105.47,7259.99,14,14,1,1,0.090319,0.08952,1.26445976,0.01117319,0
21.71,0,2,1,1,2,42.266,21.132496,42.266,0.001008,0
0,2387.1,0,95,3,0,0.264594,0,25.13644603,25.13644603,0
14692.24,6455.3,7,4,4,5,0.340059,0.193842,1.36023412,0.003339,0
0,0,1,1,1,1,0.0372,0.036696,0.0372,0.000504,0
0,3470.08,0,66,4,0,0.893878,0,58.99594939,58.99594939,0
1.87,48.97,3,3,1,1,3.955547,3.95475,11.86664005,0.00238905,0
1503.67,2334.96,429,158,42,110,35.514397,13.345981,5611.274738,-114.1512625,0
0,0,1,1,1,1,73,72.999528,73,0.000471636,0
158.55,0.36,2,3,3,2,33.666667,50.499286,101,0.001428506,0
165.55,0.82,2,2,2,2,50.5,50.499487,101,0.001026218,0
5.9,1446.8,210,210,2,1,12.131951,12.131242,2547.709811,0.149002779,0
22.62,0,3,1,1,3,101,33.666149,101,0.001554,0
0,1349.79,0,168,4,0,0.999845,0,167.9739629,167.9739629,0
250.67,27056.4,20,23,19,2,40.461653,46.530043,930.6180097,0.017149064,0
22.29,0,3,1,1,3,101,33.666149,101,0.001554,0
0,12431.74,0,16,4,0,1.526982,0,24.43171818,24.43171818,0
0,2783.46,0,102,5,0,0.214445,0,21.87341255,21.87341255,0
0,1737.43,0,379,7,0,2.2049,0,835.6572466,835.6572466,0
0,21793.27,0,6,4,0,5.447591,0,32.6855455,32.6855455,0
1.93,12736.67,2,3,3,1,10.220906,15.330563,30.66271846,0.001592609,0
13836.46,5072.06,86,6,5,55,2.301257,0.162337,13.80753947,-0.15346053,0
10246.23,0,2,1,1,1,2.995,0.06,2.995,2.875,0
163746.89,0,2,1,1,2,0.002468,1.80E-05,0.00246768,0.00243196,0
163.78,0.82,2,2,2,2,50.5,50.499487,101,0.001026218,0
2907.87,2020.89,299,77,24,80,13.883909,3.799772,1069.06103,-67.0706702,0
1357.2,34580.69,7,10,6,7,1.893918,2.701103,18.93917787,0.0314573,0
0,29441.74,0,3,3,0,7.135,0,21.405,21.405,0
313.65,949.73,701,659,44,132,0.877698,0.875049,578.4029157,-35.00626466,0
14493.71,10848.69,39,27,7,17,11.293106,8.218359,304.91387,-15.60213,0
45.76,36.34,2676,2670,3,2,0.02505,1.20E-05,66.88282538,66.85097895,0
8.07,3210.51,4,4,1,4,6.441639,6.441164,25.7665567,0.001902343,0
84.67,2358.01,12,55,1,1,0.202187,0.92602,11.12028191,0.008047338,0
24971.61,7483.75,31,4,3,23,0.080266,0.009677,0.32106245,0.021078099,0
0,147.34,0,3,2,0,11.667067,0,35.00120084,35.00120084,0
9602.37,0,34,1,1,32,0.123839,0.002692,0.12383943,0.03230129,0
21.63,0,3,1,1,3,101,33.665988,101,0.002035312,0
1169.15,32003.67,44,7,4,8,1.003051,0.205666,7.02135572,-2.027957583,0
19.97,0,3,1,1,3,101,33.666149,101,0.001554,0
150192.43,15838.46,4,3,1,2,0.198249,0.148385,0.59474624,0.001206636,0
15.06,48871.36,16,16,10,1,6.714256,6.711571,107.4280927,0.042964643,0
5.74,75969.97,5,7,7,1,0.677701,0.947526,4.74390576,0.0062778,0
0,4180.33,0,41,2,0,298.134121,0,12223.49898,12223.49898,0
0,1565.86,0,123,3,0,0.552005,0,67.89663928,67.89663928,0
0,9.2,0,9999,582,0,1.544033,0,15438.78935,15438.78935,0
156.47,0,2,1,1,2,101,50.499508,101,0.000984218,0
6543.61,61462.55,11,8,1,4,9.635533,7.007054,77.08426093,0.006664865,0
67879.23,398.97,3,2,1,1,3.9975,2.664501,7.995,0.001497944,0
0,1591.75,0,121,4,0,0.755122,0,91.36971166,91.36971166,0
22.29,0,3,1,1,3,101,33.666149,101,0.001554,0
3869.18,3515.37,217,42,21,50,2.978243,0.586991,125.0862132,-2.29078683,0
0,0,1,1,1,1,7.174083,7.173579,7.17408313,0.000504,0
161.55,0.82,2,2,2,2,50.5,50.499487,101,0.001026218,0
22.91,0,3,1,1,3,101,33.666149,101,0.001554,0
287.78,4151.29,1058,110,49,78,143.835492,15.017182,15821.90416,-66.27395629,0
138.41,5254.14,178,223,5,3,0.15908,0.19893,35.47493453,0.065395318,0
0,2431.06,0,162,3,0,0.11676,0,18.9151022,18.9151022,0
0,16897.25,0,10,2,0,1.335953,0,13.35953311,13.35953311,0
5.71,0,3,2,2,3,1000.5,666.999528,2001,0.001414909,0
5456.2,12096.04,120,47,32,40,90.179411,33.089382,4238.432338,267.7064815,0
0,0,1,1,1,1,1.11225,1.111779,1.11225049,0.000471636,0
0,4200.86,0,58,5,0,0.642395,0,37.25891691,37.25891691,0
160.22,0,2,1,1,2,101,50.499508,101,0.000984218,0
0,14776.15,0,9,3,0,14.684167,0,132.1575,132.1575,0
26.2,96462.41,4,4,2,1,287.126111,287.120347,1148.504445,0.02305704,0
0,2061.68,0,110,2,0,0.436195,0,47.98149296,47.98149296,0
1.56,0,3,2,2,3,1000.5,666.999528,2001,0.001414909,0
161.67,0.63,2,2,2,2,50.5,50.499508,101,0.000984218,0
163.68,0,2,2,2,2,50.5,50.499487,101,0.001026218,0
12.57,1892.26,73,73,3,1,0.141595,0.140119,10.33641591,0.10772301,0
14.97,38721.24,9,9,8,1,3.05583,3.053393,27.50246663,0.0219265,0
5.52,40811.88,7,8,2,1,1.130907,1.284163,9.047255893,0.058112103,0
0.77,3463.92,9,10,6,4,0.40326,0.446993,4.032600807,0.00966,0
28.23,1600.19,510,515,6,3,2.535264,2.5597,1305.661053,0.214221008,0
0.75,24162.42,5,5,5,2,1.57411,1.57327,7.87054916,0.0042,0
511.66,11731.96,30,30,1,3,0.096836,0.096415,2.905079628,0.012621,0
127.97,4818.2,226,241,2,1,0.986845,1.051274,237.8296336,0.241608849,0
118318.1,6884.97,6,6,2,2,11.993333,11.992238,71.96,0.00657325,0
190984.02,43069.21,2,3,3,2,3.419599,1.065353,10.25879693,8.12809039,0
21.94,0,3,1,1,2,101,33.666135,101,0.001596,0
163.09,0.63,2,2,2,2,50.5,50.499508,101,0.000984218,0
7856.87,41689.43,4,7,4,3,0.223185,0.390133,1.56229663,0.001764,0
22.26,0,3,1,1,3,101,33.666149,101,0.001554,0
0,2167.21,0,131,7,0,1.223716,0,160.3068182,160.3068182,0
164.42,0.61,2,2,2,2,50.5,50.499487,101,0.001026218,0
0,45.68,0,1237,1,0,0,0,0,0,0
0,45114.24,0,6,1,0,35.246667,0,211.48,211.48,0
0,3644.61,0,48,3,0,1.18375,0,56.82,56.82,0
0,0,1,1,1,1,4.388501,4.387881,4.388501056,0.00062,0
46.25,21115.29,39,40,6,2,7.372713,7.559219,294.9085079,0.098975571,0
25735.08,68355.18,6,4,2,6,38.125,25.416155,152.5,0.00306722,0
10153.68,0,4,1,1,4,1.062923,0.26529,1.06292332,0.001764,0
7347.31,1215.08,85,9,8,17,4.005838,0.319232,36.05253798,8.917792661,0
0,5541.44,0,24,2,0,71.552889,0,1717.269335,1717.269335,0
106.19,1.48,3,2,2,2,50.5,33.666171,101,0.001488218,0
0,0,1,1,1,1,0.033,0.031953,0.033,0.001046957,0
5023.01,71331.97,13,8,5,9,0.926946,0.569989,7.41557093,0.00571261,0
161.08,0.6,2,2,2,2,50.5,50.499508,101,0.000984218,0
0,0,1,0,0,1,0,9.9978,0,-9.9978,0
22.72,0,3,1,1,3,101,33.666149,101,0.001554,0
184.98,5.64,1540,3,1,4,5.4,0.021029,16.2,-16.183906,0
0,9675.51,0,33,3,0,0.830898,0,27.41963037,27.41963037,0
22.71,0,3,1,1,3,101,33.666149,101,0.001554,0
6609.05,48377.61,11,4,2,7,0.301023,0.107412,1.20409018,0.02255392,0
8422.33,17780.33,90,12,5,16,3.048142,0.849815,36.57769819,-39.90564336,0
161.58,0.74,2,2,2,2,50.5,50.499508,101,0.000984218,0
0,4653.93,0,13,3,0,2.600454,0,33.80590417,33.80590417,0
161.67,0.21,2,2,2,2,50.5,50.499286,101,0.001428506,0
5554.05,15935.94,112,22,12,38,5.552855,1.328558,122.1628069,-26.63568802,0
0,0,1,1,1,1,3.267018,3.266546,3.26701793,0.000471636,0
618.15,695.5,112,8,3,13,6.54057,1.099349,52.324559,-70.80255936,0
384.71,14464.98,20,27,3,1,0.873441,1.178,23.58291135,0.02290451,0
2606.95,200722.71,9,5,5,6,1.414659,0.785449,7.07329599,0.00425643,0
0,6.53,1,3,1,1,35.083667,105.250559,105.251,0.000441,0
63.55,624.17,3,3,2,3,1.47459,1.474149,4.42377017,0.00132317,0
0,1778.16,0,104,4,0,0.100728,0,10.47570355,10.47570355,0
25125.84,0,6,1,1,6,0.01,0.001172,0.01,0.002967776,0
0,9.97,0,9999,2718,0,0.066419,0,664.1196658,664.1196658,0
0,0,0,1,1,0,0,0,0,0,0
58528.49,2513.09,16,10,3,8,8.560624,5.343772,85.60623682,0.105884114,0
460.51,6835.59,22,23,1,1,0.96097,1.00169,22.10230046,0.065120549,0
41560.53,2847.78,4,2,2,4,0.054177,0.026562,0.108354219,0.00210441,0
0,0,1,1,1,1,1.99,1.989428,1.99,0.000572371,0
75.27,29296.22,1691,28,25,3,22.935499,0.736323,642.1939797,-602.9274003,0
0,1608.15,0,141,3,0,0.36415,0,51.34518551,51.34518551,0
3.1,60601.5,2,2,2,2,0.212676,0,0.42535261,0.42535261,0
0,0,1,1,1,1,0.6445,0.644028,0.6445,0.000471636,0
390.27,1268.51,186,631,33,112,2.790186,9.783844,1760.607237,-59.18776278,0
161.43,61948.7,443,6,3,5,3.492407,0.188717,20.95443925,-62.6471964,0
0,2577.11,0,88,3,0,0.965252,0,84.94217602,84.94217602,0
24.87,0.28,3,2,2,3,50.5,33.666015,101,0.001956288,0
22.27,0,3,1,1,3,101,33.666149,101,0.001554,0
4600.03,6634.3,156,47,27,61,6.507222,2.25668,305.8394372,-46.20258701,0
160.95,0.33,2,2,2,2,50.5,50.499508,101,0.000984218,0
16419.03,44120.68,5,3,2,3,0.761816,0.455572,2.285449484,0.007588161,0
42100.89,16952.23,15,7,3,13,0.559282,0.259873,3.91497484,0.01688731,0
0,0,1,1,1,1,0.244233,0.243372,0.24423342,0.000861,0
0,610.36,0,621,5,0,0.538338,0,334.3078214,334.3078214,0
159.64,0.39,2,2,2,2,50.5,50.499508,101,0.000984218,0
161.55,0,2,2,2,2,50.5,50.499487,101,0.001026218,0
1.46,0,3,2,2,3,1000.5,666.999528,2001,0.001414909,0
0,0,1,1,1,1,0.1,0.096956,0.1,0.00304422,0
0,0,1,1,1,1,0.083059,0.082587,0.083059,0.000471636,0
0,13.69,1,2,2,1,0.5005,1.000958,1.001,4.20E-05,0
0,0,1,1,1,1,0.306228,0.305724,0.30622822,0.000504,0
23.15,2578.47,67,70,6,5,315.616055,329.74718,22093.12383,0.062769,0
20.69,0,3,1,1,3,101,33.666149,101,0.001554,0
659.73,224.64,1982,3,2,3,1.333333,0,4,4,0
0,21212.85,0,8,4,0,43.593856,0,348.750849,348.750849,0
11045.97,25006.02,50,14,12,37,0.159909,0.044063,2.23871903,0.035560679,0
0,0,0,1,1,0,1,0,1.0000001,1.0000001,0
7.92,5010.59,11,15,10,1,8.953043,12.207835,134.295644,0.00946385,0
0,1090.53,0,225,3,0,0.193408,0,43.51683216,43.51683216,0
28.15,713.44,106,207,13,1,18.103552,35.352743,3747.435236,0.04452001,0
6370.93,798.89,45,19,6,17,13.589026,5.736707,258.1915022,0.039703717,0
2.56,28003.05,5,5,5,1,7.91733,7.916354,39.58664795,0.004877324,0
3.53,4351.99,237,238,3,1,0.73046,0.732875,173.849574,0.158088844,0
0,1905.57,0,119,3,0,0.37914,0,45.11765527,45.11765527,0
36578.57,3060.57,5,2,2,2,2.619,1.047091,5.238,0.00254628,0
163726.23,0,2,1,1,2,0.002465,1.70E-05,0.00246512,0.00243068,0
5368.94,28442.31,15,11,6,6,3.692881,2.70765,40.62169582,0.00693912,0
0,0,1,1,1,1,5.999318,5.998698,5.99931846,0.00062,0
154.7,0,2,1,1,2,101,50.499508,101,0.000984218,0
158.72,0.3,2,2,2,2,50.5,50.499508,101,0.000984218,0
5.69,6749.71,47,50,12,1,18.427137,19.60177,921.3568626,0.073665823,0
155.91,0,2,1,1,2,101,50.499508,101,0.000984218,0
325.35,34146.39,11,11,11,1,0.347579,0.346824,3.82336469,0.008299097,0
852.65,1723.24,115,549,1,17,0.201474,0.947165,110.6090908,1.685090818,0
0,5828.8,1,2,1,1,0.106251,0.212082,0.21250222,0.00042002,0
36.16,186.84,7,7,2,1,53.472113,53.471693,374.3047914,0.00294,0
141351.31,728.82,4,3,3,2,0.376209,0.281563,1.12862796,0.002377512,0
1079.04,2568.37,30,26,9,11,19.157245,78.97364,498.0883585,-1871.120836,0
27587.85,16955.7,17,11,9,11,9.622222,2.522387,105.8444398,62.96386376,0
5.24,4940.75,7,7,7,1,5.8107,5.809836,40.6749,0.006046015,0
0,23802.55,1,2,1,1,0.209194,0.415,0.418387128,0.003387128,0
4.92,2750.15,169,169,2,169,0.316216,0.315728,53.44056754,0.082489496,0
2697.97,63932.97,12,14,5,8,1.066953,1.583543,14.93734143,-4.065175136,0
0,20.92,1,2,1,1,1.588177,3.085,3.17635386,0.09135386,0
6.56,1017.01,509,512,1,1,1.006158,1.011359,515.152988,0.371451256,0
0,0,1,1,1,1,0.443415,0.442795,0.443415319,0.00062,0
0,17647.91,0,3,2,0,33.666667,0,101,101,0
0,0,1,1,1,1,0.538139,0.537519,0.538139,0.00062,0
6964.46,13474.44,23,17,6,12,2.173757,1.605024,36.95386524,0.038302878,0
201.02,310.73,1215,1380,8,4,1.292639,1.486404,1783.841346,-22.13924249,0
0,8417.74,0,23,5,0,2.094647,0,48.17687541,48.17687541,0
0,1144.98,0,2,2,0,26.4,0,52.8,52.8,0
6141.71,9067.92,16,19,8,7,0.500169,0.593548,9.503211791,0.006441986,0
7599.38,27693.54,6,18,3,5,0.37002,1.109618,6.66035429,0.00264633,0
34.23,62380.53,3,3,3,1,22.162042,22.160674,66.4861269,0.00410375,0
5.35,2.21,554,9446,1088,341,21.737908,202.649242,205336.2793,93068.59923,0
23.34,0,3,1,1,3,101,33.666149,101,0.001554,0
401.69,15376.45,70,84,8,3,3.160379,3.79202,265.4718187,0.030410749,0
11.07,9529.23,2,2,2,1,2.25,2.249489,4.5,0.001022532,0
165.72,0,2,2,2,2,50.5,50.499487,101,0.001026218,0
0,13499.17,0,24,3,0,0.734263,0,17.62232041,17.62232041,0
25.61,0,3,2,2,3,50.5,33.666163,101,0.001512,0
161.92,0.82,2,2,2,2,50.5,50.499487,101,0.001026218,0
105.72,0,3,1,1,2,101,33.666171,101,0.001488218,0
5.78,4431.96,27,28,1,27,9.116964,9.454119,255.275,0.013781924,0
26621.58,0,5,1,1,5,0.01,0.001421,0.01,0.002892621,0
0,1617.2,0,123,3,0,0.257312,0,31.6493834,31.6493834,0
24.29,0.03,3,2,2,3,50.5,33.666155,101,0.001536086,0
6.62,2853.32,63,61,23,63,61.944366,59.977377,3778.606296,0.031567669,0
0,1041.06,0,3,1,0,1.6387,0,4.9161001,4.9161001,0
0,4215.89,0,256,7,0,0.544537,0,139.4013524,139.4013524,0
1.62,0.08,3,2,2,3,1000.5,666.999528,2001,0.001414909,0
75360.62,263.2,4,3,3,4,1.731852,1.29704,5.19555492,0.007396302,0
0,57.12,0,8622,205,0,0.073171,0,630.883331,630.883331,0
0,0,1,1,1,1,0.999664,0.998608,0.999664,0.001055747,0
34.21,0,9,1,1,2,101,11.221721,101,0.004512218,0
16597.75,1602.88,52,25,2,36,23.782044,11.432661,594.5510961,0.05273845,0
158.78,6.32,2,2,2,2,50.5,50.499487,101,0.001026218,0
0,2128.76,0,150,3,0,0.2808,0,42.1200435,42.1200435,0
11341.23,382.57,4,2,2,4,3.817816,1.905,7.6356327,0.0156327,0
0,0,1,1,1,1,1.1,1.09916,1.1,0.00084,0
17289.34,9448.14,8,7,3,1,9.0443,7.913312,63.3100995,0.003600545,0
0,2602.46,0,112,4,0,0.235373,0,26.36178532,26.36178532,0
0,2100.84,0,152,3,0,0.742499,0,112.8598419,112.8598419,0
160.7,0.84,2,2,2,2,50.5,50.499508,101,0.000984218,0
2.76,3251.5,26,26,2,1,0.119113,0.118693,3.09693855,0.01092,0
0,0,1,1,1,1,1.352964,1.352492,1.35296391,0.000471636,0
4006.01,2977.35,16,14,2,6,3.206112,2.804785,44.88556249,0.009005633,0
5.76,16336.09,23,23,2,23,0.294865,0.294436,6.781897334,0.009858705,0
8489.06,4568.13,65,71,35,31,24.828929,27.1197,1762.853979,0.073474555,0
0,5814.17,0,39,4,0,0.90913,0,35.4560735,35.4560735,0
0,0,1,1,1,1,1,0.999559,1,0.000441,0
0,17666.31,0,5,3,0,8.303411,0,41.51705343,41.51705343,0
0,0,0,1,1,0,2.99,0,2.99,2.99,0
1.14,10623.62,7,8,1,3,1.960755,2.239753,15.68604,0.00777,0
165.1,0,2,1,1,2,101,50.99868,101,-0.997359782,0
160.7,0.69,2,2,2,2,50.5,50.499508,101,0.000984218,0
161.51,0,2,1,1,2,101,50.499508,101,0.000984218,0
165.1,0,2,1,1,2,101,50.499508,101,0.000984218,0
15563.08,2272.79,29,43,2,3,0.178512,0.264183,7.67603139,0.01472501,0
103.24,0,3,1,1,3,101,33.666171,101,0.001488218,0
159.49,0.84,2,2,2,2,50.5,50.499508,101,0.000984218,0
17.79,0,3,1,1,3,101,33.666149,101,0.001554,0
1.79,6.61,2,2,2,1,0.928602,0.928046,1.85720409,0.001111385,0
0,0,1,1,1,1,0.088853,0.088013,0.08885335,0.00084,0
112919.45,10973.49,2,18,3,2,11.280833,101.526135,203.055,0.00273025,0
3404.25,934.32,10,1295,4,6,1.258539,195.246139,1629.808169,-322.6532213,0
1069.31,2023.6,720,108,17,50,26.50439,6.63143,2862.47414,-1912.15547,0
34.49,0.33,2,2,2,2,50.5,50.499475,101,0.00105,0
0,0,1,1,1,1,0.048567,0.047947,0.04856697,0.00062,0
2918.92,5480.39,86,137,28,41,0.157843,0.243957,21.62450316,0.644238192,0
65.84,7980.33,55,57,6,1,16.59789,17.20103,946.0797547,0.023100008,0
1972.54,950.19,171,833,10,2,11.830085,57.562062,9854.461169,11.34854134,0
155.1,0,2,1,1,2,101,50.499508,101,0.000984218,0
19604.26,1758.21,14,9,8,10,0.912601,0.602014,8.21340836,-0.21478764,0
127.07,2391.94,12,59,1,1,0.205877,0.978073,12.14677137,0.409890092,0
1423.99,3744.25,24,260,2,20,0.074368,0.777004,19.33579793,0.687698124,0
2.88,5008.52,16,16,1,1,0.292319,0.291899,4.67710295,0.00672,0
24.29,0.26,3,2,2,3,50.5,33.666151,101,0.001548055,0
3746.3,1889.34,161,321,37,44,22.779931,45.41742,7312.357717,0.153042125,0
17422.61,112271.27,17,7,7,11,23.390518,9.632716,163.7336265,-0.02254954,0
0,5266.57,0,115,3,0,0.654564,0,75.27483577,75.27483577,0
45.94,2614.98,15,15,2,1,0.095937,0.095069,1.439056827,0.013028287,0
17.94,3335.28,5,5,1,5,0.83906,0.838594,4.19529843,0.002328517,0
5416.15,6191.72,163,22,1,9,0.009136,7.00E-05,0.201,0.189638576,0
0,0,1,1,1,1,1,0.99938,1,0.00062,0
3234.2,4.99,2,2,2,2,1.396688,1.391,2.793376,0.011376,0
26.84,0,2,1,1,2,101,50.499475,101,0.00105,0
3260.85,11914.44,54,29,10,23,18.730181,10.333981,543.1752576,-14.85974244,0
0,2775.66,0,105,3,0,0.180627,0,18.96579583,18.96579583,0
8177.69,33086.72,21,23,10,18,5.656255,6.194424,130.0938627,0.010950481,0
0,1532.28,0,148,3,0,0.428176,0,63.3700526,63.3700526,0
11971.39,1745.49,31,12,5,18,2.363347,1.049618,28.36015976,-4.178013323,0
320.49,5288.81,51,52,2,3,0.222794,0.226742,11.58530599,0.021441006,0
0,1740.15,0,115,3,0,0.722415,0,83.07776527,83.07776527,0
24.32,0.76,3,2,2,3,50.5,33.666163,101,0.001512,0
1.46,1.49,3,2,2,3,1000.5,666.999528,2001,0.001414909,0
8.42,789.41,1340,1343,3,1,0.257271,0.256416,345.5153525,1.918274511,0
2535.77,3169.8,4,2,2,2,1.044317,0.521597,2.08863425,0.00224525,0
2.65,462.59,561,565,2,9,0.211129,0.211755,119.2879828,0.4935,0
0,2926.82,0,64,3,0,0.801745,0,51.31165512,51.31165512,0
2.77,3517.02,27,28,4,1,100.64816,104.37545,2818.148479,0.011340003,0
0,1880.12,0,155,4,0,4.930319,0,764.1994771,764.1994771,0
156.98,0,2,1,1,2,101,50.499508,101,0.000984218,0
3413.64,11270.6,148,43,22,74,12.2322,3.849945,525.9846202,-43.80727985,0
3,0.52,3,2,2,3,1000.5,666.99939,2001,0.001830667,0
21.89,0,3,1,1,3,101,33.666149,101,0.001554,0
0,0,1,1,1,1,0.879005,0.878385,0.87900497,0.00062,0
1278.37,13701.74,45,52,2,45,0.18829,0.217164,9.791073111,0.018675984,0
9.29,5224.66,20,20,7,1,16.585682,16.584408,331.7136331,0.02546468,0
0,0,1,1,1,1,2.169276,2.168153,2.16927597,0.001122944,0
0,4614.81,0,47,8,0,1.158808,0,54.46395615,54.46395615,0
382.23,541.83,165,160,2,10,32.786009,31.791651,5245.761471,0.139002998,0
0,0,1,1,1,1,0.593495,0.593054,0.59349463,0.000441,0
14.48,3322.66,234,238,2,6,0.173576,0.17571,41.31099017,0.1948632,0
49.2,36.06,2447,2443,2,2,0.024992,1.10E-05,61.055,61.02859615,0
2.88,2.29,3,6,1,1,1.660636,3.319636,9.963816,0.00490767,0
0,0,1,1,1,1,0.1,0.099418,0.1,0.000581532,0
0,38.26,1,9,2,1,6.527187,58.744242,58.74468368,0.00044168,0
4703.81,7702.54,15,14,9,15,0.826229,0.666738,11.56720217,1.566130523,0
516.36,864.51,93,496,4,3,1.033758,5.512804,512.7439202,0.053177334,0
3,0.52,3,2,2,3,1000.5,666.999528,2001,0.001414909,0
0,0,1,1,1,1,0.072138,0.071666,0.07213774,0.000471636,0
81.69,294.09,523,7,4,6,9.637143,0.534762,67.46,-212.2204013,0
81.64,2507.14,292,305,3,1,0.996428,1.039557,303.9104432,0.359795081,0
158.58,0,2,1,1,2,101,50.499508,101,0.000984218,0
5765.88,19401.98,63,25,17,45,5.041058,1.994543,126.0264432,0.37022966,0
25.09,0,3,2,2,3,50.5,33.666163,101,0.001512,0
23.89,0,3,1,1,3,101,33.666149,101,0.001554,0
64333.53,6735.82,2,3,3,2,1.366667,0.55,4.1,3,0
21287.96,993.76,14,8,2,9,0.953788,0.771214,7.6303066,-3.1666934,0
18.47,566.31,1110,1200,4,3,1.911302,2.065853,2293.562894,0.466221,0
22.04,2274.92,183,456,4,2,0.504221,1.254835,229.9246777,0.28993858,0
816.77,2042.19,15,15,12,12,24.844577,31.343095,372.668652,-97.47776728,0
2.03,15024.53,5,5,2,1,0.209194,0.206687,1.0459682,0.0125333,0
1.05,4335.26,4,4,4,1,0.198749,0.198087,0.79499699,0.002650766,0
6226.86,1675.52,134,57,15,48,3.89267,1.829205,221.8821881,-23.23123404,0
743.91,0,8,1,1,1,0.007429,0,0.00742902,0.00742902,0
0,0,1,1,1,1,0.06664,0.066169,0.06664023,0.000471636,0
3.47,447.98,2,2,1,1,2.995,2.993534,5.99,0.00293185,0
3.33,28171.64,5,5,5,1,0.305705,0.305146,1.52852277,0.002792586,0
197165.4,0,5,0,0,3,0,0.001183,0,-0.00591358,0
161.45,0.82,2,2,2,2,50.5,50.499487,101,0.001026218,0
0,1696.28,0,135,5,0,0.322431,0,43.52816798,43.52816798,0
3930.61,11275.1,3,45,3,3,0.755785,11.335302,34.01032335,0.004417771,0
0,29443.68,0,3,2,0,47.666667,0,143,143,0
161.45,0.82,2,2,2,2,50.5,50.499487,101,0.001026218,0
34827.77,1065,14,7,4,2,4.122857,2.057698,28.86,0.052234997,0
0,7877.52,0,37,4,0,0.794026,0,29.37894782,29.37894782,0
3.49,5651.02,11,11,6,1,5.10297,5.10255,56.1326672,0.00462,0
0,1643.32,0,138,3,0,0.181946,0,25.10861175,25.10861175,0
102229.05,0,2,1,1,1,0.22528,0.112162,0.22527997,0.000955525,0
28301.99,438.14,7,65,7,1,21.818543,202.600243,1418.205324,0.00362259,0
7133.41,31214.68,18,8,7,11,33.828488,15.047389,270.6279,-0.2251,0
18.88,0,3,1,1,3,101,33.666149,101,0.001554,0
159.98,0,2,1,1,2,101,50.499508,101,0.000984218,0
0,17211.93,0,2,1,0,1.227008,0,2.4540157,2.4540157,0
14271.53,26340.04,17,30,9,3,13.7903,24.335399,413.7090047,0.007223705,0
0,126.69,0,8146,1589,0,929.910711,0,7575052.654,7575052.654,0
7911.22,16758.17,14,9,7,8,7.375544,6.798845,66.3799,-28.80393343,0
306.01,216942.13,7,4,4,5,13.502924,7.714848,54.01169666,0.00775822,0
15.02,0,3,1,1,3,101,33.666149,101,0.001554,0
0,0,1,1,1,1,2.174788,2.174284,2.17478844,0.000504,0
3622.5,4813.5,22,50,5,1,1.192758,2.710342,59.63787747,0.010362604,0
1738.3,0,2,1,1,1,0.004978,0,0.0049775,0.0049775,0
67715.84,62725.08,2,7,2,2,2.461549,8.614701,17.23084242,0.001441,0
162.67,0.82,2,2,2,2,50.5,50.499487,101,0.001026218,0
0,1139.64,0,169,5,0,0.182531,0,30.8476651,30.8476651,0
0,18.35,0,9999,820,0,5.065752,0,50652.45143,50652.45143,0
20141.52,19247.8,8,6,3,6,0.449536,0.440767,2.69721776,-0.82891746,0
1104.65,18805.03,6,14,2,2,3.053697,7.124834,42.75175448,0.002751,0
14087.54,2223.62,3,8,4,3,7.327447,19.539289,58.61957834,0.001711752,0
54.17,10577.02,41,74,1,1,0.466104,0.835811,34.4917315,0.223460799,0
8.84,2842.91,197,198,2,1,0.109738,0.109202,21.72816248,0.215322939,0
0,2096.75,0,139,3,0,0.297716,0,41.38255687,41.38255687,0
3432.69,4309.93,217,49,28,99,10.617423,2.790373,520.2537251,-85.25727989,0
4394.44,7148.33,17,132,1,3,0.203399,1.478824,26.84866071,1.708660711,0
0,4973.31,0,40,2,0,0.976633,0,39.06530094,39.06530094,0
0,22080.82,0,4,3,0,24.965,0,99.86,99.86,0
1.83,0,3,2,2,3,1000.5,666.999528,2001,0.001414909,0
923.3,19269.39,18,18,1,3,0.094022,0.093601,1.692392037,0.007581001,0
0,0,1,1,1,1,0.786509,0.785889,0.786508505,0.00062,0
15.66,13226.48,7,7,1,1,11.497704,11.497264,80.48392983,0.00308105,0
0,3009.37,0,64,3,0,0.277665,0,17.77053163,17.77053163,0
3.76,0.07,3,2,2,3,1000.5,666.999528,2001,0.001414909,0
165.68,0,2,2,2,2,50.5,50.499487,101,0.001026218,0
6340.4,3117.36,2,2,1,2,1.004596,1.003754,2.00919174,0.001683569,0
0,4944.7,0,2,2,0,5.00E-05,0,0.0001,0.0001,0
25642.19,8615.07,32,15,6,23,1.6162,0.844443,24.24300577,-2.77916923,0
13.06,0,3,1,1,3,101,33.666149,101,0.001554,0
1.73,0.42,4,2,2,4,1000.5,500.249528,2001,0.001886545,0
211.28,18741.19,10,13,2,2,4.743662,6.166353,61.66760375,0.004077212,0
9.61,160.53,9989,11,2,971,236.006623,2.425586,2596.072852,-21633.10482,0
158.37,1.46,2,2,2,2,50.5,50.499508,101,0.000984218,0
25.06,0.49,3,2,2,3,50.5,33.666163,101,0.001512,0
1134.99,3438.13,190,33,10,21,2.487427,0.51969,82.08510375,-16.65603153,0
1.06,2557,5,5,4,1,3.226634,3.226171,16.1331699,0.002314838,0
936.63,89.43,712,5586,3511,423,6.565695,51.536536,36675.97346,-18.04016558,0
10.16,6046.69,18,18,3,18,0.223287,0.222754,4.01916257,0.00958898,0
23386.41,0,13,1,1,6,88.505496,20.415231,88.50549552,-176.8925105,0
0,7229.57,0,133,15,0,8.802265,0,1170.701309,1170.701309,0
60.64,16773.16,16,18,4,1,0.92049,1.034446,16.56881159,0.017681071,0
42.02,3210.21,119,122,1,119,0.052264,0.053097,6.376261113,0.057735286,0
20.54,4896.07,186,203,6,1,2.274681,2.481692,461.7601545,0.165452476,0
2.41,0,4,2,2,4,1000.5,500.249528,2001,0.001886545,0
9867.76,1035.01,11,3,2,6,0.169496,0.080182,0.50848922,-0.37351078,0
22.31,0,3,1,1,3,101,33.666149,101,0.001554,0
12.28,18447.42,9,11,10,1,0.510909,0.623964,5.62,0.00432083,0
39351.42,12548.39,11,10,7,8,4.769594,4.335582,47.69593563,0.004531553,0
6.34,2346.86,21,32,12,1,10.72624,16.343353,343.2396715,0.029248419,0
104.92,0,3,1,1,3,101,33.666179,101,0.001464437,0
26.22,0.21,3,2,2,3,50.5,33.666163,101,0.001512,0
0,1731.26,0,131,2,0,0.380294,0,49.8184632,49.8184632,0
0.72,1428.66,3,3,1,2,3.994,3.99316,11.982,0.00252,0
19.56,0.21,4,2,2,3,50.5,25.249496,101,0.002016,0
38406.87,7771.75,9,73,2,3,0.178323,1.065317,13.0176105,3.429753405,0
1.85,0.42,4,2,2,4,1000.5,500.249528,2001,0.001886545,0
4.48,2426.6,473,473,2,1,0.705273,0.704709,333.5941678,0.266930279,0
13208.25,301,5,4,1,4,1.342407,1.483,5.36963,-2.04537,0
107.37,0.63,3,2,2,2,50.5,33.666171,101,0.001488218,0
19721.33,10970.53,6,24,4,4,8.876703,28.817319,213.0408714,40.13695874,0
373.55,164623.01,12,6,5,7,1.200857,0.599953,7.20514027,0.00569945,0
1.22,9292.59,2,2,2,2,0.053808,0.052758,0.10761609,0.0021,0
24.3,28.26,6362,3638,2257,2088,14.61632,8.170409,53174.17165,1194.029282,0
161.92,0.82,2,2,2,2,50.5,50.499487,101,0.001026218,0
870.44,270.63,106,2546,7,5,2.9483,70.834314,7506.372425,-2.064819981,0
157.86,1.46,2,2,2,2,50.5,50.499508,101,0.000984218,0
40.8,3215.21,547,594,5,3,1.439539,1.562377,855.0861016,0.4658639,0
155.97,0,2,1,1,2,101,50.499508,101,0.000984218,0
522.17,126161.8,16,7,7,10,8.703539,3.807284,60.92477115,0.00822081,0
13.91,0,5,1,1,2,0.239144,0.043352,0.23914434,0.02238264,0
0,3843.5,0,59,3,0,0.514541,0,30.35789801,30.35789801,0
4.44,7394.36,7,7,1,7,5.83566,5.835225,40.84961661,0.003038458,0
25.04,0,3,2,2,3,50.5,33.666015,101,0.001956288,0
4942.43,29442.28,55,7,5,16,0.473432,0.061199,3.314024851,-0.051945269,0
6252.52,4104.25,5,3,3,4,0.039771,0.023409,0.11931284,0.002266618,0
0,0,1,1,1,1,0.105,0.101956,0.105,0.00304422,0
675.07,4102.71,11,11,6,1,9.456328,9.455595,104.0196045,0.008059045,0
18853.13,13525.62,7,6,4,2,5.307372,4.548544,31.84423383,0.004425788,0
33.43,0,2,1,1,2,101,50.499475,101,0.00105,0
22.46,0,3,1,1,3,101,33.666149,101,0.001554,0
45.4,1230.83,2,2,2,1,0.422555,0.420743,0.845110318,0.003623368,0
5.6,6647.79,53,56,1,1,0.203685,0.214543,11.40635855,0.035594293,0
11.09,30616.2,6,8,5,1,0.22358,0.296689,1.78863676,0.00850475,0
3.09,0,3,2,2,3,1000.5,666.99939,2001,0.001830667,0
0,0,1,1,1,1,11.703693,11.703073,11.70369311,0.00062,0
6.63,18.15,2,2,1,1,11.249,11.24696,22.498,0.00408039,0
0,2501.13,0,84,4,0,0.303542,0,25.49754898,25.49754898,0
0,0,1,1,1,1,6.3,6.29938,6.3,0.00062,0
0,0,1,1,1,1,1,0.999528,1,0.000471636,0
0,0,1,1,1,1,0.001,4.90E-05,0.001,0.000951346,0
0,0,1,1,1,1,0.123,0.12238,0.123,0.00062,0
10786.96,4810.07,3,2,1,2,0.65625,0.437059,1.3125,0.001323,0
12.73,4857.83,3,3,2,3,2.993,2.992545,8.979,0.001365,0
22.12,0,3,1,1,3,101,33.666149,101,0.001554,0
0,900.75,0,437,3,0,0.977723,0,427.2650376,427.2650376,0
5.98,0.17,3,2,2,3,1000.5,666.999528,2001,0.001414909,0
26.69,613.16,684,721,1,2,0.262827,0.276624,189.4980026,0.287301,0
6547.83,81.83,41,2,2,7,4.0005,0.918427,8.001,-29.65448913,0
12.68,4731.18,214,214,8,3,0.08713,0.086184,18.6457941,0.202333567,0
6.66,6501.21,20,20,1,1,117.169775,117.169111,2343.395493,0.013263234,0
35.27,0.37,2,2,2,2,50.5,50.499478,101,0.001044055,0
0,0,1,1,1,1,0.2,0.19946,0.2,0.000540211,0
0,0,0,1,1,0,0.039549,0,0.039549222,0.039549222,0
0,0,1,1,1,1,0.042752,0.042302,0.0427518,0.00045,0
4875.83,1279.86,64,17,8,16,2.538714,0.672937,43.15813511,0.09013511,0
6.93,1087.96,346,356,164,344,5.527721,5.687051,1967.868825,0.149245405,0
18.47,0,3,1,1,3,101,33.666149,101,0.001554,0
16950.49,13341.48,12,10,8,9,0.214007,0.177467,2.14006902,0.010466652,0
556.92,1367.49,11,301,4,8,0.074638,1.968904,22.46590884,0.807965121,0
13790.85,4953.68,24,20,16,17,0.172632,0.14334,3.452645921,0.012487188,0
15044.6,8273.13,20,16,8,13,6.400739,4.017198,102.4118199,22.06785034,0
1.92,0.01,3,92,92,3,21.75,666.999528,2001,0.001414909,0
219.74,23.88,2102,4,2,3,23.17499,0.366011,92.69996192,-676.6553783,0
39.88,26.66,6,23,15,5,0.077623,0.297,1.78532458,0.00332458,0
16.44,0,3,1,1,3,101,33.666149,101,0.001554,0
5795.24,5815.77,12,7,7,8,1.784395,1.040424,12.49076801,0.0056826,0
40686.04,5754.76,15,21,12,6,42.717857,36.27,897.075,353.025,0
0,0,1,1,1,1,0.4,0.39938,0.4,0.00062,0
21.34,0,3,1,1,3,101,33.666149,101,0.001554,0
161.34,1.02,2,2,2,2,50.5,50.499487,101,0.001026218,0
1268.21,1033.31,238,86,17,67,106.855528,42.135241,9189.575414,-838.6118421,0
2229.68,383.97,3,2,2,3,6.725019,4.482716,13.45003836,0.00189003,0
27.88,1213.7,391,400,3,1,1.010539,1.033065,404.2155915,0.287259939,0
1665.83,4152.79,104,54,17,28,6.365157,3.448491,343.7184942,-14.92459607,0
157.78,0,2,1,1,2,101,50.499508,101,0.000984218,0
3.69,2638.45,3,3,1,3,0.854406,0.85394,2.56321775,0.001398494,0
107.53,0,3,1,1,3,101,33.666179,101,0.001464437,0
47647.06,106676.23,16,4,4,5,3.316565,0.448747,13.26626111,6.08630571,0
160.7,0.99,2,2,2,2,50.5,50.499508,101,0.000984218,0
0,0,1,1,1,1,0.0295,0.028918,0.0295,0.000581532,0
3060.4,52579.13,16,9,7,12,1.028264,0.577929,9.254378321,0.007517171,0
0,16197.17,0,14,6,0,4.873012,0,68.22216144,68.22216144,0
5662.54,3977.51,148,137,10,33,422.835694,408.286693,57928.49005,-2497.94056,0
46238.7,22579.21,13,5,3,9,3.252651,1.474615,16.26325744,-2.90674256,0
0,2338.63,0,92,5,0,0.848925,0,78.10114116,78.10114116,0
21.68,0,3,1,1,3,101,33.666149,101,0.001554,0
0,5068.71,0,63,3,0,0.756298,0,47.64678783,47.64678783,0
0,25013.98,0,8,4,0,1.652959,0,13.22366865,13.22366865,0
54.99,705.97,5107,859,476,1055,1.351856,1.513027,1161.244616,-6565.782688,0
26392.82,0,2,1,1,1,0.443132,0.220285,0.44313242,0.002562,0
0,3.66,1,2,1,1,1,1.999559,2,0.000441,0
1565.63,6036.7,33,108,1,32,0.135955,0.272764,14.68319201,5.681988577,0
0,2099.81,0,108,3,0,0.202053,0,21.82174764,21.82174764,0
0,0,1,1,1,1,2.113002,2.112561,2.11300153,0.000441,0
31.98,67019.02,3,3,3,1,1.768363,1.766615,5.30509005,0.00524579,0
18.84,0,3,1,1,3,101,33.666149,101,0.001554,0
0,1971.86,0,115,5,0,0.670008,0,77.05089746,77.05089746,0
13173.53,41590.35,12,7,4,11,2.100213,1.223914,14.70149,0.014521416,0
155.43,0,2,1,1,2,101,50.499286,101,0.001428506,0
279.66,31307.86,31,35,16,3,15.462389,17.457153,541.1836289,0.01187733,0
3833.93,1804.19,125,33,8,38,5.64284,2.715914,186.2137168,-153.2754751,0
162.58,101350.2,8,7,6,7,0.03081,0.026476,0.21566915,0.00385796,0
3.83,19140.75,5,5,4,1,0.4334,0.432198,2.167,0.00601071,0
21.76,2632.04,5,5,5,1,3.851214,3.850039,19.2560677,0.0058748,0
0,0,1,1,1,1,13,12.999528,13,0.000471636,0
20275.65,8171.93,13,49,3,10,0.194851,0.73306,9.54767839,0.01790179,0
1364.83,8666.03,24,14,6,11,2.094439,1.219952,29.32215193,0.04330641,0
162.81,0.88,2,2,2,2,50.5,50.499487,101,0.001026218,0
8449.21,2071.7,27,14,8,24,13.12182,7.025484,183.7054741,-5.982584246,0
23.88,0.18,3,2,2,3,50.5,33.666151,101,0.001548055,0
14.16,17.62,5227,4773,3640,1396,3.040569,2.373059,14512.63671,2108.645197,0
11321.68,7043.64,45,17,8,23,0.810757,0.327553,13.78286948,-0.957029462,0
5510.81,20186.01,51,13,7,22,4.87993,1.22297,63.43908634,1.067615532,0
2.07,0,3,2,2,3,1000.5,666.999528,2001,0.001414909,0
0,6309.77,0,14,2,0,87.437642,0,1224.126985,1224.126985,0
163.78,0,2,1,1,2,101,50.499508,101,0.000984218,0
0,1858.74,0,122,2,0,0.37996,0,46.35517692,46.35517692,0
159.49,0.84,2,2,2,2,50.5,50.499508,101,0.000984218,0
1.46,0.97,3,2,2,3,1000.5,666.999528,2001,0.001414909,0
0,1648.74,0,122,6,0,0.364806,0,44.50628024,44.50628024,0
0,13340.01,0,17,6,0,4.719801,0,80.23661931,80.23661931,0
0,5154.12,0,44,12,0,1.654846,0,72.81322276,72.81322276,0
165.29,799.68,43,294,5,1,0.106153,0.724813,31.20888561,0.04193436,0
75742.11,10802.88,3,4,2,3,0.064899,0.08586,0.25959702,0.002016,0
3.12,6770.08,30,30,2,1,0.449717,0.449297,13.4915242,0.0126,0
15.99,0,3,1,1,3,101,33.666149,101,0.001554,0
0,243.16,1,7,4,1,10.297629,72.082963,72.08340431,0.000441,0
0,5836.27,0,124,5,0,0.263836,0,32.71565976,32.71565976,0
0,1451.33,0,220,9,0,0.75735,0,166.6169122,166.6169122,0
21.36,0,3,1,1,3,101,33.666149,101,0.001554,0
33.3,4068.14,8,8,1,1,0.103633,0.103192,0.829066797,0.003528,0
4870.05,14445.37,18,20,1,2,0.065404,0.072137,1.30808881,0.00962955,0
138354.48,256.55,2,4,1,2,0.081055,0.16165,0.32421967,0.00091967,0
0,0,1,1,1,1,11,10.99938,11,0.00062,0
0,3306.43,0,119,4,0,0.446441,0,53.12650566,53.12650566,0
22.14,0,3,1,1,3,101,33.666149,101,0.001554,0
0,5331.21,0,135,6,0,0.237433,0,32.05346803,32.05346803,0
0,0,1,1,1,1,0.5,0.49938,0.5,0.00062,0
7.79,347.21,3,3,1,3,1.618346,1.617861,4.85503751,0.001455284,0
155.91,0,2,1,1,2,101,50.499508,101,0.000984218,0
161.93,0.82,2,2,2,2,50.5,50.499487,101,0.001026218,0
6.15,33653.34,7,9,4,1,23.96921,30.816334,215.7228871,0.008551778,0
162.18,0.4,2,3,3,2,33.666667,50.499508,101,0.000984218,0
216.32,397.21,4876,1118,970,2114,15.536044,3.508366,17369.29768,262.5027126,0
7.83,180.38,2,2,1,2,3.28,3.279496,6.56,0.001008,0
128994.37,17341.49,5,10,7,4,12.23001,12.762,122.3000968,58.49009681,0
0,0,1,1,1,1,0.957765,0.957324,0.95776526,0.000441,0
24.32,0.27,3,2,2,3,50.5,33.666159,101,0.001523001,0
21.68,0,3,1,1,3,101,33.666149,101,0.001554,0
0,0,1,1,1,1,3.541445,3.540825,3.541445,0.00062,0
0,1744.39,0,130,2,0,0.380799,0,49.50381682,49.50381682,0
0,0,1,1,1,1,9,8.99938,9,0.00062,0
16.23,0,4,1,1,3,101,25.249475,101,0.0021,0
5.79,98.11,4994,5006,8,4472,1496.767536,1500.306652,7492818.283,286.8641404,0
0,0,1,1,1,1,13.2,13.19938,13.2,0.00062,0
101.53,0,3,1,1,2,101,33.666171,101,0.001488218,0
0.94,5119.52,15,15,2,3,6.681588,6.680524,100.2238142,0.01596,0
49.24,2885.89,451,453,1,1,1.07495,1.078864,486.9524169,0.38454356,0
17.84,3235.62,8,9,1,1,2.000238,2.249211,18.00214223,0.0084505,0
164.08,0.82,2,2,2,2,50.5,50.499487,101,0.001026218,0
2243.41,4445.15,84,53,21,25,7.232415,4.895327,383.317978,-27.889522,0
0,0,1,1,1,1,5,4.999527,5,0.000473186,0
0,0,1,1,1,1,0.45,0.4478,0.45,0.0022,0
0,22084.94,0,4,2,0,21.107938,0,84.43175002,84.43175002,0
22.26,0,3,1,1,3,101,33.666149,101,0.001554,0
107.7,0,3,1,1,2,101,33.665848,101,0.002455818,0
34.61,0,3,1,1,3,101,33.666163,101,0.001512,0
0,20160.98,0,3,2,0,8.0021,0,24.0063,24.0063,0
128.18,809.47,1948,80,17,92,1.852246,0.213816,148.1796713,-268.3342065,0
6.69,2744.31,173,175,2,1,3.686285,3.728267,645.099962,0.109798076,0
72390.87,0,7,1,1,3,4.94,0.705266,4.94,0.003137638,0
1.79,0.97,3,2,2,3,1000.5,666.999528,2001,0.001414909,0
0,8089.49,0,13,2,0,41.538462,0,540,540,0
0,32397.45,0,7,4,0,4.796475,0,33.57532509,33.57532509,0
158.35,0.39,2,2,2,2,50.5,50.499508,101,0.000984218,0
6.31,2082.26,18,18,1,18,0.203144,0.202713,3.656598892,0.007755923,0
15.57,0,4,1,1,4,101,25.249475,101,0.0021,0
195.74,4796.83,69,97,6,1,2.063398,2.899904,200.1496054,0.056235877,0
161.82,0.37,2,2,2,2,50.5,50.499508,101,0.000984218,0
22.16,0,3,1,1,3,101,33.666149,101,0.001554,0
162.17,1.78,2,2,2,2,50.5,50.499508,101,0.000984218,0
1221.91,2210.02,622,115,74,264,1.795828,0.410798,206.5202443,-48.99599269,0
241.41,3260.72,92,333,3,1,0.228124,0.824674,75.96520128,0.095189563,0
2129.97,501.06,5,10,1,4,3.052963,6.104676,30.52963405,0.00625233,0
4.04,7896.8,4,4,1,4,2.125,2.124477,8.5,0.002090374,0
0,0,1,1,1,1,1,0.99938,1,0.00062,0
4.46,53727.44,3,3,2,1,1.417886,1.417003,4.253656958,0.002648962,0
4.31,13.01,8,2,2,2,0.995,0.493,1.99,-1.954,0
737.36,72045.74,6,3,3,3,0.341747,0.262433,1.02524009,-0.54935991,0
4.52,4604.66,5,5,2,5,0.736457,0.736001,3.68228618,0.002279865,0
0,0,1,1,1,1,0.019901,0.019397,0.019901014,0.000504,0
162.16,0.33,2,2,2,2,50.5,50.499508,101,0.000984218,0
0,1579.15,0,145,3,0,0.68121,0,98.77547789,98.77547789,0
4.59,2.38,2,2,1,2,3.035,3.034528,6.07,0.000943273,0
265727.79,0,3,1,1,3,2.995,0.996667,2.995,0.005,0
0,0,1,1,1,1,0.53858,0.538139,0.53858,0.000441,0
110.51,0.21,3,2,2,3,50.5,33.666165,101,0.001506437,0
19.79,0,3,1,1,3,101,33.666149,101,0.001554,0
0,2081.68,0,110,3,0,0.288181,0,31.69988104,31.69988104,0
32.07,5.23,1247,8753,1554,721,1.205974,7.97406,10555.89269,612.2398303,0
0,6418.42,0,34,9,0,10.952561,0,372.3870897,372.3870897,0
0,2241.92,0,130,6,0,0.744739,0,96.81606738,96.81606738,0
162.26,0.36,2,4,4,2,25.25,50.499508,101,0.000984218,0
0,0,1,1,1,1,4.177405,4.176901,4.17740478,0.000504,0
11.47,3607.1,142,151,3,2,1.051654,1.117888,158.7998006,0.059640002,0
1772.99,2364.89,308,184,59,101,34.108099,20.675935,6275.89026,-92.29774014,0
0,0,1,2,2,1,0.005229,0.009837,0.010457,0.00062,0
158.47,0,2,1,1,2,101,50.499508,101,0.000984218,0
14.92,0,4,1,1,3,101,25.249475,101,0.0021,0
105.7,0.84,3,2,2,2,50.5,33.666171,101,0.001488218,0
0,0,1,1,1,1,2.879014,2.878104,2.87901427,0.00091,0
17.98,0,3,1,1,3,101,33.666149,101,0.001554,0
11445.85,5723.73,5,64,4,3,0.207776,3.946792,13.29764712,-6.43631288,0
0,37796.25,0,6,3,0,3.053333,0,18.32,18.32,0
7.33,6863.87,58,59,2,1,0.14513,0.146143,8.562672449,0.086380469,0
997.95,3473.02,7,23,2,1,0.252141,0.804615,5.799236119,0.166932823,0
476.53,102.85,11,4,4,6,9.169588,3.333855,36.6783525,0.0059475,0
163.68,0.48,2,3,3,2,33.666667,50.499487,101,0.001026218,0
20.8,0,3,1,1,3,101,33.665988,101,0.002035312,0
6887.65,3437.19,139,18,1,9,0.008944,0,0.161,0.161,0
550.07,754.3,30,1050,12,19,0.434199,7.020333,455.909361,245.299361,0
11.03,20845.88,12,12,10,1,4.734298,4.733583,56.81157311,0.00857799,0
149980.77,1033.87,2,4,2,1,20.172462,40.344484,80.68984922,0.000882,0
0,2067.14,0,141,5,0,0.461002,0,65.0013181,65.0013181,0
1648.23,66539.98,14,14,9,2,0.094797,0.094274,1.32715743,0.0073185,0
1651.78,745.44,151,28,9,28,5.73967,1.063208,160.7107708,0.16630466,0
22.14,703.98,838,851,5,3,0.850302,0.863072,723.6066889,0.351981003,0
161.34,1.78,2,2,2,2,50.5,50.499508,101,0.000984218,0
0.68,13393.26,2,2,1,2,0.003712,0.002872,0.007424593,0.00168,0
163.56,0,2,1,1,2,101,50.499508,101,0.000984218,0
0,0,1,1,1,1,6.317137,6.316517,6.31713717,0.00062,0
0,0,1,1,1,1,2.009,2.008244,2.009,0.000756,0
7.65,13578.09,2,2,1,2,3.491887,3.491431,6.98377388,0.000912636,0
159.23,2.22,2,2,2,2,50.5,50.499487,101,0.001026218,0
2005.74,12113.39,106,16,4,10,1.631744,0.469514,26.10789713,-23.66062855,0
0,0,1,1,1,1,3.061761,3.061257,3.06176084,0.000504,0
24.26,37024.26,5,8,4,1,72.672553,116.273909,581.3804206,0.0108769,0
502.49,948.95,412,413,3,1,1.165283,1.172384,481.2618169,-1.760440359,0
5289.85,5578.06,115,25,17,42,5.311242,1.312721,132.7810562,-18.1818438,0
0,6265.28,0,54,6,0,0.684021,0,36.93714834,36.93714834,0
37.19,7231.81,20,20,1,1,4.19188,4.187941,83.8376,0.0787849,0
0,1578.7,0,122,3,0,0.350444,0,42.75411528,42.75411528,0
4641.35,7866.45,29,5,4,11,0.401257,0.135759,2.006285,-1.930715,0
42095.76,54071.5,11,3,3,10,0.156611,0.079503,0.46983186,-0.404696,0
0,96.88,1,3,1,1,0.327864,0.983355,0.98359122,0.00023625,0
21767.65,22318.13,19,6,5,14,2.449456,0.734381,14.69673663,0.743496958,0
82.03,424,190,194,1,2,0.056673,0.057446,10.99463608,0.079821,0
0,0,1,1,1,1,4.405155,4.404535,4.40515469,0.00062,0
0,0,1,1,1,1,9.999528,9.999057,9.99952837,0.000471636,0
11.31,642.38,2463,2483,8,3,2.013288,2.028921,4998.993298,1.76001129,0
14.93,3172.95,4,4,2,1,3.063672,3.057405,12.25468985,0.0250713,0
20.99,701.49,722,722,3,1,0.235021,0.232724,169.6853577,1.658315508,0
0,0,1,1,1,1,0.995,0.99,0.995,0.005,0
957.01,3516.25,9,7,1,9,0.388571,0.297786,2.72,0.03992683,0
13213.27,20483.29,3,3,1,1,8.972182,8.968566,26.91654725,0.01084783,0
0,819.65,0,11,2,0,3.792562,0,41.71818,41.71818,0
0,9675.71,0,33,4,0,0.938198,0,30.96051797,30.96051797,0
108.26,0.3,3,2,2,3,50.5,33.666179,101,0.001464437,0
0,2704.32,0,74,4,0,0.440153,0,32.5713083,32.5713083,0
13944.85,13269.39,51,15,7,34,2.154091,0.763472,32.31136048,-6.625704901,0
505.4,1809.38,294,58,16,59,1.746478,0.372891,101.2957241,-8.334208181,0
0,0,1,1,1,1,1.225782,1.225162,1.22578233,0.00062,0
17.62,0,3,1,1,3,101,33.666149,101,0.001554,0
52.81,4549.21,133,133,20,1,84.967084,84.966372,11300.62216,0.094658461,0
215.84,4640.02,194,207,18,27,11.223954,11.975238,2323.358509,0.162247586,0
0,0,1,1,1,1,1,0.9978,1,0.0022,0
107.99,0.63,3,2,2,2,50.5,33.666171,101,0.001488218,0
1644.84,10597.74,316,30,18,40,30.688046,3.072998,920.6413758,-50.42586932,0
24.42,45579.72,6,6,6,1,5.911006,5.908887,35.46603555,0.01271556,0
2151.88,3399.26,139,190,62,62,6.925751,10.106446,1315.892743,-88.90325673,0
41.29,157016.16,3,3,3,1,8.147167,8.139929,24.4415,0.0217142,0
29.96,11018.05,3,3,1,1,20.13258,20.129776,60.39773923,0.008410881,0
11.89,6706.15,2,2,1,2,2.35,2.349539,4.7,0.000921274,0
0,2673.65,0,109,7,0,0.806532,0,87.91199031,87.91199031,0
102.52,0,3,1,1,2,101,33.666171,101,0.001488218,0
0,5885.43,0,34,3,0,0.115209,0,3.917093162,3.917093162,0
160.75,0.22,2,3,3,2,33.666667,50.499508,101,0.000984218,0
0,37945.9,0,8,8,0,4.51909,0,36.15272386,36.15272386,0
989.98,133801.44,14,7,7,9,0.530047,0.264557,3.71032659,0.0065308,0
0.79,776.92,3,3,3,1,9.105275,9.104435,27.31582456,0.00252,0
20029.51,32194.8,8,8,1,8,0.004296,0.003851,0.03436409,0.003556326,0
51.56,86039.07,2,2,2,2,0.518185,0.499585,1.03637061,0.037200383,0
11756.05,3250.66,48,44,19,23,14.758547,18.7273,649.3760856,-249.5343084,0
21.68,0,3,1,1,3,101,33.666149,101,0.001554,0
162.3,0.53,2,2,2,2,50.5,50.499508,101,0.000984218,0
39340.24,9441.54,6,4,4,5,0.275376,0.183013,1.101503501,0.003423,0
1563.39,3788.21,20,7,3,16,54.292603,19.001841,380.0482236,0.011397568,0
0,0,1,1,1,1,11.338449,11.337978,11.3384493,0.000471636,0
14251.05,15074.93,11,22,1,4,0.232251,0.529217,5.109520717,-0.711864242,0
0,1444.48,0,157,4,0,0.245773,0,38.5862982,38.5862982,0
0,1007.02,0,4,3,0,0.434526,0,1.73810264,1.73810264,0
5346.81,8461.94,15,16,3,1,337.887205,360.412538,5406.195282,0.00721732,0
6571.4,1715.89,138,49,29,62,3.481437,1.320341,170.5904097,-11.61665783,0
0,2185.85,0,91,3,0,0.197775,0,17.99753353,17.99753353,0
4.29,10299.65,4,4,1,1,0.251971,0.251551,1.007884786,0.001680006,0
2.86,0.42,3,2,2,3,1000.5,666.999528,2001,0.001414909,0
0,4123.11,0,55,2,0,0.655802,0,36.06910924,36.06910924,0
297.81,2332.89,23,43,6,1,16.603518,31.040939,713.9512618,0.00966,0
0,3794.51,0,66,6,0,0.933518,0,61.6121659,61.6121659,0
3630.27,1139.51,24,4,2,4,0.045818,0.005885,0.183273678,0.042025811,0
8926.51,16822.86,3,5,4,2,3.301407,5.493505,16.50703427,0.026517895,0
1868.89,0,2,1,1,2,16.15212,16.1435,16.1521204,-16.1348796,0
3.32,38592.43,3,3,2,1,0.22,0.219259,0.66,0.002222088,0
10.9,254.62,4,6,2,1,3.72,5.579459,22.32,0.002164595,0
102243.7,0,2,1,1,1,0.12,0.059522,0.12,0.000955525,0
46868.26,47941.41,10,5,2,2,98.6,49.299387,493,0.006132,0
3205.75,2918.38,9,3,2,4,0.043703,0.011478,0.13111,0.027806,0
7.17,3483.54,48,48,11,2,7.262579,7.260709,348.6037689,0.089739317,0
1928.49,5228.25,194,135,124,21,0.864797,0.614917,116.7476364,-2.54630521,0
0,2.76,1,2,1,1,10.75,21.49958,21.5,0.00042,0
198.83,8074.85,66,68,2,1,1.145949,1.178034,77.92454475,0.174294686,0
16053.95,7860.88,41,18,14,31,2.055306,1.148183,36.99551565,-10.07998397,0
162.69,0.43,2,2,2,2,50.5,50.499508,101,0.000984218,0
0,0,1,1,1,1,1.039486,1.038866,1.03948582,0.00062,0
968.22,20435.01,63,35,7,12,14.42815,8.008254,504.9852335,0.46523346,0
22.99,0,3,1,1,3,101,33.666149,101,0.001554,0
109.67,4866.55,119,135,2,1,0.92493,1.047414,124.8655083,0.223189386,0
0,1143.25,0,174,9,0,58.551009,0,10187.8755,10187.8755,0
11499.01,17767.45,50,21,9,15,2.784895,1.187884,58.48279579,-0.911389444,0
6.11,0,3,2,2,3,1000.5,666.999528,2001,0.001414909,0
1.85,0.07,4,2,2,4,1000.5,500.249528,2001,0.001886545,0
71.13,1897.03,243,601,2,1,0.321087,0.792895,192.973369,0.299995605,0
0,18896.47,0,12,5,0,2.803604,0,33.64324615,33.64324615,0
341.91,255.16,2,2,1,2,2.4975,3.995179,4.995,-2.995359,0
0,0,1,1,1,1,0.101291,0.100733,0.10129135,0.000558299,0
0,1619.76,0,140,3,0,0.424146,0,59.3804675,59.3804675,0
6104.05,12398.21,28,8,2,8,4.824687,1.376071,38.5975,0.0675,0
2.07,0,3,2,2,3,1000.5,666.999528,2001,0.001414909,0
1079.73,2443.81,16,186,5,4,0.146578,1.588001,27.26358607,1.855563291,0
0,1667.28,0,136,3,0,0.659669,0,89.71499546,89.71499546,0
157.6,0,2,1,1,2,101,50.499286,101,0.001428506,0
24.77,187.16,1487,1632,1,1,0.094972,0.11974,154.9942398,-23.05935807,0
1272.21,6185.5,11,37,5,6,0.080297,0.26926,2.970992069,0.009135,0
109.52,0.61,3,2,2,3,50.5,33.666143,101,0.001572218,0
15.93,0,4,1,1,4,101,25.249475,101,0.0021,0
163.26,0.3,2,2,2,2,50.5,50.499508,101,0.000984218,0
25.56,0,2,1,1,2,101,50.499475,101,0.00105,0
7428.72,7515.63,36,8,2,13,10.719747,2.381361,85.75797812,0.02897812,0
0,2577.13,0,88,7,0,1.089212,0,95.85064328,95.85064328,0
0,10409.55,0,28,4,0,0.741887,0,20.77283991,20.77283991,0
4.75,7.17,2,2,2,2,10.792857,10.792386,21.58571445,0.000943273,0
0,0,1,1,1,1,1,0.999071,1,0.000929337,0
4448.44,5038.61,171,52,30,103,16.641507,5.354322,865.3583481,-50.23067099,0
0,15585.47,0,4,1,0,0,0,0,0,0
16.64,0,4,1,1,3,101,25.249475,101,0.0021,0
23.7,590.11,823,831,1,2,0.234468,0.236328,194.8432507,0.345681,0
10.07,971.71,1977,1984,10,3,2.718987,2.72765,5394.469634,1.905622496,0
109.48,0,3,2,2,3,50.5,33.666004,101,0.001987749,0
3673.96,4736,187,69,24,79,3.244963,3.305351,223.9024234,-394.1982412,0
159.27,233566.96,7,4,4,5,52.694407,30.110677,210.77763,0.00288864,0
1497.31,598.32,630,30,20,19,1.602532,0.285428,48.07596,-131.7434561,0
70.03,1785.64,78,81,3,1,1.096028,1.137436,88.77829814,0.05831366,0
46.51,77.1,9980,20,15,4778,3596.706728,35.66301,71934.13456,-283982.704,0
162.63,0.39,2,2,2,2,50.5,50.499508,101,0.000984218,0
160.78,0.3,2,2,2,2,50.5,50.499508,101,0.000984218,0
1741.97,4373.54,2,2,2,2,1.99625,1.9915,3.9925,0.0095,0
5378.06,18644.38,71,6,4,38,50.307306,4.756225,301.8438383,-35.84816166,0
22.99,0,3,1,1,3,101,33.666149,101,0.001554,0
0,0,1,1,1,1,5,4.99938,5,0.00062,0
22.88,0,3,1,1,3,101,33.666149,101,0.001554,0
2.45,0.66,3,2,2,3,1000.5,666.999528,2001,0.001414909,0
21.8,0,3,1,1,3,101,33.666149,101,0.001554,0
6.85,0,3,2,2,3,1000.5,666.999528,2001,0.001414909,0
0.72,206.1,3,4,2,1,3.969,5.29116,15.876,0.00252,0
0,45582.44,1,3,2,1,0.432684,1.297612,1.298053212,0.000441002,0
9235.34,3879,23,19,2,22,6.073934,4.227391,115.4047467,18.17476472,0
9867.59,7300.03,85,8,3,14,0.859344,0.180991,6.874754709,-8.509514879,0
1636.83,669.14,26,231,8,1,0.092498,0.820737,21.36696591,0.027793483,0
6657.51,9185.49,15,29,7,13,0.810317,1.563049,23.49919516,0.053459377,0
11.25,636.88,4,2,1,4,105,52.499507,210,0.001974,0
0,0,1,1,1,1,0.418616,0.418034,0.41861568,0.000581532,0
1089.98,11320.59,29,65,5,11,0.391281,1.011109,25.43327074,-3.888888368,0
496.56,164866.05,9,6,6,7,0.740233,0.493102,4.44139767,0.0034823,0
21.47,928.63,823,838,4,1,1.100353,1.119769,922.0958151,0.526210952,0
16714.89,86561.22,7,7,4,2,12.466866,12.466503,87.26806167,0.002542702,0
2295.13,31116.84,29,31,4,29,0.064443,0.064991,1.99772141,0.112985728,0
184.48,225.64,109,3257,11,31,6.830555,204.100099,22247.11805,0.20723448,0
8969.55,77850.86,15,3,1,2,0.037667,0.002789,0.113,0.071163,0
4.18,6685.08,5,5,4,5,0.951664,0.951166,4.75831854,0.002489374,0
2.14,0.23,4,2,2,4,1000.5,500.249424,2001,0.002302304,0
20809.22,51501.24,5,4,4,3,0.626143,0.500343,2.50457075,0.002856764,0
164.07,0,2,1,1,2,101,50.499246,101,0.00150753,0
25.25,0.14,3,3,3,3,33.666667,33.666163,101,0.001512,0
0,1009.01,0,4,1,0,0,0,0,0,0
0,2217.6,0,144,3,0,0.277188,0,39.91506169,39.91506169,0
156.95,0,2,1,1,2,101,50.499508,101,0.000984218,0
80791.4,0,3,1,1,3,70,23.32,70,0.04,0
11.9,7.35,6910,3094,1259,3551,32.957226,11.953699,101969.6557,19369.59509,0
3.35,154.41,4,4,4,1,0.5625,0.561745,2.25,0.003021604,0
0,0,1,1,1,1,0.084,0.083496,0.084,0.000504,0
0,2400.69,0,133,4,0,0.226261,0,30.09274594,30.09274594,0
0,713.97,0,916,7,0,4.507002,0,4128.413798,4128.413798,0
46.56,438.87,13,15,2,1,61.150822,70.558221,917.2623318,0.00546,0
160.19,0,2,1,1,2,101,50.499508,101,0.000984218,0
258.18,7432.27,75,94,3,1,0.796774,0.997699,74.89671185,0.069292884,0
0,42.89,0,9999,3766,0,15.89927,0,158976.7998,158976.7998,0
22.84,0,3,1,1,3,101,33.666149,101,0.001554,0
9677.46,48664.48,10,9,9,7,30.288924,27.358748,272.6003128,-0.987166332,0
12.92,5178.15,5,5,1,5,1.635,1.634548,8.175,0.002262,0
18141.61,597.22,28,8,2,10,14.44875,6.036786,115.59,-53.44,0
0,1459.08,0,132,3,0,0.430866,0,56.87433321,56.87433321,0
36.59,0.23,2,2,2,2,50.5,50.499496,101,0.001008,0
112245.07,236845.37,9,4,3,4,0.4535,0.244444,1.814,-0.386,0
161.55,0.82,2,2,2,2,50.5,50.499487,101,0.001026218,0
41763.34,1829.21,16,35,6,9,8.107488,17.734643,283.7620786,0.007792037,0
0,1482.24,0,135,4,0,0.41171,0,55.5808225,55.5808225,0
624.1,4925.79,8,9,5,3,0.393313,0.439839,3.539815335,0.021101113,0
4.36,47991.36,9,9,3,2,0.463035,0.462048,4.167315,0.008878962,0
105.12,0.93,3,2,2,2,50.5,33.666171,101,0.001488218,0
178.66,2838.98,81,84,1,3,0.098713,0.101949,8.291884173,0.034041007,0
15829.14,0,13,1,1,6,1.992646,0.152289,1.99264649,0.01289563,0
3970.66,7973.11,10,6,3,10,0.07689,0.045256,0.46134207,0.008781524,0
0,0,1,1,1,1,7.3451,7.344596,7.34509999,0.000504,0
2.29,4924.8,4,4,3,1,23.046069,23.044883,92.18427511,0.004744783,0
653.62,123343.29,15,8,8,10,0.734178,0.391142,5.87342691,0.00630005,0
1.05,14116.65,4,4,2,3,1285.192428,1285.191378,5140.769713,0.0042,0
3808.67,11213,60,75,3,3,0.193758,0.241847,14.53181564,0.021005017,0
4188.22,2616.75,4,9,9,2,0.929033,2.089684,8.3613,0.002562022,0
6574.78,8050.08,47,21,12,25,1.869039,0.832368,39.2498154,0.1285154,0
0.78,7505.81,5,5,5,3,4.578098,4.577174,22.89049181,0.00462,0
728.08,17127.97,16,16,12,1,3.876323,3.875441,62.02116393,0.01410937,0
9106.47,3514,108,44,18,68,16.773469,7.023242,738.0326517,-20.47743174,0
9212.79,54910.26,19,11,10,13,1.520483,0.879863,16.72530785,0.00791532,0
5592.35,9766.23,95,46,30,26,3.804253,1.838951,174.9956609,0.295338461,0
1295.89,1461.84,449,274,98,179,10.838602,6.777296,2969.777045,-73.22864042,0
335170.12,7805.43,2,2,2,2,0.306204,0.305349,0.61240721,0.00171,0
30.91,0,9999,1,1,906,100,0,100,100,0
107.34,13753.44,14,13,1,1,0.620941,0.575538,8.072230723,0.0147,0
0,8337.42,0,24,3,0,0.871926,0,20.92622695,20.92622695,0
1.63,0,3,2,2,3,1000.5,666.999528,2001,0.001414909,0
21.63,0,3,1,1,3,101,33.665988,101,0.002035312,0
10.49,11021.21,10,10,6,10,1.253238,1.252781,12.53237618,0.004564331,0
719.5,4656.28,47,61,3,1,0.112446,0.145331,6.859235852,0.028670802,0
1.46,0,3,2,2,3,1000.5,666.999528,2001,0.001414909,0
0,4355.56,0,7,6,0,0.898342,0,6.288394248,6.288394248,0
4.62,38475.72,2,2,2,1,4.63164,4.630937,9.26327985,0.00140568,0
23.98,4918,168,172,10,7,1.571069,1.607609,270.2238115,0.14553,0
32.78,0,2,1,1,2,101,50.499475,101,0.00105,0
0,0,1,1,1,1,2.302255,2.301611,2.30225525,0.00064448,0
90450.38,0,2,1,1,1,0.075443,0.036999,0.075443,0.00144554,0
41.19,1024.63,746,754,3,2,0.047271,0.046467,35.64267055,0.978114885,0
14140.12,3958.4,15,10,5,5,2.052739,2.433239,20.52738501,-15.97119346,0
0,0,1,1,1,1,0.179477,0.178973,0.17947683,0.000504,0
0,0,1,1,1,1,0.024955,0.024483,0.024955,0.000471636,0
6.43,29156.1,8,9,2,1,4.004047,4.503407,36.036421,0.00916787,0
188.62,5758.5,118,164,5,1,0.733921,1.016153,120.3630404,0.457015462,0
0,28.14,0,9999,5,0,0,0,0.00477722,0.00477722,0
0,181.72,0,143,125,0,281.189562,0,40210.10743,40210.10743,0
206760.65,44272.81,4,3,3,4,0.531028,0.397686,1.59308279,0.002337049,0
157.54,0,2,1,1,2,101,50.499508,101,0.000984218,0
4.09,0,3,2,2,3,1000.5,666.999528,2001,0.001414909,0
6.59,174937.65,4,4,2,1,0.0045,0,0.018,0.018,0
0,7285.41,0,40,3,0,0.840848,0,33.63391184,33.63391184,0
1.83,71.23,2,2,2,1,0.156072,0.155254,0.31214385,0.001635411,0
86.84,1202.84,10,7,6,6,2.332373,1.631874,16.32661206,0.007874359,0
0,45351.53,0,5,3,0,5.168865,0,25.84432272,25.84432272,0
0,0,1,1,1,1,1,0.999559,1,0.000441,0
0,0,1,1,1,1,0.764885,0.764381,0.76488512,0.000504,0
0,3943.23,0,72,9,0,1.110981,0,79.99066032,79.99066032,0
23.74,0,3,1,1,3,101,33.666149,101,0.001554,0
3.59,4928.29,7,7,1,1,20.353571,20.352239,142.475,0.009329155,0
161.5,0,2,1,1,2,101,50.499508,101,0.000984218,0
5.72,45937.79,3,3,2,1,0.200034,0.196868,0.60010298,0.0094981,0
9743.92,8589.61,65,12,6,29,0.725616,0.300143,8.707389407,-10.80191059,0
25.18,0.49,3,2,2,3,50.5,33.666163,101,0.001512,0
10205.92,12357.92,61,29,18,32,0.299164,0.145679,8.675756825,-0.210687528,0
119.09,4533.01,63,201,3,1,0.260808,0.824716,52.42245025,0.465338611,0
0,1487.2,0,154,5,0,0.456811,0,70.34896046,70.34896046,0
14.38,3478.07,49,51,2,1,0.203622,0.208339,10.3847313,0.1761408,0
44457.57,70274.07,16,4,3,13,7.42,2.583438,29.68,-11.655,0
86434.68,18362.04,10,5,3,8,0.108725,0.054057,0.5436242,0.003055968,0
17460.3,28168.94,16,10,5,7,0.190797,0.118626,1.907966573,0.009956352,0
3.23,43519.25,3,3,2,1,2.999667,2.999169,8.999,0.001494324,0
625.26,2284.92,43,71,4,16,0.18829,0.310477,13.36857854,0.018078545,0
60.17,3236.85,238,342,5,3,0.795512,1.142212,272.0652068,0.218632034,0
21.73,80136.92,3,4,3,1,4.27175,5.69433,17.087,0.00401104,0
0,1791.89,0,137,4,0,0.258371,0,35.39688745,35.39688745,0
3122.59,21832.73,24,14,7,22,8.539663,4.979891,119.5552845,0.037907977,0
61241.12,36385.7,3,4,4,2,2.583898,3.444446,10.33559202,0.00225525,0
22.14,0,3,1,1,3,101,33.666149,101,0.001554,0
0,0,1,1,1,1,0.096365,0.095924,0.09636524,0.00044124,0
61.19,5073.07,3,4,4,1,2.030087,2.706309,8.12034767,0.001421532,0
42221.36,23534.11,9,7,4,2,6.452346,5.017865,45.16642057,0.005634005,0
0,0,1,1,1,1,0.20013,0.199626,0.200129556,0.000504,0
0,16759.22,0,12,2,0,67.583425,0,811.0011,811.0011,0
3.26,0.7,101,2,2,101,5000.5,99.019293,10001,0.051429,0
19.39,0,3,1,1,3,101,33.666149,101,0.001554,0
24206.86,8193.92,9,14,11,7,2.222622,3.567966,31.11671152,-0.994983488,0
13.13,0,4,1,1,4,101,25.249475,101,0.0021,0
0,0,1,1,1,1,12.127577,12.126957,12.12757678,0.00062,0
16.96,233.27,13,17,17,1,0.145142,0.189334,2.46741744,0.006077271,0
161.55,0.82,2,2,2,2,50.5,50.499487,101,0.001026218,0
552.44,2490,52,118,2,6,0.56063,1.270221,66.15432126,0.102841441,0
0,0,1,1,1,1,1.726003,1.725531,1.72600278,0.000471636,0
3096.26,6498.73,51,183,8,47,0.487234,1.690314,89.16380338,2.957803389,0
1.8,9504.58,7,7,6,1,2.069038,2.068544,14.48326532,0.003460336,0
0,30922.92,1,4,3,1,2.049838,10.197854,8.19935391,-1.9985,0
25266.16,3294.16,9,58,5,1,0.098709,0.635519,5.725114328,0.005444068,0
154.77,0,2,1,1,2,101,50.499508,101,0.000984218,0
0,571.52,0,337,4,0,0.970548,0,327.0747187,327.0747187,0
0,17443.5,0,13,3,0,3.808764,0,49.51392584,49.51392584,0
0,0,0,1,1,0,0.095,0,0.095,0.095,0
0,20775.82,0,13,1,0,0.092371,0,1.200820314,1.200820314,0
7004.52,1168.71,153,57,25,57,20.588951,10.134104,1173.570208,-376.9476362,0
2.58,3038.56,17,17,3,1,14.495128,14.494565,246.4171781,0.009568319,0
565.47,331.73,1158,573,83,147,104.450045,51.682968,59849.87606,0.999457268,0
20.39,0,3,1,1,3,101,33.665988,101,0.002035312,0
0,29440.4,0,3,2,0,19.373477,0,58.1204304,58.1204304,0
3250.98,1387.43,226,156,68,104,12.465098,8.868223,1944.555216,-59.66313367,0
0,0,1,1,1,1,0.0748,0.074328,0.0748,0.000471636,0
5.79,9870.53,2,2,2,1,55.172554,55.17181,110.3451077,0.001488607,0
4760.91,95543.91,4,6,5,2,24.981382,11.9165,149.8882941,102.2222941,0
2.94,6888.75,46,46,4,2,1.574462,1.574042,72.42525698,0.019320004,0
0,8.33,0,9999,59,0,2.00E-06,0,0.015,0.015,0
66.19,47.02,5,62,47,5,0.07369,0.9068,4.568767472,0.034767472,0
165.75,0.06,2,4,4,2,25.25,50.499487,101,0.001026218,0
91.57,8541.86,79,83,11,2,0.848211,0.938174,70.4015,-3.714253244,0
0,11131.61,0,12,5,0,5.591771,0,67.10125559,67.10125559,0
23.24,0.78,3,2,2,3,50.5,33.666148,101,0.001555573,0
10.53,16377.38,21,21,6,1,11.571645,11.569287,243.00455,0.049532776,0
14.03,3753.03,5,6,4,1,14.793943,17.747046,88.76366087,0.0284284,0
7.11,0,3,1,1,3,101,33.666121,101,0.001638,0
0,1889.64,0,120,3,0,0.2495,0,29.94004981,29.94004981,0
0,0,1,1,1,1,0.48,0.479496,0.48,0.000504,0
23.82,0.33,3,2,2,3,50.5,33.666149,101,0.001554,0
105.03,0,3,1,1,3,101,33.666179,101,0.001464437,0
27.51,6168.68,85,86,2,3,1.02818,1.039605,88.42352281,0.057121869,0
4.83,168223.23,2,2,1,1,12.4675,12.466225,24.935,0.002550798,0
33.62,293.51,2,2,2,2,34,33.999493,68,0.001013439,0
22.03,0,3,1,1,3,101,33.666149,101,0.001554,0
11.96,2306.89,158,204,1,2,0.057792,0.0733,11.78949498,0.208104523,0
26.03,0.28,3,2,2,3,50.5,33.666163,101,0.001512,0
942.02,6238.98,158,156,2,158,0.974349,0.961552,151.9984037,0.073232188,0
107.14,0.97,3,2,2,3,50.5,33.666171,101,0.001488218,0
3995.5,0,89,2,2,66,250,5.618663,500,-0.061039351,0
6125.3,3720.11,228,17,3,46,9.676487,1.885717,164.5002749,-265.4431151,0
0,40015.56,1,26,8,1,16.715101,25,434.5926189,409.5926189,0
2.11,0,3,2,2,3,1000.5,666.999528,2001,0.001414909,0
0,0,1,1,1,1,10.5,10.498953,10.5,0.001046957,0
23.23,0,3,1,1,3,101,33.668884,101,-0.006652,0
0,2044.89,0,112,3,0,0.280792,0,31.44866499,31.44866499,0
4577.54,5390.18,101,26,10,34,119.028755,32.108014,3094.74763,-148.16182,0
21.77,0,3,1,1,3,101,33.665988,101,0.002035312,0
149125.42,64746.81,5,3,3,5,0.201135,0.048831,0.60340545,0.359252221,0
6.67,18057.76,19,20,14,1,2.011054,2.115016,40.22107819,0.03578114,0
27.66,29865.34,2,2,1,1,1.425112,1.424378,2.85022361,0.001466957,0
2.5,26640.85,6,6,3,1,6.711546,6.709791,40.26927854,0.0105322,0
1.28,0,4,2,2,3,1000.5,500.249528,2001,0.001886545,0
3.31,0.03,3,2,2,3,1000.5,666.999528,2001,0.001414909,0
20616.33,6455.83,12,2,1,5,0.755686,0.108333,1.51137134,0.21137134,0
18.27,41291.34,10,10,3,2,6.060958,6.060405,60.60957934,0.005531597,0
597.67,888.02,5,234,2,2,0.212479,9.943865,49.72007927,0.000753032,0
7398.79,3993.05,7,12,2,5,11.115375,19.054488,133.3845044,0.003087,0
199.32,15815.89,53,62,2,3,0.074471,0.086688,4.617176007,0.022700097,0
0,2955.19,0,45,3,0,33.563496,0,1510.357301,1510.357301,0
34.23,0,2,2,2,2,50.5,50.499234,101,0.001531312,0
13.69,16639.25,18,18,1,1,0.662847,0.662025,11.93125444,0.01479575,0
346.6,11476.83,2,37,4,2,22.15583,0.005655,819.765709,819.754398,0
20.83,0,3,1,1,3,101,33.666149,101,0.001554,0
1.56,0.11,3,2,2,3,1000.5,666.999528,2001,0.001414909,0
539.26,8898.72,37,18,10,20,25.386863,12.349427,456.963535,0.034735873,0
0,2073.64,0,154,5,0,0.449732,0,69.25874125,69.25874125,0
33.05,4062.44,5,5,4,5,2.489874,2.489339,12.44937119,0.002676636,0
19.42,0.49,4,2,2,4,50.5,25.249492,101,0.002030037,0
5.07,304.62,4,4,1,1,0.5025,0.501794,2.01,0.002822395,0
396.14,615.65,10,9,4,9,5.558167,5.00181,50.02350136,0.00540136,0
19576.74,24124.77,17,27,15,17,0.258576,0.408221,6.98155722,0.041794648,0
0,0,1,1,1,1,0.3,0.296956,0.3,0.00304422,0
162.48,0.29,2,3,3,2,33.666667,50.499508,101,0.000984218,0
90.17,4632.18,79,86,36,1,5.653614,6.153849,486.210785,0.056692047,0
0,25195.67,0,9,5,0,2.090816,0,18.81734066,18.81734066,0
6655.9,2979.73,59,9,4,22,8.537133,1.361521,76.83419497,-3.495527442,0
9.06,658.83,2,2,2,2,0.272397,0.271935,0.54479409,0.000924,0
21.17,0,3,1,1,3,101,33.666149,101,0.001554,0
8752.41,27148.97,99,24,9,37,1.146971,0.292057,27.52730349,-1.38636733,0
0,38950.08,1,2,1,1,1.5,2.999559,3,0.000441,0
11.12,4691.14,17,17,4,17,0.459341,0.458826,7.80878984,0.008745305,0
161.63,0.9,2,2,2,2,50.5,50.499487,101,0.001026218,0
0,6644.08,0,156,7,0,4.370303,0,681.767321,681.767321,0
155.98,0,2,1,1,2,101,50.499508,101,0.000984218,0
0,33349.91,0,6,2,0,9.158333,0,54.95,54.95,0
22.77,0,3,1,1,3,101,33.666149,101,0.001554,0
1.24,0.07,3,2,2,3,1000.5,666.999528,2001,0.001414909,0
76.89,0,4,1,1,3,101,25.249508,101,0.001968437,0
1522.03,29572.18,15,16,3,11,55.843665,59.565952,893.4986386,0.009351478,0
161.49,0.88,2,2,2,2,50.5,50.499487,101,0.001026218,0
1045.07,4370.72,5,182,4,3,0.526098,17.420005,95.74984148,8.649816559,0
0,1889.87,0,120,3,0,0.259342,0,31.12100307,31.12100307,0
163.19,0.37,2,2,2,2,50.5,50.499508,101,0.000984218,0
60.9,12401.59,47,49,2,1,1.659553,1.729753,81.31811521,0.01974,0
0,19842.23,0,2,2,0,0.5685,0,1.137,1.137,0
159.58,0,2,1,1,2,101,50.499508,101,0.000984218,0
2182.94,1533.33,319,184,79,136,6.934697,4.202828,1275.98427,-64.71783018,0
12574.41,3628.85,11,3,1,6,1.33,0.4516,3.99,-0.977601185,0
8770.2,117277.82,8,8,5,6,3.019727,2.765625,24.15781732,2.03281732,0
0,0,0,1,1,0,4,0,4,4,0
8.64,159007.3,3,4,1,2,20.96625,27.954112,83.865,0.00266464,0
2.41,3759.78,4,4,4,2,0.298528,0.297913,1.19411025,0.002457375,0
24.45,0.23,3,2,2,3,50.5,33.666159,101,0.001523001,0
107.03,4.6,3,2,2,2,50.5,33.666157,101,0.001530218,0
0,9538.39,0,14,4,0,5.307854,0,74.30995206,74.30995206,0
32.85,637.19,499,502,2,1,0.24906,0.252009,125.0281836,-0.724338884,0
0,2217.32,0,144,7,0,0.649585,0,93.54023039,93.54023039,0
9.16,18372.83,26,26,9,2,20.803803,20.80304,540.89889,0.01986056,0
0,17.09,0,9999,1753,0,100.155183,0,1001451.674,1001451.674,0
25331.54,782.06,28,8,3,12,115.503862,79.46297,924.0309,-1300.932259,0
25.04,0,3,2,2,3,50.5,33.666163,101,0.001512,0
19.72,495.23,466,910,2,2,0.065191,0.126838,59.32337201,0.216976357,0
13.45,4250.39,6,6,1,6,7.159167,7.158719,42.955,0.002688,0
0,1394.4,0,229,5,0,1.606492,0,367.8865837,367.8865837,0
160.8,0.84,2,2,2,2,50.5,50.499508,101,0.000984218,0
3.67,10576.63,5,6,2,5,10.023758,12.028063,60.1425508,0.002235636,0
0.73,2876.68,4,4,1,2,0.92732,0.92648,3.709278682,0.00336,0
7.11,0,3,1,1,3,101,33.666121,101,0.001638,0
0,16261.63,0,7,5,0,39.519449,0,276.6361419,276.6361419,0
53777.63,67447.69,3,4,3,3,4.389026,5.851804,17.55610437,0.000693,0
1.9,1670.63,15,15,5,1,7.132302,7.131794,106.9845272,0.007624247,0
0,0,1,1,1,1,0.20345,0.202946,0.20345018,0.000504,0
3446.66,1365.12,130,379,7,5,10.475134,30.557553,3970.075884,-2.406003844,0
18343.94,4591.75,48,7,4,13,1.082853,0.237672,7.5799697,-3.82830325,0
0,4961.26,0,61,5,0,0.761104,0,46.42734534,46.42734534,0
27059.42,66157.83,15,5,3,8,0.679291,0.224667,3.39645585,0.02645585,0
17.85,0,4,1,1,3,101,25.249475,101,0.0021,0
2773.07,5222.07,122,8,5,7,0.383546,0.029598,3.06836886,-0.54263114,0
0,0,0,1,1,0,7.314,0,7.314,7.314,0
22406.49,13148.02,7,6,3,1,19.018178,16.654141,114.10907,-2.469916702,0
24.46,0.25,3,2,2,3,50.5,33.666152,101,0.001544256,0
16.08,493.45,1285,1293,2,2,1.088176,1.094531,1407.011718,0.539721,0
162.31,0.33,2,2,2,2,50.5,50.499508,101,0.000984218,0
0,3052.81,0,93,4,0,0.841029,0,78.2157097,78.2157097,0
38428.41,1.07,3,2,1,2,3.83832,2.558399,7.67663924,0.0014428,0
0,0,0,1,1,0,0.267246,0,0.267246433,0.267246433,0
25.42,0.38,3,3,3,3,33.666667,33.666163,101,0.001512,0
21.78,0,3,1,1,3,101,33.666149,101,0.001554,0
22.18,0,3,1,1,3,101,33.666149,101,0.001554,0
0,3960.86,0,16,1,0,0.463442,0,7.415066914,7.415066914,0
0,1365.9,0,326,5,0,6.270744,0,2044.262629,2044.262629,0
616.34,908.73,21,43,4,15,9.462971,19.375975,406.9077527,0.01227316,0
0,0,1,1,1,1,0.695,0.694528,0.695,0.000471636,0
162.19,0.21,2,2,2,2,50.5,50.499487,101,0.001026218,0
24.56,0.43,3,2,2,3,50.5,33.666152,101,0.001544256,0
162.94,0.3,2,2,2,2,50.5,50.499508,101,0.000984218,0
3.2,0,3,2,2,3,1000.5,666.999528,2001,0.001414909,0
1697.79,1772.61,282,187,98,132,88.688726,58.810325,16584.79174,0.28004122,0
2.86,0.42,3,2,2,3,1000.5,666.999528,2001,0.001414909,0
1.35,217.68,2,2,2,1,13,12.999146,26,0.00170739,0
0,1162.75,0,173,5,0,1.166326,0,201.7744382,201.7744382,0
3542.1,7215.61,83,66,13,42,3.706068,3.282572,244.6004971,-27.85296574,0
4.18,88550.25,4,4,4,1,1.308006,1.30376,5.23202493,0.016983168,0
0,1458.58,0,372,5,0,1.922825,0,715.2908082,715.2908082,0
75.97,943.87,227,227,4,2,0.263336,0.262916,59.77727528,0.095361,0
0,1565.85,0,123,3,0,0.225735,0,27.76541311,27.76541311,0
25.28,7000.85,39,42,10,39,1.068272,1.149934,44.86740903,0.019980018,0
6642.61,6489.07,83,30,21,49,4.576228,1.809669,137.2868322,-12.91568784,0
0,3713.03,0,86,6,0,0.503048,0,43.26215556,43.26215556,0
0,1819.97,0,156,6,0,0.264971,0,41.33550895,41.33550895,0
8.73,0,2,1,1,2,59.257306,29.628149,59.25730555,0.001008,0
1398.02,4779.32,4,3,3,3,0.67669,0.506661,2.03006874,0.003423932,0
14.25,7901.98,4,4,3,4,13.713133,13.712673,54.85253331,0.001840381,0
6.46,75624.18,3,3,2,3,2347.99652,2347.996072,7043.989559,0.001344,0
207.25,158.87,259,5,4,3,2.724,0.166602,13.62,-29.53,0
159.39,0,2,1,1,2,101,50.499508,101,0.000984218,0
23.49,0,3,1,1,3,101,33.666149,101,0.001554,0
18.96,0,3,1,1,3,101,33.666149,101,0.001554,0
0,2241.88,0,130,4,0,0.463637,0,60.272862,60.272862,0
4771.47,3386.87,5,7,5,5,152.003809,212.80473,1064.026665,0.003013999,0
1.61,106.29,5,5,3,1,6.603633,6.60312,33.0181651,0.002566988,0
20.41,32329.7,7,7,7,1,6.935748,6.934136,48.55023263,0.01128392,0
2.41,0,4,2,2,4,1000.5,500.249528,2001,0.001886545,0
21.63,0,3,1,1,3,101,33.666149,101,0.001554,0
162.62,0.5,2,2,2,2,50.5,50.499508,101,0.000984218,0
0,25196.59,0,9,5,0,7.192963,0,64.73666936,64.73666936,0
8.54,589.8,9976,24,5,2882,329.422932,0.750198,7906.15037,422.172766,0
8117.8,3773.9,27,21,5,22,5.019678,3.899876,105.4132287,0.116581286,0
263.07,3577.84,25,161,2,1,0.104773,0.671968,16.86840168,0.069199783,0
11.59,10863.28,5,5,2,1,0.844889,0.841387,4.22444304,0.0175078,0
73.05,9950.47,9,10,7,1,4.412273,4.901603,44.12273112,0.00830013,0
26984.84,6156.54,7,7,3,7,3.507188,1.893273,24.55031445,11.29740193,0
0,0,1,1,1,1,0.555062,0.554558,0.55506217,0.000504,0
163724.02,0,2,1,1,2,0.002457,0.000202,0.00245744,0.00205268,0
14650.24,4046.73,20,31,4,3,0.158814,0.24557,4.923244525,0.011834872,0
1.27,0.38,3,2,2,3,1000.5,666.999528,2001,0.001414909,0
2.41,0,4,2,2,4,1000.5,500.249528,2001,0.001886545,0
0,1512.59,0,133,5,0,0.186939,0,24.86285972,24.86285972,0
1089.89,4918.16,21,80,5,2,0.194662,0.741053,15.57295883,0.010850275,0
10071.66,6393,75,31,16,35,15.450363,6.960947,478.9612485,-43.1097515,0
1321.45,1227.47,532,209,38,174,15.170006,7.728295,3170.531194,-940.9218479,0
23.88,0.25,3,2,2,3,50.5,33.666152,101,0.001544256,0
1010.05,194511.96,4,2,2,4,0.4629,0.231035,0.9258,0.00165879,0
31893.21,27712.67,4,20,4,3,0.14095,0.55,2.81899236,0.61899236,0
19.69,0,3,1,1,3,101,33.666149,101,0.001554,0
0,1521.93,0,149,4,0,0.915075,0,136.3461587,136.3461587,0
0,0,1,1,1,1,25,24.9978,25,0.0022,0
35.79,1858.3,260,262,1,1,0.100439,0.098705,26.31498093,0.651606873,0
42495.49,70717.16,5,5,5,2,9.186521,9.18495,45.9326075,0.007856384,0
0,1859.21,0,132,4,0,0.929568,0,122.7029585,122.7029585,0
0,0,1,1,1,1,1,0.99938,1,0.00062,0
152.48,0,2,1,1,2,101,50.499508,101,0.000984218,0
0,18756.46,0,6,2,0,26.166667,0,157,157,0
0,0,1,1,1,1,2.45,2.446747,2.45,0.00325311,0
145954.78,0,2,1,1,2,1.005,0.502059,1.005,0.000882,0
0,0,1,1,1,1,2,1.999496,2,0.000504,0
165.1,0,2,1,1,2,101,50.499508,101,0.000984218,0
5922.71,51268.76,36,8,6,30,1.232512,0.299767,9.8600972,-0.931504774,0
0,0,1,1,1,1,0.960038,0.959534,0.960038056,0.000504,0
34.45,7327.95,165,165,11,7,0.335148,0.33434,55.29949475,0.133352546,0
25.95,6107.01,214,235,23,3,5.900006,6.501635,1386.501382,-4.848412496,0
18847.98,21295.82,23,10,2,9,10.050826,4.524526,100.5082554,-3.555848321,0
7.27,40419.23,13,13,5,3,23.933616,23.932922,311.1370114,0.009031489,0
0,0,1,1,1,1,5,4.99938,5,0.00062,0
110.39,4040.98,172,247,2,3,0.049091,0.070157,12.12551287,0.058483116,0
0,0,1,1,1,1,1,0.999559,1,0.000441,0
4.83,23520.92,2,2,2,2,0.006,0.005554,0.012,0.000891636,0
0,2073.57,0,154,3,0,0.389068,0,59.91641999,59.91641999,0
5.88,56447.43,4,4,4,1,1.436863,1.435856,5.74745134,0.0040275,0
108.07,0.35,3,3,3,3,33.666667,33.666171,101,0.001488218,0
162.57,0,2,1,1,2,101,50.499286,101,0.001428506,0
3848.45,2280.34,59,127,4,27,0.202151,0.464085,25.67313921,-1.707877911,0
163.43,0,2,1,1,2,101,50.499508,101,0.000984218,0
3.92,0,3,40,40,3,50.025,666.999528,2001,0.001414909,0
159.49,0.84,2,2,2,2,50.5,50.499508,101,0.000984218,0
17.33,0.18,4,2,2,3,50.5,25.249476,101,0.002094213,0
0,3117.86,0,69,5,0,1.10898,0,76.51965031,76.51965031,0
2.64,3243.39,24,24,23,1,2.246458,2.246038,53.915,0.01008,0
25.42,0,3,2,2,3,50.5,33.666163,101,0.001512,0
153.28,0,2,1,1,2,101,50.499508,101,0.000984218,0
0,1.91,0,9999,4421,0,1429.006527,0,14288636.26,14288636.26,0
163.19,0.37,2,2,2,2,50.5,50.499508,101,0.000984218,0
42950.72,76.79,9,2,2,8,5.062799,1.111111,10.12559882,0.12559882,0
22.38,0,3,1,1,3,101,33.666149,101,0.001554,0
18445.13,35393.03,15,2,2,11,12.75,1.698258,25.5,0.026130919,0
0,0,1,1,1,1,0.111,0.1088,0.111,0.0022,0
22.14,0,3,1,1,3,101,33.666149,101,0.001554,0
23.74,0,3,1,1,3,101,33.666149,101,0.001554,0
42892.51,78.25,14,3,2,5,2.487849,0.816893,7.46354682,-3.972961921,0
158.47,0,2,1,1,2,101,50.499508,101,0.000984218,0
0,12618.47,0,7,2,0,25.709657,0,179.9676,179.9676,0
57235.11,0,2,1,1,2,7.747421,3.87327,7.74742139,0.000882,0
74167.47,76176.24,2,9,7,2,5.506859,7.65,49.56172655,34.26172655,0
12590.16,8646.49,11,99,2,4,0.208473,1.715457,20.63885865,1.768833307,0
2655.16,24298.36,18,18,8,17,202.807401,202.806904,3650.533223,0.008952892,0
0,0,1,1,1,1,12,11.99938,12,0.00062,0
0,0,1,1,1,1,2.307696,2.307164,2.30769575,0.000531719,0
16446.04,1902.67,3,8,4,2,6.236014,16.62832,49.88811025,0.00315005,0
0,0,1,1,1,1,4.99,4.98916,4.99,0.00084,0
102273.41,0,2,1,1,1,1.069471,0.534258,1.06947085,0.000955525,0
109.24,0,3,1,1,2,101,33.66615,101,0.001551341,0
0,3785.45,0,77,4,0,0.688433,0,53.00937893,53.00937893,0
0,8337.53,0,17,6,0,2.167293,0,36.84397257,36.84397257,0
2750.99,15927.21,28,57,24,8,0.11416,0.231597,6.507103375,0.022392035,0
151.69,8359.7,30,30,1,1,1.010817,1.009943,30.3245041,0.026219837,0
0,7.3,0,9999,2565,0,0.000158,0,1.58,1.58,0
267.34,11341.64,35,56,1,1,0.565739,0.898231,31.68138997,0.243302451,0
333.59,1806.44,17,39,1,1,0.291904,0.668924,11.38426564,0.012557718,0
10593.89,6211.76,34,17,10,17,3.810782,1.903882,64.7833,0.0513,0
162.87,0.82,2,2,2,2,50.5,50.499487,101,0.001026218,0
18.77,0.08,4,2,2,3,50.5,25.249487,101,0.002050075,0
18.3,910.45,1119,1124,1,2,0.102332,0.10173,115.021728,1.185383303,0
24.06,0.18,3,2,2,3,50.5,33.666149,101,0.001554,0
0,0,0,1,1,0,0.012611,0,0.01261085,0.01261085,0
163.93,1.11,2,2,2,2,50.5,50.499487,101,0.001026218,0
515.45,1731.68,46,152,5,24,0.080881,0.292583,12.29398775,-1.1648196,0
14.25,13.26,9997,45,3,1320,1.112667,1.90E-05,50.07,49.87652299,0
138235.44,3993.22,3,4,4,2,1.784507,2.378934,7.13802698,0.001224802,0
0,19260.17,0,10,6,0,7.012738,0,70.12737969,70.12737969,0
16.89,0.32,4,2,2,3,50.5,25.249234,101,0.003062624,0
252.01,241132.3,7,4,4,5,0.369962,0.211129,1.47984994,0.00194523,0
1.85,0.07,4,2,2,4,1000.5,500.249528,2001,0.001886545,0
7.91,776.18,750,750,2,1,2.586985,2.586261,1940.23862,0.542732749,0
893.32,2072.49,30,122,6,12,25.357651,151.473924,3093.633467,-1450.584257,0
0,1420.85,0,140,4,0,2.117592,0,296.4628825,296.4628825,0
0,2514.5,0,127,3,0,0.167015,0,21.21094003,21.21094003,0
0.89,0.42,3,2,2,3,1000.5,666.99939,2001,0.001830667,0
2.6,10.31,8915,1085,289,4470,213.889826,25.442581,232070.4615,5249.848964,0
0,5.69,1,2,2,1,0.122234,0.244027,0.24446829,0.00044129,0
0,0,1,1,1,1,1.5339,1.532853,1.5339,0.001046957,0
4011.04,5210.92,90,57,20,44,137.599694,87.477333,7843.182548,-29.77745187,0
1489.03,127.29,298,4877,4656,104,60.336823,932.962847,294262.6875,16239.75921,0
78234.17,20248.78,11,5,3,8,9.988235,3.33169,49.94117483,13.29258671,0
196.61,115124.86,10,6,6,7,0.414547,0.247691,2.48728098,0.01037078,0
0,0,1,1,1,1,20.009559,20.008512,20.009559,0.001046957,0
29476.99,13066.6,27,4,3,17,4.785342,1.004276,19.14136685,-7.974079478,0
0,0,1,1,1,1,1.990144,1.989673,1.9901443,0.000471636,0
487.89,1179.15,1277,241,39,405,3.035791,0.731228,731.6256102,-202.1522701,0
0,22083,0,4,3,0,7.692818,0,30.77127371,30.77127371,0
0,19.5,0,9999,681,0,93.315568,0,933062.3638,933062.3638,0
2.38,0.15,3,2,2,3,1000.5,666.999528,2001,0.001414909,0
1390.69,10460.76,27,25,3,2,17.972795,16.637985,449.3198647,0.094272728,0
0,0,1,1,1,1,4.736076,4.735635,4.73607627,0.000441,0
163.28,0,2,1,1,2,101,50.499508,101,0.000984218,0
0,0,1,1,1,1,3.5,3.4978,3.5,0.0022,0
2.11,0,3,2,2,3,1000.5,666.999528,2001,0.001414909,0
3925.8,9854.21,79,57,8,16,46.622578,31.670619,2657.486948,155.508062,0
0,0,1,1,1,1,0.999496,0.998992,0.999496,0.000504,0
163.77,0,2,1,1,2,101,50.499508,101,0.000984218,0
47.78,134.97,8956,1046,823,4765,113.602799,13.201019,118828.5282,600.2017144,0
22.18,0,3,1,1,3,101,33.666149,101,0.001554,0
3731.14,5848.88,107,98,54,50,6.14289,6.370123,602.0032643,-79.59992638,0
5179.02,47115.8,9,16,4,4,10.688288,19.000413,171.0126033,0.008882494,0
2.11,0,3,2,2,3,1000.5,666.999528,2001,0.001414909,0
0,46482.28,0,10,4,0,0.342543,0,3.42542975,3.42542975,0
0,391.38,0,447,6,0,0.103574,0,46.29771489,46.29771489,0
156.46,0,2,1,1,2,101,50.499286,101,0.001428506,0
0,7787.67,0,41,3,0,0.840712,0,34.46917743,34.46917743,0
159.49,0.84,2,2,2,2,50.5,50.499508,101,0.000984218,0
7252.93,12074.23,54,18,14,30,2.355087,0.783965,42.39156885,0.05747253,0
8798.94,42491.04,16,20,9,11,0.051795,0.061674,1.035907455,0.04912254,0
10.06,2441.71,158,160,2,2,0.061492,0.061174,9.838697822,0.173183302,0
18.28,0,3,1,1,3,101,33.666149,101,0.001554,0
5.03,0,3,2,2,3,1000.5,666.999528,2001,0.001414909,0
0,18004.05,1,7,1,1,0.001215,0.008441,0.00850401,6.30E-05,0
0,347.07,0,551,123,0,2.048649,0,1128.805574,1128.805574,0
0,278,0,2,1,0,0,0,0,0,0
2.79,711.45,586,586,2,2,0.099614,0.099194,58.37376222,0.246120001,0
0,0,1,1,1,1,0.1271,0.12648,0.1271,0.00062,0
1708.59,1701.47,283,302,84,160,3.796793,4.156852,1146.631432,-29.75773838,0
258.02,85934.21,6,3,3,4,0.393408,0.195992,1.180224,0.00427067,0
2.99,0,3,2,2,3,1000.5,666.999528,2001,0.001414909,0
5232.82,9643.72,13,21,21,7,3.435403,6.351046,72.14346441,-10.42014,0
162.12,0.3,2,2,2,2,50.5,50.499508,101,0.000984218,0
10129.32,0,2,1,1,2,0.01,0.003613,0.01,0.002773113,0
0,1400.73,0,142,3,0,2.163756,0,307.2533845,307.2533845,0
144.39,2358.39,109,350,3,1,0.267101,0.856445,93.48523364,0.132721282,0
147,5222.36,5,7,1,5,0.110715,0.154403,0.775004167,0.002991636,0
23.11,0,3,1,1,3,101,33.666149,101,0.001554,0
36.37,366.84,9986,14,8,14,1.518572,0.001065,21.26000995,10.62981495,0
14.11,11932.14,3,3,1,3,3.666667,3.666128,11,0.001617,0
19.82,2474.53,151,152,6,7,0.484936,0.487235,73.71031846,0.13776,0
161.71,0,2,1,1,2,101,50.499508,101,0.000984218,0
0,320.45,0,64,8,0,15.675285,0,1003.218246,1003.218246,0
0,4097.89,0,47,3,0,0.275918,0,12.96812576,12.96812576,0
0,3.82,0,9999,6290,0,6.286646,0,62860.16907,62860.16907,0
62.18,13912.06,19,19,7,1,3.532487,3.532038,67.1172521,0.008529001,0
62954.09,0,3,1,1,2,0.874516,0.291064,0.87451612,0.001325142,0
0,712.54,0,575,4,0,1.358906,0,781.3712222,781.3712222,0
60767.25,11114.84,4,2,2,3,5.502763,2.750941,11.005526,0.001764,0
16.01,2743.74,117,129,5,1,1.817967,2.0211,234.5177905,-1.950859998,0
0,0,1,1,1,1,16,15.999528,16,0.000471636,0
21881.98,348288.3,2,2,2,2,2.014836,2.012111,4.02967128,0.005449141,0
443.94,7984.19,670,14,4,2,14.223,2.223892,199.1220003,-1290.885707,0
3.22,7534.68,3,3,1,3,0.233333,0.232773,0.7,0.00168001,0
162.38,0.63,2,2,2,2,50.5,50.499508,101,0.000984218,0
3.04,51.38,2,2,2,2,0.482861,0.482389,0.96572193,0.000943273,0
0,0,1,1,1,1,0.072952,0.072332,0.072951652,0.00062,0
2732.71,64052.11,21,14,12,13,2.234055,1.489025,31.27676625,0.00724378,0
4.18,24131.76,4,4,4,1,20.467673,20.466843,81.87069355,0.0033201,0
50.57,2084.43,556,571,1,1,0.997305,1.023107,569.46138,0.61406842,0
8.36,64131.39,4,5,4,1,0.137151,0.168767,0.685756584,0.010687924,0
2.23,0,4,2,2,4,1000.5,500.249528,2001,0.001886545,0
23.85,0.17,3,3,3,3,33.666667,33.666152,101,0.001544256,0
162.31,0.33,2,2,2,2,50.5,50.499508,101,0.000984218,0
19.93,0,3,1,1,3,101,33.666149,101,0.001554,0
0,3291.24,0,3,2,0,0.354,0,1.062,1.062,0
0,10307.49,0,22,6,0,1.974968,0,43.44928793,43.44928793,0
155.61,0,2,1,1,2,101,50.499508,101,0.000984218,0
160.32,0,2,1,1,2,101,50.499508,101,0.000984218,0
3.08,14442.29,2,2,2,1,21,20.998902,42,0.00219648,0
1708.91,3128.7,79,296,7,24,7.991117,23.742702,2365.37051,489.6970496,0
30.79,2823.89,2,2,1,2,0.700403,0.699899,1.400806796,0.001008,0
20.85,91.43,8304,1696,410,2341,63.258991,12.910232,107287.2482,80.68575998,0
0,0,1,1,1,1,0.497892,0.487892,0.49789202,0.01,0
34.23,154.89,43,68,3,1,25.483363,40.298852,1732.868715,0.01806,0
2608.49,8617.48,27,68,1,3,0.618764,1.557815,42.07592149,0.014921485,0
4.94,7251.89,46,48,2,1,0.212667,0.221047,10.20802119,0.039877115,0
17980.38,15568.44,9,7,5,6,0.587366,0.566721,4.11155925,-0.988928532,0
2.17,63.71,2,2,2,1,0.22152,0.220919,0.44304024,0.001201489,0
10395.33,3004.6,86,12,6,25,4.827583,0.669993,57.93099877,0.311584848,0
63.42,1643.03,436,449,2,1,1.049104,1.079045,471.0475228,0.584019303,0
254.31,285.02,4491,12,3,777,4.486667,0.009169,53.84,12.662,0
33.55,0,3,1,1,3,101,33.666163,101,0.001512,0
10474.15,0,2,1,1,1,0.099,0,0.099,0.099,0
21296.63,9724.11,43,9,4,18,2237.178566,468.245324,20134.6071,0.058173416,0
0,9493.7,0,17,6,0,2.504946,0,42.58407756,42.58407756,0
0,0,1,1,1,1,0.0952,0.094696,0.0952,0.000504,0
0,22676.5,0,10,4,0,5.872955,0,58.72954628,58.72954628,0
2.82,0,3,2,2,3,1000.5,666.999528,2001,0.001414909,0
23.23,0,3,1,1,3,101,33.67366,101,-0.020981,0
0,429.99,0,6,2,0,1.789167,0,10.735,10.735,0
0,0,1,1,1,1,0.3251,0.32448,0.3251,0.00062,0
2.65,6.29,2,5,4,2,2.404,6.009528,12.02,0.000943273,0
0,22676.93,0,10,4,0,1.179969,0,11.79969387,11.79969387,0
27.5,16298.52,11,14,2,1,3.616371,4.601549,50.62918941,0.01215452,0
0,0,1,1,1,1,4.786785,4.786313,4.78678468,0.000471636,0
2848.67,23825.74,9,10,5,5,1.00437,1.115087,10.04369856,0.007915072,0
651.52,44441.43,923,10,9,11,2.613806,0.150071,26.13805519,-112.3779371,0
7594.41,6714.14,71,16,11,22,0.773113,0.170099,12.36981206,0.292756903,0
16.84,4693.79,205,206,3,2,0.152468,0.152126,31.40838674,0.222533301,0
0,1017.71,0,290,6,0,0.148624,0,43.10092727,43.10092727,0
28655.44,2208.39,29,6,4,13,559.487633,115.740964,3356.925799,0.43782967,0
3380.25,31724,10,25,8,4,8.406404,21.015084,210.1601022,0.009258944,0
0,0,1,1,1,1,2.792458,2.792017,2.79245814,0.000441,0
964.23,19053.01,46,24,16,32,5.036538,2.62686,120.8769099,0.041365102,0
0,1814.3,0,125,3,0,0.178617,0,22.32714776,22.32714776,0
19.45,822.13,620,687,4,1,1.142049,1.264737,784.587549,0.45055256,0
74980.67,0,2,1,1,2,0.01,0.004639,0.01,0.000722581,0
5.16,0,63,1,1,63,6333.016626,100.523561,6333.016626,0.032277,0
22.73,4017.97,176,178,3,2,0.068408,0.068015,12.17654637,0.205966901,0
3.79,19.85,4,4,1,1,7.5,7.498944,30,0.004222986,0
27130.07,40053.19,12,17,4,9,1.106346,1.545946,18.80788528,0.256537337,0
61066.49,24140.91,6,4,2,5,0.405052,0.375435,1.62020644,-0.632404867,0
86471.73,36485.77,5,3,1,2,27.032597,16.218825,81.09778956,0.003664305,0
0,28.78,0,9999,1971,0,0.010334,0,103.332,103.332,0
698.81,774.95,493,501,64,19,116.984484,119.371417,58609.22623,-240.8822077,0
8042.74,1080.3,115,76,27,58,12.862638,9.073009,977.5604888,-65.83551122,0
0,9927.29,0,15,4,0,23.863295,0,357.9494209,357.9494209,0
94.26,4251.47,73,75,1,6,0.06946,0.070506,5.20947208,0.062538,0
160.4,0.84,2,2,2,2,50.5,50.499508,101,0.000984218,0
11.32,512.77,3,3,3,1,0.107033,0.106506,0.3211,0.001583063,0
0,127.79,0,8780,1275,0,0.00015,0,1.3202,1.3202,0
33.99,0,3,1,1,3,101,33.666163,101,0.001512,0
1.52,0.27,3,2,2,3,1000.5,666.999528,2001,0.001414909,0
17554.71,11018,26,12,10,24,0.224964,0.105769,2.69956226,-0.05043374,0
160.95,0.33,2,2,2,2,50.5,50.499508,101,0.000984218,0
18.49,0,3,1,1,3,101,33.666149,101,0.001554,0
164.28,0.82,2,2,2,2,50.5,50.499487,101,0.001026218,0
3760.59,2928.91,58,22,8,24,3.777697,1.463797,83.10933971,-1.79088489,0
9.78,16697.91,21,21,7,1,1.625712,1.62299,34.13995453,0.057156688,0
5853.58,4341.67,86,29,14,31,34.421242,12.49232,998.216004,-76.12350226,0
0,1659.34,0,138,3,0,0.16468,0,22.72584632,22.72584632,0
0,39.87,0,9999,1983,0,99.677194,0,996672.2662,996672.2662,0
0,2540.74,0,142,3,0,0.274853,0,39.02911245,39.02911245,0
9688.48,4943.4,4,7,3,1,1.88291,3.292264,13.18037209,0.01131653,0
0,2101.09,0,109,4,0,0.442732,0,48.25779883,48.25779883,0
0,1821.2,0,692,12,0,7.610539,0,5266.49331,5266.49331,0
25518.51,14020.29,17,8,3,11,3.27125,1.648835,26.17,-1.86018831,0
964.01,8859.64,146,25,10,33,1.183188,0.226146,29.57969831,-3.437642732,0
2709.71,4752.01,255,16,5,22,0.733306,0.136171,11.73290283,-22.99077717,0
0,2553.81,1,2,2,1,1.2675,2.534559,2.535,0.000441,0
8.85,37057.47,11,11,8,2,7.384801,7.383657,81.23280821,0.012578592,0
201.07,0,2,1,1,1,0.999,0.498996,0.999,0.001008,0
23.13,0,3,1,1,3,101,33.666149,101,0.001554,0
164.14,0.82,2,2,2,2,50.5,50.499487,101,0.001026218,0
0,0,1,1,1,1,9.067092,9.066472,9.06709198,0.00062,0
1.68,0,3,2,2,3,1000.5,666.999528,2001,0.001414909,0
142.12,2882.89,3,3,2,2,0.153732,0.153,0.461196269,0.002196269,0
2.11,0.52,3,2,2,3,1000.5,666.999528,2001,0.001414909,0
0,14778.59,0,9,3,0,4.356068,0,39.20461609,39.20461609,0
0,0,1,1,1,1,0.078974,0.076774,0.07897434,0.0022,0
243777.98,207.96,3,2,1,3,2.333649,2.111063,4.66729766,-1.66589066,0
18.84,0,3,1,1,3,101,33.666149,101,0.001554,0
4795.17,0,11,1,1,11,3.996448,0.3628,3.9964476,0.005649,0
2.72,0.52,3,2,2,3,1000.5,666.999528,2001,0.001414909,0
12488.55,1927.18,75,19,12,44,4.729145,1.272626,89.85374936,-5.59317064,0
0,14720.48,0,6,4,0,3.972099,0,23.83259588,23.83259588,0
2.18,0,4,2,2,4,1000.5,500.249528,2001,0.001886545,0
66799.81,6.7,13,3,2,9,0.600333,0.138177,1.801,0.004700647,0
12133.84,6248.89,3,6,1,1,16.704575,33.405525,100.2274527,0.0108785,0
17452.06,1148.88,19,11,5,9,1.121439,0.648171,12.33583065,0.020572748,0
1065.12,1397.91,82,780,4,49,0.817372,7.798865,637.5504248,-1.956474178,0
0,0,1,1,1,1,0.146478,0.145858,0.146477878,0.00062,0
70.47,315.24,2318,1622,294,4,17.448756,12.230682,28301.88191,-48.84008355,0
5.03,130283.16,3,3,3,3,10.095003,10.06424,30.28500764,0.09228659,0
0,38404.61,0,7,1,0,0.930249,0,6.511742868,6.511742868,0
0,2623.14,0,143,3,0,0.417077,0,59.64199209,59.64199209,0
3.27,0.52,3,2,2,3,1000.5,666.999528,2001,0.001414909,0
108.75,462.03,3,2,2,1,0.622322,0.414441,1.24464481,0.001323,0
22.82,0,3,1,1,3,101,33.666149,101,0.001554,0
14862.02,5348.71,20,22,4,2,18.625541,20.487143,409.7618954,0.019038154,0
0,11041.26,0,8,2,0,199.778791,0,1598.230331,1598.230331,0
1709.61,1907.65,12,12,6,10,12.416374,12.415801,148.9964861,0.006868635,0
29457.66,3221.76,10,42,1,7,94.850952,398.372822,3983.74,0.011777024,0
0,19359.79,0,10,4,0,37.06697,0,370.6697,370.6697,0
29.14,0,2,1,1,2,101,50.499475,101,0.00105,0
34.72,1113.58,7,7,4,7,14.487223,14.486748,101.4105601,0.003324284,0
162.42,0,2,1,1,2,101,50.499508,101,0.000984218,0
164.66,0,2,1,1,2,101,50.499487,101,0.001026218,0
0,4420.22,0,45,8,0,31.966802,0,1438.506107,1438.506107,0
0,1921.9,0,118,4,0,0.330935,0,39.05036361,39.05036361,0
3219.86,21753.52,13,5,2,6,0.220441,0.083988,1.10220393,0.010363917,0
162.8,0.33,2,2,2,2,50.5,50.499508,101,0.000984218,0
18.82,0,3,1,1,3,101,33.666149,101,0.001554,0
159.21,0.94,2,2,2,2,50.5,50.499508,101,0.000984218,0
0,9538.59,0,14,6,0,4.607553,0,64.50574849,64.50574849,0
0,25195.38,0,9,2,0,12.057,0,108.513,108.513,0
29246.56,0,2,1,1,2,2,0.999185,2,0.00163068,0
93855.18,2501.28,2,17,1,1,0.016063,0.136059,0.27307347,0.000955525,0
24.9,0.78,3,2,2,3,50.5,33.666163,101,0.001512,0
0,34634.52,1,9,4,1,0.659334,0.79,5.93400488,5.14400488,0
9765.94,31807.4,35,10,3,15,27.721471,9.060591,277.2147086,-39.90596452,0
0,0,1,1,1,1,2.010797,2.010251,2.01079738,0.000546,0
0,44163.94,0,2,2,0,9.999724,0,19.99944882,19.99944882,0
0,0,1,1,1,1,0.07133,0.06913,0.07132983,0.0022,0
1928.8,1880.71,6,7,3,5,7.535283,8.787314,52.74698289,0.023100332,0
0,247.17,0,1197,924,0,4.925789,0,5896.169455,5896.169455,0
9.87,3204.46,3,3,2,3,3.333019,3.332575,9.999056418,0.001332636,0
0,29440.95,0,3,2,0,87.333333,0,262,262,0
0,1630.53,0,122,3,0,0.40372,0,49.25384336,49.25384336,0
22.85,0,3,1,1,3,101,33.666149,101,0.001554,0
0,0,1,1,1,1,1,0.99559,1,0.00441,0
5.5,19544.7,40,40,4,2,1.771045,1.76995,70.84179685,0.043801927,0
2374.69,6167.25,12,133,3,9,0.201371,1.289758,26.78231727,11.30521727,0
8.01,13600.19,5,5,1,5,0.279581,0.279068,1.39790671,0.002567932,0
40325.65,7513.54,11,14,1,2,1.287037,1.637528,18.01852065,0.00570911,0
17.41,20135.15,9,9,1,1,14.705736,14.701085,132.3516249,0.0418568,0
0,4833.17,0,45,3,0,0.535873,0,24.11429336,24.11429336,0
33.81,0,3,1,1,3,101,33.666163,101,0.001512,0
0,16050.84,0,12,9,0,2.991827,0,35.90192075,35.90192075,0
3.86,13229.18,8,8,4,1,40.260601,40.258698,322.0848067,0.015225419,0
9646.79,2258.18,8,6,3,6,43.132683,32.32625,258.7961,0.1861,0
4.31,18491.47,4,4,2,4,0.515606,0.514998,2.062422739,0.002429362,0
14803.05,91952.89,4,5,4,2,0.107082,0,0.535409552,0.535409552,0
11275.16,5382.7,70,29,14,26,6.84613,2.938219,198.5377702,-7.1375298,0
219.19,2649.67,260,356,3,257,0.051956,0.070698,18.49636825,0.114871888,0
0,0,1,1,1,1,14,13.9978,14,0.0022,0
162.88,0.48,2,3,3,2,33.666667,50.499508,101,0.000984218,0
23414.41,15955.35,26,8,5,10,14.932481,7.8763,119.4598509,-85.32394475,0
5092.91,7242.02,65,8,5,16,2.857855,1.668123,22.86283905,-85.56516095,0
0,2100.85,0,109,4,0,0.203254,0,22.15464076,22.15464076,0
0,74822.5,1,3,3,1,0.180334,0.535001,0.541001344,0.006000004,0
19257.99,5972.22,10,3,1,4,1.138297,0.560559,3.41489215,-2.190696328,0
892.69,29766.53,16,15,3,10,928.249167,870.232928,13923.7375,0.010646812,0
97.07,2947.39,225,292,37,3,32.728985,42.585612,9556.86369,-24.89893411,0
11496.97,50034.5,5,4,4,4,0.314182,0.248726,1.25672667,0.013095694,0
0,2984.33,0,107,4,0,0.19452,0,20.81362812,20.81362812,0
0,1876.55,0,106,3,0,0.342271,0,36.28076216,36.28076216,0
103.93,693.59,814,822,5,2,1.33677,1.375935,1098.825088,-21.18568503,0
156.52,0,2,1,1,2,101,50.499508,101,0.000984218,0
8.49,0,2,1,1,2,28.09,14.044496,28.09,0.001008,0
163.95,0,2,2,2,2,50.5,50.499508,101,0.000984218,0
167108.08,29194.06,2,19,9,2,7.553198,1.50476,143.5107573,140.5012378,0
0,30234.49,0,2,2,0,69.353,0,138.706,138.706,0
0,6631.55,0,30,3,0,0.869464,0,26.08390532,26.08390532,0
0,2139.2,0,106,3,0,0.528446,0,56.01532746,56.01532746,0
4023.23,3397.59,165,100,33,65,3.423775,2.122611,342.3774857,-7.85331433,0
17881.67,3928.13,12,11,9,5,3.546222,5.071187,39.00844597,-21.84579624,0
855.88,485.5,34,7,7,30,86.655714,17.840286,606.59,0.02027611,0
161.34,0.84,2,2,2,2,50.5,50.499508,101,0.000984218,0
1290.46,141914.83,10,7,7,8,7.594867,5.31603,53.16407243,0.0037686,0
0,16.07,1,2,2,1,0.3082,0.613356,0.6164,0.00304422,0
20,0,3,1,1,3,101,33.666149,101,0.001554,0
1.31,12358.17,9,9,1,3,0.390046,0.389112,3.510409624,0.0084,0
0,0,1,1,1,1,3.989,3.98817,3.989,0.000829773,0
0,9495.79,0,17,6,0,6.850245,0,116.4541597,116.4541597,0
308.05,2352.44,3,7,1,2,3.71,8.656226,25.97,0.001323,0
0,0,1,1,1,1,4,3.999496,4,0.000504,0
1.17,0.42,3,2,2,3,1000.5,666.999528,2001,0.001414909,0
1.86,13808.87,3,3,1,3,3.388702,3.388253,10.1661074,0.001347358,0
0,2160.52,0,106,4,0,0.189138,0,20.0486319,20.0486319,0
2.97,51113.03,2,2,2,2,0.572832,0.572386,1.145664329,0.000891636,0
8.37,17.18,9774,226,5,436,93.656029,2.523318,21166.26252,-3496.648289,0
0,5175.88,1,80,2,1,0.048307,0.01,3.86458835,3.85458835,0
0,8099.5,0,28,6,0,5.123698,0,143.4635399,143.4635399,0
2.18,0,4,2,2,4,1000.5,500.249528,2001,0.001886545,0
0,3753.81,0,53,6,0,0.466382,0,24.71822898,24.71822898,0
19.01,2203.71,153,216,2,2,0.092512,0.130105,19.98262024,0.076629392,0
6.94,0,3,2,2,3,1000.5,666.999528,2001,0.001414909,0
27016.12,44867.83,15,7,6,14,2.202898,1.027493,15.42028649,0.007889719,0
74.49,2116.73,294,493,2,3,0.102855,0.172107,50.70739886,0.10779963,0
25.38,0.21,3,2,2,3,50.5,33.666163,101,0.001512,0
164.01,0.82,2,2,2,2,50.5,50.499487,101,0.001026218,0
56.74,4439.1,226,228,16,1,0.088458,0.088148,20.16846208,0.247090024,0
111.84,110037.47,10,9,9,9,0.07294,0.064951,0.65645899,0.00695108,0
0,0,1,1,1,1,0.15,0.14958,0.15,0.00042002,0
16.47,36.42,3,3,1,1,0.265,0.264513,0.795,0.00146,0
0,5178.47,0,3,2,0,62.033333,0,186.1,186.1,0
2377.19,15985.1,35,37,1,3,0.266134,0.280925,9.84697171,0.01460025,0
89.67,1174.39,87,283,2,1,0.29267,0.951129,82.82547164,0.077222915,0
551.13,420.03,48,26,5,36,0.61351,0.331702,15.95126937,0.029562146,0
204.82,72.46,34,3767,3669,34,0.021945,2.430863,82.66668407,0.01735171,0
483.29,193544.81,9,5,4,6,6.565054,3.647014,32.82527,0.00214529,0
0,2650.9,0,207,8,0,0.753735,0,156.0231837,156.0231837,0
159.14,0.36,2,2,2,2,50.5,50.499508,101,0.000984218,0
0,0,1,1,1,1,0.010727,0.010107,0.01072715,0.00062,0
1564,7476.41,14,100,1,5,0.207102,1.464838,20.71016969,0.202444471,0
25.96,8441.49,6,6,6,1,19.884236,19.881834,119.3054144,0.01440869,0
164.14,0.82,2,2,2,2,50.5,50.499487,101,0.001026218,0
1.72,8.2,1163,8837,951,1,1.317106,10,11639.26831,9.26831094,0
4.11,2467.48,501,507,2,1,0.255866,0.258428,129.7238316,0.251506547,0
30916.7,56552.11,3,5,4,1,1.89973,3.165667,9.49865248,0.00165248,0
0,0,1,1,1,1,100.14,100.13895,100.14,0.00105,0
5.54,22668.74,6,5,3,6,250.938519,209.114985,1254.692597,0.002688,0
0,1704.94,0,133,2,0,0.330873,0,44.00617511,44.00617511,0
1710.28,1258.47,263,222,29,71,108.095687,97.781214,23997.24244,-1719.216792,0
4.82,849.14,1563,1566,3,1,0.757407,0.758093,1186.099823,1.200708814,0
0,129644.99,1,5,3,1,0.814934,0.1,4.0746685,3.9746685,0
1.48,4666.93,2,2,2,1,1.231329,1.230817,2.46265792,0.001024277,0
21.68,0,3,1,1,3,101,33.666149,101,0.001554,0
24.7,425.26,1524,1597,4,1,0.34912,0.375671,557.5444802,-14.97749026,0
8364.27,22249.36,17,43,11,17,978.199868,2474.269105,42062.59433,0.019539,0
21.02,0,3,1,1,3,101,33.666149,101,0.001554,0
0,0,1,1,1,1,0.527968,0.52746,0.52796786,0.0005082,0
4081.17,1320.22,122,23,8,21,7.113139,1.421021,163.6021926,-9.762320506,0
8834.95,9957.68,50,21,11,29,4.362374,1.99038,91.60985743,-7.90914257,0
720.96,7971.6,51,132,2,1,0.246246,0.626948,32.50452039,0.530186759,0
161.55,0,2,1,1,2,101,50.499487,101,0.001026218,0
1557.75,18685.5,38,40,8,1,6.637168,6.986016,265.486703,0.018108423,0
0,733.91,0,312,5,0,0.916426,0,285.9248084,285.9248084,0
0,4287.54,1,2,2,1,1.06437,2.128299,2.12874001,0.000441,0
0,30232.77,0,2,2,0,7.217839,0,14.43567714,14.43567714,0
182.41,8522.01,85,131,12,3,8.941454,13.779913,1171.330449,0.037823115,0
33.18,0.58,2,2,2,2,50.5,50.499475,101,0.001050158,0
1425.31,9942.63,12,9,9,10,3.100134,2.323675,27.90120921,0.0171051,0
14.52,2276.36,307,306,3,1,0.997379,0.99348,305.1978497,0.199447222,0
4556.72,2592.83,131,47,26,80,0.98362,0.374471,46.23016298,-2.82557702,0
6.46,8.32,9995,5,1,1,31.8,0,159,159,0
23.6,0,3,1,1,3,101,33.666149,101,0.001554,0
13762.11,4639.4,11,19,14,8,86.686677,149.730908,1647.046868,0.00687996,0
0,24864.26,0,8,3,0,5.6,0,44.8,44.8,0
9.27,16413.01,7,8,3,7,1.24269,1.419688,9.941521683,0.003705616,0
27618.45,838.41,3,2,1,3,3.003484,2.001721,6.00696872,0.001805417,0
1830.28,1737.35,48,454,2,7,0.189625,1.793116,86.0898312,0.020279694,0
14.29,7528.95,25,26,1,1,3.957526,4.115163,102.89567,0.01660099,0
0,0,1,1,1,1,1,0.99,1,0.01,0
0,0,1,1,1,1,8,7.999528,8,0.000471636,0
165.28,0.03,2,2,2,2,50.5,50.499487,101,0.001026218,0
11.03,0,9999,1,1,585,100,0,100,100,0
6.03,4633.49,25,23,18,25,1.369515,1.259438,31.49884552,0.012898132,0
0,666.82,0,1123,10,0,1.530984,0,1719.295158,1719.295158,0
5835.99,9215.72,11,24,4,6,12.584634,27.456862,302.0312199,0.005737725,0
321.93,962.94,277,305,3,1,0.955712,1.051252,291.4922005,0.295520127,0
8.11,617.08,679,715,226,2,4.934748,5.19667,3528.344582,-0.194399,0
21612,3509.32,16,10,8,13,2.124262,1.322833,21.24262141,0.07729161,0
159.09,0.3,2,2,2,2,50.5,50.499508,101,0.000984218,0
162.69,0,2,1,1,2,101,50.499508,101,0.000984218,0
0,15,0,9999,9875,0,6.835767,0,68350.83206,68350.83206,0
9.91,6425.35,27,26,1,27,1.226331,1.180436,31.88459311,0.012831023,0
3.07,10528.39,14,15,5,14,64.551212,69.161573,968.2681787,0.006158641,0
23.34,0,3,1,1,3,101,33.666149,101,0.001554,0
41345.36,30322.59,9,10,4,6,0.187777,0.204485,1.877773217,0.037404913,0
160.54,0.03,2,3,3,2,33.666667,50.499508,101,0.000984218,0
0,0,1,1,1,1,5,4.99938,5,0.00062,0
162.26,0.33,2,2,2,2,50.5,50.499508,101,0.000984218,0
0,0,1,1,1,1,0.174486,0.173866,0.1744859,0.00062,0
0,2241.64,0,38,9,0,29.80747,0,1132.683845,1132.683845,0
7777.28,4139.9,146,83,20,49,0.063762,0.045253,5.292231835,-1.360734047,0
4.38,0,3,2,2,3,1000.5,666.999528,2001,0.001414909,0
159.62,0.2,2,2,2,2,50.5,50.499508,101,0.000984218,0
1048.35,7787.35,5,16,2,1,0.673378,2.154439,10.77405185,0.001857067,0
29.2,5628.95,213,213,8,2,30.73949,30.738778,6547.51129,0.15160438,0
1623.85,23445.92,8,6,2,5,19.518333,18.273625,117.11,-29.079,0
3.83,391.04,2,2,1,2,1.995,1.99451,3.99,0.000979018,0
3618.71,11966.52,9,41,3,8,0.200372,0.439444,8.215243622,4.260243622,0
18.94,0.45,4,2,2,3,50.5,25.249482,101,0.002072343,0
16993.43,0,10,1,1,3,30,5.904902,30,-29.04902394,0
409.53,121018.79,10,5,5,6,1.602476,0.800395,8.01238095,0.00843493,0
0,0,1,1,1,1,0.002557,0.001843,0.002557022,0.000714,0
87.82,898.6,114,479,2,1,0.239309,1.002958,114.6291867,0.291972402,0
0,3137.55,0,73,4,0,0.876791,0,64.00574627,64.00574627,0
0,21597,0,8,5,0,34.717058,0,277.7364651,277.7364651,0
0,1566.29,0,127,2,0,0.312154,0,39.64361514,39.64361514,0
138089.3,0,7,1,1,5,197,28.427855,197,-1.994983448,0
161.78,0.84,2,2,2,2,50.5,50.499508,101,0.000984218,0
59.56,2043.98,182,189,4,1,6.728316,6.98621,1271.651694,0.161460732,0
141.75,1273.62,73,150,4,62,0.192173,0.394395,28.82602168,0.035170374,0
164.89,0.21,2,2,2,2,50.5,50.499487,101,0.001026218,0
165.1,0.15,2,4,4,2,25.25,50.499508,101,0.000984218,0
9003.23,8944.66,12,100,50,6,3.718052,13.375,371.8052064,211.3052064,0
3965.62,8186.39,155,9,5,12,19.058705,1.318766,171.5283494,-32.88043787,0
161.45,0.82,2,2,2,2,50.5,50.499487,101,0.001026218,0
1328.73,5674.91,152,43,29,76,0.287306,0.08358,12.3541761,-0.350027556,0
4474.75,3089.52,167,32,19,97,7.778315,1.916802,248.9060886,-71.19987796,0
93.72,3517.5,211,217,1,1,1.002269,1.029717,217.4924354,0.222133133,0
1758.12,13154.02,17,95,7,5,1.027982,5.461213,97.65832505,4.817704351,0
3432.11,4207.28,127,41,19,75,3.013233,0.988819,123.542562,-2.03743804,0
0,3401.63,0,40,3,0,8.11027,0,324.4108107,324.4108107,0
0,5112.73,0,57,4,0,0.625284,0,35.64120616,35.64120616,0
22116.81,14336.8,26,8,3,11,16.7868,6.102004,134.2944,-24.3577,0
623.35,6737.45,23,7,2,5,0.622738,0.186484,4.35916278,0.070027839,0
0,1619.85,0,140,3,0,1.43627,0,201.0777982,201.0777982,0
9.59,2867.37,302,313,158,2,4.539528,4.703361,1420.872369,0.457402248,0
161.95,0.42,2,2,2,2,50.5,50.499487,101,0.001026218,0
75733.04,124.82,5,3,1,3,7.574729,4.709517,22.72418801,-0.823397049,0
3.09,0,3,2,2,3,1000.5,666.999528,2001,0.001414909,0
3659.31,3918.55,82,171,20,38,2.296033,4.786049,392.6216181,0.165618108,0
156.17,6.23,2,2,2,2,50.5,50.499246,101,0.00150753,0
1491.92,75240.45,17,9,5,9,2.836037,1.500997,25.5243295,0.00737657,0
0.56,4518.8,13,13,1,1,0.00069,0,0.008969571,0.008969571,0
12.23,630.41,1414,1424,1,3,1.983703,1.996933,2824.793357,1.130662376,0
0,0,1,1,1,1,0.999528,0.998998,0.99952837,0.000530554,0
1.96,1.89,5133,4871,1937,3091,20.072308,17.320478,97772.21432,8866.200726,0
24.69,52595.75,5,5,4,1,1.375025,1.372256,6.87512314,0.01384469,0
7978.39,8398.49,18,153,4,13,0.164722,1.391394,25.20241349,0.15731929,0
4.9,644.81,1967,2544,2,2,0.523759,0.676669,1332.442627,1.434284935,0
990.52,243.95,257,901,1,1,0.327493,1.147511,295.0709024,0.160654581,0
1.89,0.39,4,2,2,4,1000.5,500.249528,2001,0.001886545,0
228.44,291.57,4321,2,1,556,4.99958,0.001108,9.99915998,5.212252673,0
0,20159.64,0,3,2,0,9,0,27,27,0
21.77,0,3,1,1,3,101,33.666149,101,0.001554,0
102096.17,0,4,1,1,4,0.863,0.21536,0.863,0.001561728,0
0,1692.4,0,134,3,0,0.229582,0,30.76393137,30.76393137,0
0,39784.41,0,5,3,0,13.193118,0,65.96559,65.96559,0
0,10797.98,0,21,6,0,1.987889,0,41.74567208,41.74567208,0
164.07,0.82,2,2,2,2,50.5,50.499487,101,0.001026218,0
778.35,0,2,1,1,1,2.924168,2.916832,2.92416847,-2.909496,0
295.35,2785.53,68,381,3,1,0.160907,0.900342,61.30538585,0.08210267,0
4.14,0,3,2,2,3,1000.5,666.999528,2001,0.001414909,0
0,1406.46,0,191,4,0,6.813764,0,1301.428977,1301.428977,0
19.35,8.55,36,3499,3432,1,2.961396,287.830638,10361.92579,0.02281279,0
3.72,0.52,3,2,2,3,1000.5,666.999528,2001,0.001414909,0
3.27,71742.89,5,5,3,1,0.596283,0.595801,2.98141675,0.002410377,0
0,204.17,0,4275,9,0,0.000196,0,0.83816471,0.83816471,0
52567.71,3719.16,8,33,26,7,153.460152,135.501875,5064.185012,3980.170012,0
34.73,0.25,2,2,2,2,50.5,50.49948,101,0.001040256,0
159.56,0.3,2,2,2,2,50.5,50.499508,101,0.000984218,0
3361.52,12354.44,7,3,2,4,8.7,3.726291,26.1,0.01596528,0
164.07,0,2,1,1,2,101,50.499487,101,0.001026218,0
2095.42,8354.04,5,62,3,3,0.108891,0.091076,6.751254191,6.295874191,0
33.84,6448.74,8,8,5,1,2.730628,2.729825,21.84502778,0.006425768,0
13502.42,280954.1,18,2,2,8,10.00611,2.221363,20.01221958,-19.97230614,0
162.22,0.33,2,2,2,2,50.5,50.499508,101,0.000984218,0
4590.62,10336.49,62,17,9,29,5.393302,1.975644,91.68612673,-30.80377327,0
163.07,0,2,2,2,2,50.5,50.499508,101,0.000984218,0
0,0,1,1,1,1,1,0.999424,1,0.000575631,0
0,0,1,1,1,1,0.165197,0.164577,0.16519684,0.00062,0
0,0,1,1,1,1,4.6666,4.66576,4.6666,0.00084,0
21262.99,7843.76,37,18,5,23,13.036152,6.337054,234.6507348,0.1797443,0
0,0,1,1,1,1,4.995,4.9,4.995,0.095,0
107.72,0.82,3,2,2,3,50.5,33.666165,101,0.001506437,0
7.26,10327.68,64,96,3,1,0.7653,1.147289,73.46876943,0.042290651,0
27.26,4778.7,57,58,1,2,0.985038,1.000615,57.13218603,0.097123955,0
51.84,1742.35,79,176,5,1,0.538968,1.199994,94.85838597,0.058875261,0
0,28345.53,0,8,4,0,2.167649,0,17.34119221,17.34119221,0
46.93,11904.54,2,2,2,1,45.158393,45.156521,90.31678641,0.00374438,0
161.06,0,2,1,1,2,101,50.499508,101,0.000984218,0
0,3756.54,0,85,4,0,0.834256,0,70.91178177,70.91178177,0
22.99,0,3,1,1,3,101,33.666149,101,0.001554,0
0,0,1,1,1,1,1.633328,1.632824,1.63332785,0.000504,0
47.01,7795.87,5,5,2,5,7.64418,7.643637,38.2209,0.00271378,0
0,0,1,1,1,1,2.387417,2.386946,2.38741719,0.000471636,0
157.68,0,2,1,1,2,62.75479,31.376903,62.75479041,0.000984218,0
20244.69,19954.36,28,11,11,18,4.497667,1.964434,49.47434063,-5.529812355,0
195389.53,1710.14,4,3,2,4,10.107601,7.55,30.32280344,0.12280344,0
459.24,15580.52,11,22,3,1,0.502081,1.002925,11.04578963,0.013616331,0
1028.27,2693.64,195,272,44,68,4.679963,12.610466,1272.949836,-1186.091074,0
8.78,8818.72,2,2,2,2,1.508304,1.507816,3.01660721,0.000975636,0
6.49,237.69,4473,4650,5,3,3.141207,3.264852,14606.61338,2.932498692,0
11904.62,37458.31,8,6,2,7,5.1685,3.749678,31.011,1.013576086,0
0,0,1,1,1,1,3.330368,3.329748,3.330368,0.00062,0
101.97,7814.07,6,10,2,1,0.539172,0.897847,5.391723038,0.004641058,0
22.62,0,3,1,1,3,101,33.666149,101,0.001554,0
5.95,16359.54,30,33,10,2,18.6837,20.551363,616.5621052,0.02122777,0
0,10309.57,0,79,5,0,0.142728,0,11.27553342,11.27553342,0
928.2,12705.73,19,17,2,8,0.157566,0.14051,2.678618595,0.008930814,0
161.31,0,2,1,1,2,101,50.499508,101,0.000984218,0
17.93,0,3,1,1,3,101,33.666149,101,0.001554,0
0,5149.88,0,62,9,0,3.867411,0,239.7795129,239.7795129,0
56.82,1397.48,746,762,10,12,0.13905,0.141728,105.9560323,0.226662285,0
0,1728.65,0,112,5,0,0.25975,0,29.0920271,29.0920271,0
1.36,0.42,3,2,2,3,1000.5,666.999528,2001,0.001414909,0
161.55,0.82,2,2,2,2,50.5,50.499487,101,0.001026218,0
23.09,0,3,1,1,3,101,33.666149,101,0.001554,0
0,0,1,1,1,1,4.999413,0.200261,4.99941329,4.799152747,0
50.83,2332.58,410,472,3,1,0.709956,0.816528,335.0990407,0.322504635,0
9363.5,18877.84,25,12,10,17,2.050918,0.983865,24.61101127,0.014396808,0
0,0,1,1,1,1,0.9,0.8978,0.9,0.0022,0
0,718.18,0,277,5,0,1.119321,0,310.0519242,310.0519242,0
0,0,1,1,1,1,0.268,0.267496,0.268,0.000504,0
25.31,0.45,3,2,2,3,50.5,33.666161,101,0.001517096,0
259.71,1064.89,12,232,3,10,0.049615,1.206928,11.5107124,-2.972428383,0
0,14721.28,0,6,3,0,2.442293,0,14.65375945,14.65375945,0
23.19,0.33,3,2,2,3,50.5,33.666149,101,0.001554,0
28.16,10033.62,10,10,1,1,1.079604,1.078756,10.7960427,0.0084865,0
157.62,0,2,1,1,2,101,50.499508,101,0.000984218,0
22.53,942.48,933,946,3,2,1.007631,1.0206,953.2192476,0.999818399,0
107.23,0.84,3,2,2,3,50.5,33.666179,101,0.001464437,0
0,0,1,1,1,1,1.99,1.989496,1.99,0.000504,0
44.71,15554.2,7,7,3,7,7.540271,7.539791,52.78189556,0.003356956,0
19.82,1136.48,1560,1604,12,3,83.310452,85.659227,133629.9655,1.572004707,0
0,17443.12,0,13,6,0,4.943729,0,64.26848,64.26848,0
108.32,0.6,3,2,2,2,50.5,33.666171,101,0.001488218,0
4.74,0.42,3,2,2,3,1000.5,666.999528,2001,0.001414909,0
159.63,0.54,2,3,3,2,33.666667,50.499487,101,0.001026218,0
20.91,39724.1,3,9,1,1,0.346482,1.031711,3.118335795,0.023201745,0
0.93,0,2,3,1,1,0.261133,0.39086,0.7834,0.00168,0
164.28,0.61,2,2,2,2,50.5,50.499487,101,0.001026218,0
44.54,49757.89,2,2,1,1,2.505,2.502376,5.01,0.00524718,0
0,2008.41,0,159,4,0,0.452479,0,71.94423164,71.94423164,0
0,8745.85,0,23,4,0,0.605083,0,13.91691037,13.91691037,0
19.85,69202.39,3,3,2,2,0.447,0.444967,1.341,0.0061,0
12.75,0,3,1,1,3,101,33.666149,101,0.001554,0
0,0,1,1,1,1,0.495,0.494528,0.495,0.000471636,0
50232.41,99.43,15,5,3,9,5.031,1.673108,25.155,0.0583767,0
0,1047.69,1,6,5,1,0.172327,1.033544,1.03396387,0.00042,0
22.49,0,3,1,1,3,101,33.666149,101,0.001554,0
0,0,1,1,1,1,0.950455,0.949835,0.950455,0.00062,0
115241.5,6096.49,2,11,2,1,3.646248,20.053922,40.10872515,0.000882,0
0,981.25,0,297,7,0,1.050797,0,312.0866294,312.0866294,0
90475.02,6788.73,2,24,3,1,0.064587,0.719233,1.550093315,0.111627698,0
159.09,1.24,2,2,2,2,50.5,50.499508,101,0.000984218,0
0,8873.76,0,11,6,0,7.560425,0,83.16467531,83.16467531,0
3126.6,9121.03,18,6,2,11,1.305383,0.600427,7.83229699,-2.975380124,0
20.73,0,2,1,1,2,101,50.499475,101,0.00105,0
17.52,0,3,1,1,3,101,33.665988,101,0.002035312,0
5.91,15122.74,20,20,8,1,0.96404,0.962559,19.2808088,0.029631991,0
17984.96,8615.56,39,35,21,23,0.868292,0.777924,30.39021847,0.051193299,0
88.26,15361.97,13,30,10,1,1.3501,3.114684,40.50299626,0.012103698,0
0,1906.93,0,101,5,0,0.368554,0,37.22391987,37.22391987,0
160.7,0.84,2,2,2,2,50.5,50.499508,101,0.000984218,0
6.12,13310,5,5,1,5,7.433,7.432552,37.165,0.002238954,0
201.39,180.13,5,4,4,3,1.579329,1.253666,6.31731646,0.04898472,0
162.8,0.33,2,2,2,2,50.5,50.499508,101,0.000984218,0
5.33,35763.56,9,9,4,1,1.306318,1.304759,11.75685751,0.01402637,0
0,0,1,1,1,1,0.009528,0.009444,0.00952837,8.40E-05,0
0,68.22,0,2321,1,0,0,0,0,0,0
4.86,1316.63,797,797,1,1,0.21158,0.211,168.629364,0.462270985,0
350.81,721.33,13,583,6,3,0.168764,3.39343,98.38967049,54.2750791,0
0,2437.47,0,131,7,0,0.207008,0,27.11798897,27.11798897,0
0,0,0,1,1,0,0.03,0,0.03,0.03,0
25.37,0.03,3,2,2,3,50.5,33.666155,101,0.001536086,0
0,25014.67,0,8,2,0,2.4475,0,19.58,19.58,0
0,0,1,1,1,1,3.995,3.993877,3.995,0.001122944,0
162.63,0.43,2,2,2,2,50.5,50.499508,101,0.000984218,0
15.99,0,3,1,1,3,101,33.665988,101,0.002035312,0
26393.65,0,2,1,1,1,0.15,0.073719,0.15,0.002562,0
0,56894.54,0,3,1,0,0,0,0,0,0
21.57,0,3,1,1,3,101,33.666149,101,0.001554,0
160.77,0.84,2,2,2,2,50.5,50.499508,101,0.000984218,0
0,3836.56,0,74,4,0,0.113591,0,8.405760644,8.405760644,0
163765.17,0,2,1,1,2,0.002457,0.000254,0.00245744,0.00194896,0
1.51,0.07,3,2,2,3,1000.5,666.999528,2001,0.001414909,0
0,2159.58,0,105,3,0,0.189459,0,19.89317093,19.89317093,0
3896.28,13188.17,38,13,10,14,2.516769,1.004044,32.71799175,-5.435694508,0
17580.69,14583.23,8,6,3,7,18.811152,24.764478,112.8669124,-85.24891238,0
2.58,13776.01,4,4,1,1,0.345949,0.344899,1.38379565,0.0042,0
104038.11,6261.31,5,17,5,3,6.444156,21.50931,109.5506507,2.00409978,0
0,0,1,1,1,1,2.063412,2.062153,2.06341223,0.001259675,0
216087.14,0,3,1,1,2,0.3,0.099745,0.3,0.000765636,0
0,0,1,1,1,1,0.2,0.19938,0.2,0.00062,0
22.57,0,3,1,1,3,101,33.666149,101,0.001554,0
0,9499.33,0,14,5,0,3.650822,0,51.11151418,51.11151418,0
6.45,45504.17,6,5,4,2,22.370605,18.640489,111.8530245,0.010090856,0
730.95,26325.58,591,12,5,13,157.556586,7.507077,1890.679032,-2546.003748,0
24.9,14555.53,2,2,2,1,3.342068,3.332889,6.68413545,0.0183571,0
32421.55,12088.79,5,70,3,2,0.097411,1.36332,6.818789776,0.00219,0
20.25,0,3,1,1,3,101,33.666149,101,0.001554,0
52.19,94.97,165,242,17,152,2.39596,3.513782,579.8222944,0.048281319,0
15815.12,2276.25,29,27,6,14,17.18927,18.012931,464.1103,-58.2647,0
8682.11,2453.79,74,35,5,41,6.509991,3.148239,227.8496771,-5.120029624,0
94.65,23029.97,19,24,5,1,1.290899,1.628969,30.98156902,0.031163814,0
160.97,0.63,2,2,2,2,50.5,50.499508,101,0.000984218,0
162.92,213.73,4,3,1,2,0.75,2.05,2.25,-5.95,0
0,0,1,1,1,1,0.087559,0.086512,0.087559,0.001046957,0
7282.89,2415.24,117,55,9,41,52.571839,24.844806,2891.451134,-15.39116619,0
1544.46,11058.69,27,25,19,25,1.157363,1.071212,28.93406546,0.01134102,0
20.69,0,3,1,1,3,101,33.666149,101,0.001554,0
264.4,3699.91,10,11,1,1,0.917457,1.008433,10.09202331,0.007694082,0
11496.42,8070.52,60,15,13,25,8.563457,2.130535,128.4518618,0.619761824,0
22733.98,7621.36,24,12,8,11,0.928937,0.509054,11.147244,-1.070040661,0
157.89,0,2,1,1,2,101,50.499508,101,0.000984218,0
701.45,1299.55,51,68,39,41,15.576446,20.764831,1059.198301,0.19191158,0
1.06,20156.3,4,4,2,2,0.255002,0.253952,1.02000841,0.0042,0
25.25,0.45,3,2,2,3,50.5,33.739343,101,-0.218028773,0
105.67,0,3,1,1,2,101,33.666171,101,0.001488218,0
106.42,4949.04,107,110,2,1,1.162807,1.194637,127.9087712,0.082571837,0
0,1892.62,0,121,3,0,0.183247,0,22.17293097,22.17293097,0
158.15,0,2,1,1,2,101,50.499508,101,0.000984218,0
5.65,10140.71,38,38,2,38,0.221877,0.22136,8.431333722,0.019646154,0
43.99,657.85,1140,1241,2,1,1.772127,1.927861,2199.20949,1.44780372,0
0,578.68,0,375,4,0,1.376506,0,516.1899229,516.1899229,0
0,21164.93,0,8,3,0,16.273214,0,130.1857087,130.1857087,0
22.1,0,3,1,1,3,101,33.666149,101,0.001554,0
0.7,22.3,2,2,1,1,0.610271,0.6098,1.220542467,0.000943273,0
0,1291.06,0,155,4,0,1.901496,0,294.7319424,294.7319424,0
564.78,5744.9,943,29,10,30,4.368236,0.267735,126.67883,-125.7949135,0
3566.48,9719.3,50,21,12,37,4.919214,2.085468,103.3034851,-0.96990128,0
55.07,16532.97,7,47,10,1,0.676144,4.43134,31.77877829,0.75939548,0
38.59,5.9,9989,11,10,3,1.071724,0,11.78896233,11.78896233,0
12700.93,2944.27,22,14,6,14,1.65185,1.035267,23.12589504,0.35002504,0
158.95,0,2,1,1,2,101,50.499508,101,0.000984218,0
0,0,1,1,1,1,5.195,5.194528,5.195,0.000471636,0
0,32100.99,0,6,4,0,2.191095,0,13.14657078,13.14657078,0
107.4,0.84,3,2,2,3,50.5,33.666179,101,0.001464437,0
0,0.28,0,9999,7409,0,24.973016,0,249705.1845,249705.1845,0
0,308.71,0,3,1,0,0.769151,0,2.30745422,2.30745422,0
3.65,1380.95,10,14,10,1,1.516141,2.121913,21.22597348,0.006844041,0
32225.15,19218.63,25,7,2,12,4.456714,1.71368,31.197,-11.645,0
0,5978.77,0,27,6,0,2.4293,0,65.59110132,65.59110132,0
21635.3,4211.15,26,14,4,17,33.689909,17.980769,471.6587197,4.15871973,0
24.2,65556.75,4,4,1,1,22.375,22.373778,89.5,0.00488943,0
10564.23,959.5,14,2,1,6,0.01,0.000912,0.02,0.007233005,0
15.99,28969.79,5,5,2,1,6.018563,6.018043,30.09281657,0.002601158,0
244.47,2367.24,234,292,2,2,0.085842,0.106617,25.06572247,0.117237831,0
0,0,1,1,1,1,1.933135,1.932552,1.933135,0.000582715,0
3066.45,1365.94,3,4,4,3,0.140286,0.185926,0.561145015,0.003366678,0
158.74,0.84,2,2,2,2,50.5,50.499508,101,0.000984218,0
8.67,38449.69,3,3,3,1,1.978468,1.977629,5.93540359,0.00251716,0
2982.6,6243.3,90,30,15,30,11.492781,4.366546,344.7834437,-48.20565635,0
29250.93,0,2,1,1,2,0.03,0.014195,0.03,0.00161038,0
0,13146.22,0,8,4,0,5.25655,0,42.05239787,42.05239787,0
161.55,0.82,2,2,2,2,50.5,50.499487,101,0.001026218,0
38.8,1909.46,694,696,5,3,9.400039,9.435605,6542.426864,-5.882890293,0
16.21,0,3,1,1,3,101,33.666149,101,0.001554,0
22.78,0.65,3,2,2,3,50.5,33.666149,101,0.001554,0
82.2,0.02,4,2,2,2,50.5,25.249487,101,0.002052437,0
1789.22,39237.54,7,6,5,2,1.201659,1.02953,7.20995241,0.00324287,0
1.55,4631.74,4,4,2,1,1.525,1.524498,6.1,0.002009,0
16.9,0,3,1,1,3,101,33.666149,101,0.001554,0
3121.51,5318.69,241,73,35,90,10.778313,3.510271,786.8168793,-59.15835524,0
1767.24,9617.01,106,25,9,57,15.209717,4.500408,380.2429223,-96.80033182,0
19.79,0,3,1,1,3,101,33.666149,101,0.001554,0
9.22,60.33,3387,3846,943,3,3.876054,4.40091,14907.30308,1.422561006,0
17.06,0,3,1,1,3,101,33.666149,101,0.001554,0
4.33,133.5,4856,5144,4,2,1.743972,1.846775,8970.991795,3.052892681,0
7.4,7127.33,93,104,8,2,4.339025,4.851381,451.2586367,0.080236974,0
4.74,0.42,3,2,2,3,1000.5,666.999528,2001,0.001414909,0
11859.62,11454.7,57,23,19,48,1.347911,0.636109,31.00196167,-5.256238329,0
9.83,15090.95,2,2,1,2,1.122556,1.121632,2.24511185,0.001848,0
204048.12,90405.11,3,2,1,3,0.065,0.039644,0.13,0.011066752,0
12.42,1981.66,680,683,5,2,1.131327,1.135609,772.6962544,0.482059827,0
62,1907.47,308,312,2,2,1.021488,1.034334,318.7041217,0.129381,0
25.17,0,3,2,2,3,50.5,33.666163,101,0.001512,0
2698.64,69243.04,10,5,4,8,1.7956,0.587,8.978,3.108,0
163.95,0,2,1,1,2,101,50.499508,101,0.000984218,0
33415.37,12616.26,17,14,7,7,11.665917,7.367353,163.3228397,38.07783969,0
52.13,2098.71,35,137,2,1,0.217784,0.851682,29.83639671,0.027531296,0
165.31,0,2,1,1,2,101,50.499508,101,0.000984218,0
0,3070.19,0,104,5,0,0.836383,0,86.98383428,86.98383428,0
14926.26,23149.03,34,20,12,16,1.777923,1.111611,35.55846813,-2.236291198,0
76580.43,5657.3,3,5,2,3,5.5974,0.666667,27.987,25.987,0
0,0,1,1,1,1,0.1,0.09955,0.1,0.00045,0
28.03,1453.86,202,202,6,2,4.130268,4.127137,834.3140997,0.63246576,0
0,14353.26,0,7,2,0,23.128571,0,161.9,161.9,0
6.29,0.03,3,70,70,3,28.585714,666.999528,2001,0.001414909,0
9947.88,10.98,4,2,2,2,3.606219,1.802463,7.21243721,0.00258657,0
2.41,0,4,2,2,4,1000.5,500.249528,2001,0.001886545,0
160.85,0.84,2,2,2,2,50.5,50.499508,101,0.000984218,0
12801.15,104985.19,9,4,3,4,0.02838,0.011727,0.113518593,0.007971239,0
20.03,963.23,1371,1526,6,3,2.773247,3.085634,4231.974835,1.570214888,0
0,2290.53,0,99,3,0,0.203729,0,20.1691494,20.1691494,0
1701.16,1391.21,67,74,26,31,18.596762,20.124595,1376.160403,27.81252573,0
2.18,133779.95,8,4,3,3,0.026398,0.012375,0.105592195,0.006591167,0
167.35,0,4,2,2,4,1000.5,500.249559,2001,0.001764,0
0.85,8141.85,4,4,3,2,0.377905,0.377065,1.511620979,0.00336,0
2905.31,43704.76,12,12,4,3,5.112816,5.108333,61.35379662,0.05379662,0
0,0,1,1,1,1,1,0.9978,1,0.0022,0
6157.04,1656.24,9,6,2,3,1.713252,1.140966,10.27950985,0.01081272,0
17340.25,7524.06,20,14,8,15,4.46227,3.244078,62.471781,-2.40977805,0
8759.62,3154.83,32,52,5,2,0.242642,0.402874,12.61736036,-0.27460758,0
1.46,0.97,3,2,2,3,1000.5,666.999528,2001,0.001414909,0
28.18,1.32,9996,142,2,1623,0.119955,0.000631,17.03359706,10.72504793,0
1.89,0.68,4,2,2,4,1000.5,500.249528,2001,0.001886545,0
7.08,31481.16,30,30,13,2,66.730026,66.729189,2001.900767,0.025102431,0
724.59,544.18,481,1128,4,2,1.188723,2.790068,1340.879878,-1.143009304,0
1.24,0.07,3,2,2,3,1000.5,666.999528,2001,0.001414909,0
0,0,1,1,1,1,0.898442,0.897822,0.89844228,0.00062,0
0,221.72,0,553,126,0,2.451567,0,1355.716767,1355.716767,0
0,0,1,1,1,1,1,0.999418,1,0.000581532,0
2.11,0.52,3,2,2,3,1000.5,666.999528,2001,0.001414909,0
0,4962.74,0,2,1,0,51.31132,0,102.6226401,102.6226401,0
0,2943.97,0,99,6,0,0.43786,0,43.34809988,43.34809988,0
13.96,29296.45,9,9,5,1,45.002072,45.001307,405.0186468,0.006882057,0
0,0,1,1,1,1,0.378043,0.376996,0.37804325,0.001046957,0
0,4361.06,0,52,6,0,3.666739,0,190.670415,190.670415,0
0,17668.4,0,5,2,0,2.250938,0,11.25469,11.25469,0
51697.48,4.88,4,2,1,3,4.034162,2.014885,8.0683234,0.008783865,0
0,0,1,1,1,1,0.103282,0.10281,0.103281947,0.000471636,0
0,9391.28,0,34,4,0,0.724616,0,24.63694545,24.63694545,0
1955.6,5452.33,247,88,64,75,0.095068,0.037454,8.366012265,-0.885207677,0
0,0,1,1,1,1,0.151593,0.151121,0.15159302,0.000471636,0
161.5,0,2,1,1,2,101,50.499508,101,0.000984218,0
0,2369.29,0,123,4,0,0.394148,0,48.48014312,48.48014312,0
1.46,0.97,3,2,2,3,1000.5,666.999528,2001,0.001414909,0
16213.66,8659.66,19,6,2,10,13.503384,4.247105,81.02030229,0.32530229,0
0,2851.18,0,112,3,0,0.225268,0,25.22999299,25.22999299,0
9.64,26320.65,4,4,4,1,6.978042,6.977215,27.91216709,0.003307644,0
19.91,0,3,1,1,3,101,33.666149,101,0.001554,0
0,1516.6,0,151,4,0,0.772393,0,116.6313678,116.6313678,0
5643.63,4246.24,57,27,10,28,4.356378,2.062772,117.6222011,0.044201147,0
5132.07,3548.78,134,80,34,62,7.60127,4.993321,608.1015831,-61.00341691,0
11.31,1920.92,98,100,3,2,0.127017,0.128484,12.70166271,0.11018331,0
25039.02,8799.76,37,6,2,16,90.601888,15.225081,543.6113272,-19.7166728,0
0,39780.76,0,5,2,0,28.4262,0,142.131,142.131,0
0,9162.88,1,3,2,1,0.972736,2.918104,2.918208732,0.000105,0
3.35,64836.7,5,5,3,1,24.058907,24.057709,120.2945329,0.00598557,0
5333.58,5615.18,89,37,15,39,59.090218,24.788948,2186.338056,-19.87834377,0
90968.95,0,3,1,1,3,0.261083,0.086412,0.26108337,0.001848,0
161.92,0.82,2,2,2,2,50.5,50.499487,101,0.001026218,0
19.56,61380.14,4,5,5,1,0.775485,0.966333,3.877423608,0.012089918,0
4.4,0.16,4,2,2,3,1000.5,500.249528,2001,0.001886545,0
658.41,13996.84,98,88,13,70,143.068318,128.468897,12590.012,0.060059041,0
29.14,223946.69,2,2,2,2,0.054475,0.054013,0.10895,0.000924,0
160.08,0.11,2,3,3,2,33.666667,50.499508,101,0.000984218,0
4497.07,1001.04,89,25,11,50,4.346886,1.368765,108.6721448,-13.14795523,0
5081.98,2247.41,63,3,1,26,0.04,0,0.12,0.12,0
2.09,0.28,4,2,2,4,1000.5,500.249528,2001,0.001886545,0
5579.94,6407.41,60,16,4,35,3.455751,1.170085,55.29200992,-14.91309008,0
159.53,0.33,2,2,2,2,50.5,50.499508,101,0.000984218,0
0,0,1,1,1,1,5.095,5.094559,5.095,0.000441,0
50.07,19267.77,29,29,4,1,0.314363,0.313756,9.116522916,0.017588786,0
17.71,0,3,1,1,3,101,33.666149,101,0.001554,0
161.55,0.82,2,2,2,2,50.5,50.499487,101,0.001026218,0
6.37,34004.68,2,2,2,1,129.261288,129.260585,258.5225765,0.00140568,0
164.72,0.82,2,2,2,2,50.5,50.499487,101,0.001026218,0
15.67,1408.42,663,673,8,2,1.327136,1.34638,893.1625897,0.512464398,0
0,0,1,1,1,1,0.985,0.984528,0.985,0.000471659,0
0,1461.09,0,2,2,0,40.4975,0,80.995,80.995,0
157.78,0,2,1,1,2,101,50.499508,101,0.000984218,0
17.54,1773.69,796,803,1,2,0.206967,0.207728,166.1948641,0.843083303,0
0,13142.34,0,8,2,0,116.314725,0,930.5178,930.5178,0
2344.97,123095.4,14,8,8,11,0.360262,0.205048,2.88209421,0.01142605,0
7.1,0,3,2,2,3,1000.5,666.999528,2001,0.001414909,0
0,0,1,1,1,1,0.15619,0.150048,0.1561903,0.00614194,0
1475.26,2122.87,211,253,12,3,390.459478,468.180832,98786.24791,0.092359408,0
0,0,1,1,1,1,0.219528,0.219087,0.21952837,0.000441,0
6470.36,958.57,20,140,3,1,10.183386,71.2832,1425.6741,0.01009335,0
41192.36,45288.19,7,3,3,5,0.362214,0.154422,1.08664198,0.005690201,0
0,0,1,1,1,1,3.33,3.329418,3.33,0.000581532,0
0,2428.85,0,120,6,0,0.613385,0,73.6062338,73.6062338,0
162.42,0.43,2,2,2,2,50.5,50.499508,101,0.000984218,0
25.5,227.82,3,3,3,1,0.4,0.399418,1.2,0.001744595,0
2.46,2590.61,115,116,3,2,0.141367,0.141483,16.39855471,0.128033307,0
1.51,16.88,2,2,2,1,0.435,0.434457,0.87,0.001086703,0
0,1453.77,0,156,3,0,0.851018,0,132.7588466,132.7588466,0
7.1,0,3,2,2,3,1000.5,666.999528,2001,0.001414909,0
47.99,745.19,929,929,2,3,0.284086,0.283582,263.9162486,0.468800243,0
0,0,0,1,1,0,0.099,0,0.099,0.099,0
61408.22,8611.46,6,8,8,3,13.440376,17.919973,107.5230105,0.003171,0
0,1935.4,0,165,5,0,3.374267,0,556.7541003,556.7541003,0
0,2404.61,0,77,4,0,0.823752,0,63.42887973,63.42887973,0
108.22,0.36,3,6,6,2,16.833333,33.666176,101,0.001473262,0
0,0,1,1,1,1,1.001,0.999654,1.001,0.001346205,0
13726.03,39025.39,29,9,3,24,1.616576,0.500788,14.549182,0.02632,0
0,414.46,0,442,3,0,26.173002,0,11568.46676,11568.46676,0
0,1831.92,0,125,3,0,0.443997,0,55.49967797,55.49967797,0
232.15,4540.31,39,42,4,1,0.071486,0.076384,3.002411682,0.023421212,0
162.16,0.33,2,2,2,2,50.5,50.499508,101,0.000984218,0
0,20169.48,0,3,2,0,9.033333,0,27.1,27.1,0
0,1834.37,0,105,3,0,0.309726,0,32.52118249,32.52118249,0
30.79,4795.32,59,84,3,1,0.505571,0.718568,42.46792641,0.072426214,0
51405.02,4046.79,7,12,4,2,0.734224,1.257381,8.81068317,0.009016705,0
0,4833.24,0,107,6,0,0.402959,0,43.11659415,43.11659415,0
0,0,1,1,1,1,6.5,6.49938,6.5,0.00062,0
0,0,1,1,1,1,0.25,0.246747,0.25,0.00325311,0
4.72,25726.15,2,2,1,2,14.995,14.994528,29.99,0.000944737,0
0,0,1,1,1,1,0.089258,0.087058,0.089258,0.0022,0
0,0,1,1,1,1,0.705622,0.705002,0.705622,0.00062,0
47.4,85.63,2,2,1,1,1.2722,1.270357,2.5444,0.00368506,0
0,3167.83,0,92,5,0,3.858248,0,354.9588313,354.9588313,0
3481.16,6600.2,67,35,13,38,3.45805,1.872345,121.0317386,-4.415358402,0
15.06,8683.93,92,92,5,3,0.040793,0.040369,3.75296201,0.039043472,0
0,25195.07,0,9,3,0,1.77672,0,15.9904787,15.9904787,0
0,0,1,1,1,1,1.266963,1.266123,1.266963413,0.00084,0
162.18,0.84,2,2,2,2,50.5,50.499508,101,0.000984218,0
26.08,0.08,3,2,2,3,50.5,33.666163,101,0.001512,0
618.34,745.69,235,540,6,69,1.114843,2.560768,602.0150463,0.23445412,0
1.87,0.05,3,2,2,3,1000.5,666.999528,2001,0.001414909,0
164.07,0,2,1,1,2,101,50.499487,101,0.001026218,0
163.12,0.43,2,2,2,2,50.5,50.499508,101,0.000984218,0
110.2,0.02,3,2,2,3,50.5,33.666008,101,0.001974506,0
0,0,1,1,1,1,0.995,0.985,0.995,0.01,0
0,0,1,1,1,1,1,0.99916,1,0.00084,0
2.68,35447.39,3,3,3,1,0.308922,0.308422,0.9267651,0.001498297,0
163.66,0.3,2,2,2,2,50.5,50.499508,101,0.000984218,0
64.23,0.33,5,3,3,3,33.666667,20.19951,101,0.002448655,0
132.8,4783.64,166,211,4,1,0.713717,0.90588,150.5943348,0.218275639,0
8.23,95668.72,2,3,2,1,0.082986,0.120608,0.248956532,0.007740132,0
22.77,0,3,1,1,3,101,33.666149,101,0.001554,0
164.14,0.54,2,3,3,2,33.666667,50.499487,101,0.001026218,0
0,261.1,0,1370,5,0,0.107189,0,146.8494813,146.8494813,0
0,0,1,1,1,1,12.859018,12.858398,12.85901771,0.00062,0
0,8399.27,0,27,4,0,0.838162,0,22.63037676,22.63037676,0
157.32,0,2,1,1,2,101,50.499508,101,0.000984218,0
108.12,0.37,3,2,2,3,50.5,33.666179,101,0.001464437,0
182.96,60.47,5766,6,3,255,2.866331,0.001199,17.19798495,10.28242156,0
5.41,7397.9,2,2,1,2,29.864369,29.863912,59.72873728,0.000912636,0
3.56,0,3,2,2,3,1000.5,666.999528,2001,0.001414909,0
59584.69,52751.13,3,11,3,3,0.134375,0.144,1.47812336,1.04612336,0
7841.89,5507.27,63,48,13,24,5.252367,3.976395,252.1136,1.600703495,0
31.06,80.56,1409,18,8,6,13.859144,0.593368,249.4645849,-586.5907262,0
3.24,0,3,2,2,3,1000.5,666.999528,2001,0.001414909,0
1394.22,1885.01,6,2,2,6,3.745,1.247892,7.49,0.002646,0
0,1667.32,0,136,3,0,0.249614,0,33.94744703,33.94744703,0
1437.35,7484.54,5,24,2,5,0.011878,0.0554,0.28507527,0.00807527,0
4145.29,6611.97,28,46,1,2,0.853831,1.402229,39.27621123,0.013801639,0
164.02,0,2,1,1,2,101,50.499492,101,0.00101578,0
14.07,1784.58,4,4,4,1,0.26185,0.260279,1.04740045,0.006285822,0
12.02,0,4,1,1,4,101,25.249475,101,0.0021,0
162.1,0.82,2,2,2,2,50.5,50.499487,101,0.001026218,0
2906.99,36679.38,5,5,2,2,0.366901,0.366476,1.834503371,0.002121,0
0,0,1,1,1,1,0.5,0.49938,0.5,0.00062,0
66.12,3285.66,125,126,1,1,0.996285,1.003501,125.5318725,0.094242259,0
0,0,1,1,1,1,0.1,0.099528,0.1,0.000471636,0
164.28,0,2,1,1,2,101,50.499508,101,0.000984218,0
106.23,0.69,3,2,2,3,50.5,33.666179,101,0.001464437,0
1.09,0.38,3,2,2,3,1000.5,666.999528,2001,0.001414909,0
3.48,0,3,2,2,3,1000.5,666.999528,2001,0.001414909,0
165.67,0,2,2,2,2,50.5,50.499487,101,0.001026218,0
108.4,4480.93,117,118,3,66,1.774828,1.789313,209.429756,0.080158042,0
0,0,1,1,1,1,12.054383,12.053763,12.0543828,0.00062,0
6.17,15763.4,7,7,3,7,0.544092,0.543451,3.808644494,0.004488187,0
6180.98,5980.34,147,58,18,60,0.603072,0.262823,34.97816403,-3.656746874,0
4084.96,6766.06,125,52,18,58,13.35859,8.806489,694.6466924,-406.1644465,0
28928.17,609.66,4,3,2,4,1.74519,1.308236,5.23556985,0.00262728,0
4.3,1262.52,3,3,2,1,1.913333,1.91182,5.74,0.00453977,0
163.14,0,2,1,1,2,101,50.499508,101,0.000984218,0
7.08,154925.97,5,5,2,2,0.45558,0.455202,2.27790188,0.00189357,0
0,0,0,1,1,0,4.3,0,4.3,4.3,0
17.44,3236.15,8436,79,5,6711,322.953389,3.025691,25513.31777,-11.40961933,0
22.92,13994.05,5,5,5,1,10.768074,10.766084,53.84036864,0.00994986,0
1482.4,1132.91,7,8,6,5,2.072453,2.366185,16.57962687,0.016333949,0
0,2385.73,0,119,3,0,0.298794,0,35.55644673,35.55644673,0
159.96,0.72,2,2,2,2,50.5,50.499286,101,0.001428506,0
0,11371.01,0,22,3,0,0.246785,0,5.429273945,5.429273945,0
39.73,25.46,355,9645,1125,2,169.613266,2944.642983,1635919.955,590571.696,0
0,0,1,1,1,1,0.501758,0.500528,0.50175771,0.00122982,0
13.06,365.32,3146,4842,10,3,1.535968,2.363068,7437.15648,2.944197572,0
18.59,4475.54,24,24,1,24,0.407402,0.406882,9.777639579,0.012468707,0
563.83,4649.83,2,2,1,2,0.194731,0.194259,0.389462407,0.000945,0
345.1,545.58,1212,20,6,27,5.169613,0.093821,103.3922662,-10.31873377,0
0,0,1,1,1,1,0.166116,0.165675,0.16611639,0.00044184,0
0,870.09,0,230,4,0,0.428419,0,98.53634941,98.53634941,0
6.34,314381.83,2,2,2,2,5.464769,5.462999,10.929538,0.003539202,0
6733.4,135972.42,2,2,2,2,0.134271,0.130765,0.26854191,0.00701236,0
4.09,0,3,2,2,3,1000.5,666.999528,2001,0.001414909,0
15668.97,10808.55,6,14,4,1,17.820712,41.581093,249.4899637,0.00340736,0
0,3386.56,0,99,5,0,0.21531,0,21.31573654,21.31573654,0
0,0,1,1,1,1,0.383357,0.382767,0.38335687,0.000589451,0
1540.64,10435.82,22,25,20,7,1.908496,2.163674,47.71240489,0.111586115,0
2127.87,6110.79,22,35,6,8,0.375344,0.596639,13.1370308,0.010970125,0
4.09,0.17,3,2,2,3,1000.5,666.999528,2001,0.001414909,0
32.93,5909.25,32,46,5,1,0.672044,0.965171,30.91404523,0.028571458,0
2.89,0,3,2,2,3,1000.5,666.999528,2001,0.001414909,0
0,0,1,1,1,1,10,9.9978,10,0.0022,0
11.88,23702.92,5,5,5,1,8,7.999337,40,0.003316329,0
0,0,1,1,1,1,0.336246,0.335805,0.33624578,0.000441,0
6721.04,11363.65,102,32,14,37,138.475386,43.442336,4431.212343,0.094034742,0
8351.97,8391,94,19,5,26,59.203845,21.682049,1124.87305,-913.2395353,0
2.04,0.11,3,2,2,3,1000.5,666.999528,2001,0.001414909,0
17974.53,2539.9,21,3,2,6,5.366642,0.771071,16.09992656,-0.09257344,0
56444.67,29463,7,2,1,4,5.0025,1.427157,10.005,0.0149,0
0,0,1,1,1,1,0.2395,0.238996,0.2395,0.000504,0
158.07,0.21,2,2,2,2,50.5,50.499508,101,0.000984218,0
0,0,1,1,1,1,1,0.999559,1,0.000441,0
0,1731.36,0,786,16,0,62.264013,0,48939.51416,48939.51416,0
86772.18,0,2,1,1,2,2.095936,1.047527,2.09593615,0.000882,0
8.36,6781.78,19,27,1,1,0.843916,1.198468,22.78573632,0.014846941,0
0,16355.46,0,14,4,0,1.215699,0,17.01979,17.01979,0
105.38,5072.49,100,215,3,1,0.383852,0.824005,82.52811137,0.127604009,0
5.8,2342.44,9,9,2,9,87.694444,87.693986,789.25,0.004122228,0
162.06,0.53,2,2,2,2,50.5,50.499508,101,0.000984218,0
5376.12,6846,14,10,10,10,0.051364,0.035876,0.513643619,0.011381407,0
0,1070.04,0,187,5,0,1.123439,0,210.0830185,210.0830185,0
7623.54,0,3,1,1,3,14.0759,4.691,14.0759,0.0029,0
11917.98,8716.29,5,3,2,2,0.715789,0.429053,2.14736737,0.00210002,0
0,3094.73,0,74,3,0,0.954606,0,70.64084446,70.64084446,0
0,0,1,1,1,1,1,0.999431,1,0.000569273,0
97.93,12.38,3791,6209,1050,2145,15.430985,25.030853,95810.98633,919.0207186,0
109.13,0,3,1,1,3,101,33.666176,101,0.001473262,0
2.26,0.51,3,2,2,3,1000.5,666.999528,2001,0.001414909,0
3.14,1032.62,3,3,1,3,4.995,4.99453,14.985,0.001410374,0
20.41,3366.34,32,32,2,1,0.05615,0.054872,1.796790685,0.040883305,0
89.08,265.63,4,2,2,3,1.046125,1.0028,2.09225001,-1.91895,0
15849.09,19581.74,32,15,12,13,2.677578,1.250765,40.16366454,0.139195466,0
13.82,488.07,1117,1127,2,1,3.87359,3.907641,4365.536398,0.70104995,0
16331.18,5037,10,42,2,1,0.355555,1.492805,14.93331576,0.005268792,0
3.49,0,3,2,2,3,1000.5,666.999528,2001,0.001414909,0
32.14,33667.32,30,31,1,1,0.621431,0.640718,19.26435334,0.04282504,0
2002.88,41414.91,3,10,4,1,0.095924,0.294063,0.95923593,0.07704593,0
42254.18,50219.08,12,6,4,8,4.57483,4.448662,27.44897757,-25.9349691,0
10.12,5456.04,174,183,2,2,0.083714,0.087013,15.31967936,0.1793945,0
544.56,26.82,11,3,2,3,1.699667,0.501182,5.099,-0.414,0
0,1947.1,0,164,4,0,0.748036,0,122.6778475,122.6778475,0
9.95,4089.39,64,65,4,1,0.088644,0.089264,5.761864154,0.0489526,0
159.53,0.33,2,2,2,2,50.5,50.499508,101,0.000984218,0
4405.38,1576.16,76,307,8,5,4.178371,16.877875,1282.759965,0.041478023,0
37.58,817.22,421,1363,2,1,0.271168,0.876386,369.6024306,0.643833225,0
3.33,0,3,2,2,3,1000.5,666.99939,2001,0.001830667,0
0,5832.88,0,22,2,0,0.148824,0,3.274129074,3.274129074,0
0,0,1,1,1,1,5.499448,5.498662,5.49944786,0.00078606,0
158.58,0.99,2,2,2,2,50.5,50.499508,101,0.000984218,0
15.08,0,3,1,1,3,101,33.666149,101,0.001554,0
5.17,313.96,4,4,2,4,2.10816,2.107676,8.432639245,0.001935454,0
0,0,1,1,1,1,10,9.99938,10,0.00062,0
744,1675.05,43,618,12,27,0.543435,5.409583,335.8429391,103.2308764,0
4143.14,2443,193,64,19,91,12.550453,4.632431,803.2290165,-90.8301835,0
0,2801.23,0,114,2,0,0.276491,0,31.51992278,31.51992278,0
15.95,1316.46,10,10,3,1,2.464231,2.463467,24.64231473,0.00764956,0
105.97,0,3,1,1,3,101,33.666179,101,0.001464437,0
22.62,0,3,1,1,3,101,33.666149,101,0.001554,0
0,0,1,1,1,1,0.04287,0.04225,0.04287002,0.00062,0
6158.39,3015.72,18,149,8,2,13.9793,115.716802,2082.915688,0.01324426,0
13.93,0.33,5,2,2,5,50.5,20.199471,101,0.002646,0
151.89,93974.05,16,10,9,12,0.753296,0.470469,7.53296424,0.00546404,0
0,0,1,1,1,1,1.998714,1.998242,1.998714,0.000471636,0
120887.91,0,3,0,0,3,0,0.002375,0,-0.00712418,0
2.68,3129.07,48,48,1,1,0.244623,0.244203,11.74191767,0.02016,0
6.72,55654.94,4,4,2,1,29.5225,29.521441,118.09,0.004235962,0
1.46,0.97,3,2,2,3,1000.5,666.999528,2001,0.001414909,0
6.31,2405.8,12,12,1,12,1.002377,1.001941,12.0285287,0.005232318,0
206,5686.24,63,144,3,4,3.801252,8.68808,547.380302,0.031236763,0
0,0,1,1,1,1,0.063471,0.061271,0.06347118,0.0022,0
0,22164.54,0,6,2,0,17,0,102,102,0
158.28,0.63,2,2,2,2,50.5,50.499286,101,0.001428506,0
0.74,2441.12,15,15,1,2,0.051229,0.050389,0.768442304,0.0126,0
0,0,1,1,1,1,8.985448,8.983248,8.98544843,0.0022,0
118.57,24.42,2,2,1,2,3.417,3.416328,6.834,0.001344,0
2357.49,4522.05,37,122,5,24,2.28292,7.52667,278.5162455,0.029459049,0
26.07,9429.17,24,60,6,1,0.477675,1.193467,28.66047506,0.01727881,0
24.81,0.05,3,2,2,3,50.5,33.666163,101,0.001512,0
5.82,2913.52,132,133,3,1,0.223223,0.224254,29.68870141,0.087141798,0
4935.23,30930.93,9,23,3,5,0.912546,2.33126,20.98855414,0.007214132,0
0,1250.7,0,154,4,0,0.916356,0,141.1187586,141.1187586,0
0,0,1,1,1,1,24.33002,24.326767,24.33002,0.00325311,0
5.32,24418.59,13,14,4,1,0.916903,0.985138,12.83663999,0.02985092,0
162.38,0.63,2,2,2,2,50.5,50.499508,101,0.000984218,0
66.4,8028.97,85,85,2,1,1.106112,1.105422,94.0195251,0.05866595,0
19.64,8306.18,123,143,7,2,3.464111,4.026119,495.3678225,0.155188017,0
158.58,0.69,2,2,2,2,50.5,50.499508,101,0.000984218,0
107.27,0.54,3,2,2,2,50.5,33.666171,101,0.001488218,0
5.84,39613.11,4,4,4,1,19.75,19.747445,79,0.01022197,0
1026.63,3728.7,2,3,1,1,2.667,4.000248,8.001,0.00050402,0
28447.25,25061.24,9,15,8,9,4.805181,8.008346,72.07771845,0.002604,0
155.27,0,2,1,1,2,101,50.499508,101,0.000984218,0
24.84,1817.86,103,442,4,3,0.247743,1.062393,109.5022367,0.075742336,0
4019.96,6116.54,18,16,9,12,271.302552,241.712,4340.840831,-9.975169471,0
2.73,15321.4,3,3,3,1,0.735568,0.735081,2.206703236,0.001459281,0
23.46,0.44,3,2,2,3,50.5,33.666148,101,0.001555573,0
171.3,4123.14,503,360,67,4,1.231301,0.882884,443.2685076,-0.822110345,0
0,0,1,1,1,1,1.075191,1.074687,1.07519116,0.000504,0
437.64,5099.53,11,53,3,1,0.965147,4.643105,51.15277696,0.078624955,0
0,5496.48,0,11,2,0,18.372138,0,202.0935217,202.0935217,0
1466.55,3114.5,529,133,39,261,12.942812,3.258579,1721.394023,-2.394077475,0
19616.49,25575.8,14,29,9,2,7.959846,16.487794,230.8355351,0.006413051,0
0,3147.89,0,136,10,0,0.55766,0,75.84180145,75.84180145,0
0,0,1,1,1,1,8.51129,8.510167,8.5112895,0.001122944,0
4372.96,5189.23,55,145,59,7,0.082422,0.216047,11.95117312,0.068614093,0
6.96,0.27,3,2,2,3,1000.5,666.999528,2001,0.001414909,0
3.1,21054.31,22,23,2,2,0.193582,0.201962,4.452395809,0.009240009,0
0,0,1,1,1,1,12.149191,12.148571,12.14919073,0.00062,0
398.44,9139.68,98,99,6,4,0.12123,0.122286,12.00181119,0.017770824,0
35.08,991.82,869,984,6,1,1.571703,1.778684,1546.55529,0.878588513,0
0,0,1,1,1,1,30,29.996747,30,0.00325311,0
22.75,0,3,1,1,3,101,33.666149,101,0.001554,0
38.72,19405.13,6,6,4,6,10.328948,10.32843,61.973688,0.003108,0
2.62,4517.86,2,2,2,1,0.509221,0.508801,1.01844123,0.00084,0
2.49,0.04,4,2,2,3,1000.5,500.249424,2001,0.002302304,0
0,2087.6,0,136,5,0,0.519056,0,70.591589,70.591589,0
12.23,14730.85,6,6,2,1,1.102061,1.101552,6.61236777,0.003053961,0
42.74,1843.29,4,3,3,2,6.390666,4.792514,19.17199755,0.0019404,0
7.69,5186.45,193,194,9,2,0.76786,0.771008,148.9649355,0.160366482,0
1.24,0.68,3,2,2,3,1000.5,666.999528,2001,0.001414909,0
325.46,428.41,860,725,173,187,15.840473,13.396333,11484.34324,-36.50320897,0
3617.11,5264.84,46,85,7,3,3.717385,6.86857,315.9777093,0.023473128,0
22.26,0,3,1,1,3,101,33.666149,101,0.001554,0
328.35,167339.02,9,5,5,7,1.029705,0.571803,5.14852537,0.00230189,0
811.84,184739.71,6,4,4,5,13.785547,9.189706,55.14218626,0.00395242,0
47303.95,11540.73,15,11,7,10,0.768303,0.561242,8.451330625,0.032702132,0
2623.28,21547.93,49,17,4,20,14.174738,15.727675,240.9705446,-529.6855354,0
109.8,6144.1,164,173,38,9,1.658946,1.749254,286.9977154,0.120071175,0
19.38,1756.89,563,683,9,3,1.243084,1.507,849.0261633,0.585366996,0
0,0,1,1,1,1,15.37,15.355,15.37,0.015,0
0,1349.46,1,2,2,1,3.1,6.19,6.2,0.01,0
0,2180.52,0,104,3,0,0.173259,0,18.01892742,18.01892742,0
56.72,68.58,210,9790,44,4,1.35839,61.647869,13298.64241,352.5899157,0
6.17,2924.13,132,137,5,1,4.212649,4.3706,577.1328661,0.213636456,0
102.86,515.05,684,1091,7,3,1.163539,1.855418,1269.420599,0.314530549,0
2.45,29552.7,4,4,4,1,9.962676,9.962219,39.85070258,0.001825883,0
0,1034.52,0,4,3,0,0.997799,0,3.991197,3.991197,0
18.32,753.23,1275,749,5,1275,11.058585,6.496044,8282.880055,0.424533158,0
0,0,1,1,1,1,0.23308,0.232576,0.23308,0.000504,0
527.28,3695.03,73,41,22,56,5.357311,3.008475,219.6497441,0.031054392,0
3741.85,7306.26,183,45,20,41,19.391515,5.029541,872.6181728,-47.78782723,0
0.89,13499.56,24,24,5,3,0.104353,0.103495,2.504464736,0.02058,0
0,0,1,1,1,1,6.2,6.19938,6.2,0.00062,0
23.21,0,3,1,1,3,101,33.666149,101,0.001554,0
39.73,556.78,1477,1549,5,1,1.654016,1.733252,2562.070035,2.056355456,0
1534.73,3236.8,471,81,20,107,0.671201,0.162189,54.36726024,-22.02372278,0
13.36,5741.62,24,26,4,3,4.608057,4.991204,119.8094694,0.02058,0
84.78,10603.94,56,57,2,3,0.071329,0.071777,4.065733489,0.0462,0
0,1501.87,0,151,4,0,0.513681,0,77.5657633,77.5657633,0
6.06,16754.43,12,16,7,1,1.447649,1.928374,23.16238215,0.02189766,0
2632.45,3016.93,86,33,9,34,0.606398,0.257826,20.01112739,-2.161947872,0
13994.89,16104.56,26,36,10,11,37.673353,8.47636,1356.240715,1135.855351,0
2.66,32791.99,9,9,5,1,12.119282,12.118685,109.073537,0.005376205,0
11266.76,7397.6,93,44,11,43,16.454603,13.971066,724.0025521,-575.3065856,0
3848.67,3740.95,130,49,7,57,1.200682,0.462046,58.83344115,-1.232558846,0
589.04,1637.28,31,70,2,16,0.344736,0.777935,24.13152637,0.015553263,0
2.33,5.74,2,2,1,2,2.4975,2.497028,4.995,0.000943273,0
0,3106.57,0,73,5,0,3.985042,0,290.908077,290.908077,0
164.14,0.82,2,2,2,2,50.5,50.499487,101,0.001026218,0
2318.48,997.85,3,4,1,2,1.346607,1.793333,5.386427526,0.006427526,0
56.4,27.42,3,3,1,1,0.086091,0.085516,0.258273612,0.001726783,0
7.7,83351.43,4,4,2,1,1.72328,1.719267,6.89312,0.01605078,0
0,0,1,1,1,1,0.867264,0.866644,0.86726367,0.00062,0
384.71,1489.7,47,106,5,2,0.453428,1.021754,48.06340369,0.040962962,0
0,17734.03,0,8,5,0,5.696269,0,45.57015453,45.57015453,0
1112.15,1644.37,259,261,3,2,0.328026,0.3301,85.61467291,0.118807207,0
0,0,1,1,1,1,28.5,28.499496,28.5,0.000504,0
0,3.68,1,2,2,1,0.757534,1.514649,1.515068702,0.00042002,0
20.65,0,3,1,1,3,101,33.666149,101,0.001554,0
0,2984.89,0,138,9,0,0.241027,0,33.26167886,33.26167886,0
162.87,0.82,2,2,2,2,50.5,50.499487,101,0.001026218,0
0,1941.17,0,129,2,0,0.330406,0,42.6223537,42.6223537,0
19.34,3750.19,355,404,4,3,0.913549,1.038944,369.0738973,0.248916645,0
458.26,14480.93,12,5,3,7,6.570193,2.802187,32.85096737,-0.775276458,0
21.56,0,3,1,1,3,101,33.666149,101,0.001554,0
2865.2,5363.26,11,10,5,8,7.394164,6.721514,73.94164048,0.00499026,0
3.59,6475.49,8,8,1,1,2.2825,2.281002,18.26,0.01198539,0
0,0,0,1,1,0,2.505,0,2.505,2.505,0
0,1489.94,0,135,3,0,0.764165,0,103.1623354,103.1623354,0
0,864.43,1,3,3,1,0.704429,2.112867,2.11328693,0.00042002,0
6.56,3594.39,9,16,11,1,0.883845,1.57057,14.1415179,0.0063894,0
0,2189.64,0,6,2,0,1.531667,0,9.19,9.19,0
0,4611.09,0,35,6,0,0.73805,0,25.83175271,25.83175271,0
2450.77,139085.76,15,7,6,9,3.716771,5.562434,26.0174,-57.41910975,0
5122.64,6304.38,95,79,38,58,19.741078,16.525474,1559.545182,-10.3748181,0
7.13,9757.95,5,5,5,5,1.841273,1.84076,9.20636516,0.002565297,0
14803.55,5499.13,33,29,14,22,33.374834,29.004863,967.8701937,10.70971451,0
23.85,0.25,3,2,2,3,50.5,33.666152,101,0.001544256,0
105.58,3.21,3,2,2,3,50.5,33.666165,101,0.001506437,0
10.51,44617.85,4,4,4,1,1.975701,1.974549,7.90280297,0.00460815,0
5590.13,185070.13,4,3,3,4,0.61617,0.459297,1.84851057,0.01132163,0
12.56,5605.32,7,7,4,1,0.343808,0.343111,2.40665392,0.004878029,0
85.59,6223.45,102,207,5,2,21.684511,44.005844,4488.69386,0.097773747,0
1.78,44235.77,3,3,3,1,0.659874,0.659298,1.979622,0.001728697,0
0,2929.51,0,109,3,0,0.224053,0,24.4217523,24.4217523,0
165.62,0,2,2,2,2,50.5,50.499487,101,0.001026218,0
0,17648.84,0,3,3,0,7.252967,0,21.75889982,21.75889982,0
94.82,9866.05,26,26,1,6,0.977194,0.976289,25.40704168,0.02352,0
28292.42,1095.71,7,6,1,1,3.946679,3.38236,23.68007533,0.003553381,0
162.62,0,2,1,1,2,101,50.499508,101,0.000984218,0
23.13,0,3,1,1,3,101,33.666149,101,0.001554,0
21.86,3.3,3,2,2,3,50.5,33.666149,101,0.001554,0
4.25,22.68,4,4,1,3,1.3875,1.387059,5.55,0.001764,0
3.58,0,3,2,2,3,1000.5,666.999528,2001,0.001414909,0
0,0,0,1,1,0,2,0,2,2,0
2.86,0.42,3,2,2,3,1000.5,666.999528,2001,0.001414909,0
0,2792.55,0,82,5,0,0.34757,0,28.5007486,28.5007486,0
160.2,0.33,2,2,2,2,50.5,50.499508,101,0.000984218,0
158.21,0,2,1,1,2,101,50.499491,101,0.00101837,0
16.55,0,4,1,1,3,101,25.249475,101,0.0021,0
160.92,0.21,2,2,2,2,50.5,50.499508,101,0.000984218,0
0,0,1,1,1,1,11.703693,11.703073,11.70369311,0.00062,0
0,9402.27,0,31,4,0,0.715128,0,22.16897146,22.16897146,0
14828.94,27625.8,22,10,6,13,6.815986,3.856727,68.15985707,-16.68814293,0
30.08,1878.95,97,101,2,2,0.11506,0.119385,11.62108748,0.040761,0
3.15,0.61,101,3,3,101,3333.666667,99.019293,10001,0.05145,0
0,0,1,1,1,1,1,0.996956,1,0.00304422,0
219.3,7561.24,2,2,1,2,0.995,0.9945,1.99,0.001,0
4434.64,6013.03,130,63,36,72,3.289908,1.686491,207.2642304,-11.97960456,0
1.47,0.51,4,2,2,4,1000.5,500.249528,2001,0.001886545,0
0,0,1,2,2,1,5,9.999528,10,0.000471636,0
9608.52,16079.1,63,28,11,28,1.74005,0.851778,48.72141371,-4.940630481,0
6909.95,0,5,1,1,3,0.999454,0.5676,0.999454,-1.838546,0
836.31,351.33,469,2201,6,20,0.955553,4.482547,2103.171403,0.856703774,0
0,27.73,0,2463,5,0,0,0,0,0,0
33.38,0,3,1,1,3,101,33.666163,101,0.001512,0
9.31,1074.15,334,590,3,3,0.641123,1.131863,378.2622822,0.219874042,0
105.74,0,3,1,1,3,101,33.666179,101,0.001464437,0
6.5,7763.23,10,10,1,10,0.085066,0.084493,0.850662579,0.005729231,0
125.37,1698.02,334,384,4,1,0.707451,0.811555,271.6610896,0.601602445,0
11294.81,1479.52,63,6,3,2,8.716276,0.826968,52.2976539,0.1986539,0
0,1110.72,1,2,2,1,1.619971,3.239,3.23994205,0.00094205,0
0,2350.37,0,124,3,0,0.245004,0,30.38046637,30.38046637,0
0,25194.76,0,9,3,0,3.166568,0,28.49911075,28.49911075,0
21.94,0,3,1,1,3,101,33.666149,101,0.001554,0
0,0,1,1,1,1,10,9.99938,10,0.00062,0
161.25,0.63,2,2,2,2,50.5,50.499508,101,0.000984218,0
1.51,0,3,2,2,3,1000.5,666.99939,2001,0.001830667,0
1942.68,3369.69,112,126,98,89,67.549869,75.992991,8511.283479,0.06847929,0
0,0,1,1,1,1,3,2.996956,3,0.00304422,0
22.36,0,3,1,1,3,101,33.666149,101,0.001554,0
19.81,0,3,1,1,3,101,33.666149,101,0.001554,0
15103.09,21665.85,48,12,7,23,2.060951,0.489839,24.7314133,1.21913203,0
6826.54,5077.15,50,4,3,18,0.965757,0.114656,3.863029,-1.869781373,0
0,0,1,1,1,1,0.75,0.749528,0.75,0.000471636,0
22.18,0,3,1,1,3,101,33.666149,101,0.001554,0
31570.05,31266.26,4,7,5,4,1.48654,1.917125,10.40577962,2.737279984,0
10858.34,7498.62,59,29,14,31,24.858752,12.215537,720.9038,0.1871,0
0,0,0,1,1,0,0.066073,0,0.06607281,0.06607281,0
4968.25,6809.68,143,14,5,14,7.989226,0.875874,111.8491706,-13.40082942,0
603.77,10716.75,14,14,14,1,4.871429,4.870707,68.2,0.01010162,0
0,56.07,1,3,1,1,0.036333,0.105956,0.109,0.00304422,0
31.76,0,2,1,1,2,101,50.499475,101,0.00105,0
4471.98,603.16,6,2,2,3,2.88,1.457439,5.76,-2.98463284,0
12.06,6.38,9992,8,5,132,2.37375,0.789347,18.99,-7868.163424,0
23.23,0,3,1,1,3,101,33.666149,101,0.001554,0
0,0,1,1,1,1,2.129898,2.129457,2.12989756,0.000441,0
158.96,0,2,1,1,2,101,50.499508,101,0.000984218,0
0,3210.03,0,60,4,0,0.400353,0,24.02119871,24.02119871,0
0,0,1,1,1,1,0.407916,0.407444,0.40791607,0.000471636,0
0,0,1,1,1,1,3.077284,3.076664,3.07728387,0.00062,0
159.5,0.63,2,2,2,2,50.5,50.499286,101,0.001428506,0
4260.71,172236.02,9,4,4,6,1.692677,0.751879,6.77070994,0.00379764,0
1505.99,815.8,17,14,7,11,0.781516,0.64278,10.94122746,0.013961129,0
1918.25,1657.68,44,454,12,6,3.9463,40.718163,1791.620145,0.020952925,0
1.27,0,3,2,2,3,1000.5,666.999528,2001,0.001414909,0
6915.64,9600.76,42,19,9,25,6.393007,2.89109,121.467128,0.041328049,0
3.81,0,3,2,2,3,1000.5,666.999528,2001,0.001414909,0
29.48,15.75,3351,6649,2372,1741,0.731565,1.449984,4864.173899,5.277531419,0
163.97,0,2,1,1,2,101,50.499286,101,0.001428506,0
165.15,0.82,2,2,2,2,50.5,50.499487,101,0.001026218,0
21.39,0,3,1,1,3,101,33.666149,101,0.001554,0
31553.72,6795.01,10,16,10,4,1.668032,2.865441,26.68851867,-1.96589145,0
4.61,4292.25,147,147,2,1,0.154591,0.154048,22.72494289,0.079954236,0
4.55,0.57,2,2,1,2,3.75,3.749528,7.5,0.000943273,0
0,0,1,1,1,1,22,21.99938,22,0.00062,0
0,50.94,0,9999,1625,0,4.491976,0,44915.26672,44915.26672,0
3.8,21915.69,2,2,2,1,21.627907,21.626993,43.25581395,0.00182791,0
15903.66,1424.53,13,65,4,8,0.929749,4.645655,60.43368237,0.04016767,0
0,2114.72,0,151,4,0,0.938593,0,141.7275967,141.7275967,0
0,3712.46,0,3,3,0,5.006842,0,15.02052563,15.02052563,0
0,4812.78,0,11,3,0,30.623053,0,336.853578,336.853578,0
34.8,0,3,1,1,3,101,33.666163,101,0.001512,0
17.51,0,4,1,1,4,101,25.249475,101,0.0021,0
5.5,65823.31,7,7,6,2,9.686571,9.685547,67.806,0.00717217,0
0,82.97,0,2,2,0,4.576028,0,9.15205674,9.15205674,0
0,1413.2,0,137,4,0,0.36454,0,49.94196281,49.94196281,0
35970.58,6205.11,10,3,3,9,0.271663,0.080359,0.81499029,0.011395703,0
0,0,1,1,1,1,0.847878,0.847406,0.84787778,0.000471636,0
108.63,0.04,3,17,17,3,5.941176,33.666179,101,0.001464437,0
0,4546.14,0,29,4,0,22.798565,0,661.1583841,661.1583841,0
0,1541.95,0,4,1,0,0,0,0,0,0
3280.46,6720.25,120,91,21,45,0.418392,0.357618,38.07364707,-4.840531192,0
0,0,1,1,1,1,0.181754,0.166754,0.18175425,0.015,0
44.96,39.41,1582,8418,674,917,2.300673,12.216144,19367.0628,41.12293074,0
0,0,1,1,1,1,0.066339,0.065719,0.06633939,0.00062,0
32537.18,27683.59,10,4,3,7,7.280999,3.711631,29.12399468,-7.99231132,0
0,5.57,0,9999,2970,0,7.00E-05,0,0.7,0.7,0
3149.17,6757.83,8,14,4,4,2.284925,3.998145,31.988945,0.003788115,0
0,44.55,1,2,2,1,0.356695,0.71295,0.71339051,0.000441,0
13.57,10125.4,63,63,3,1,0.609298,0.608804,38.38580449,0.031128858,0
164.39,0,2,1,1,2,101,50.499508,101,0.000984218,0
23.43,0,3,1,1,3,101,33.666149,101,0.001554,0
3.24,2.22,99,2,2,99,5000.5,101.019693,10001,0.050442,0
163.77,0,2,1,1,2,101,50.499508,101,0.000984218,0
23.13,0,3,1,1,3,101,33.666149,101,0.001554,0
4917.3,30.51,8,2,1,8,0.45,0.11208,0.9,0.00336002,0
0,0,1,1,1,1,0.317569,0.316949,0.31756931,0.00062,0
1.17,0.42,3,2,2,3,1000.5,666.999528,2001,0.001414909,0
4764.11,48094.6,10,7,4,8,5.256269,4.094776,36.79387989,-4.153883125,0
164.38,0.21,2,2,2,2,50.5,50.499246,101,0.00150753,0
0,0,1,1,1,1,0.202113,0.201641,0.20211256,0.000471636,0
22.83,20.72,8,13,1,8,19.550893,31.769706,254.1616084,0.003959793,0
2.25,0,4,2,2,4,1000.5,500.249528,2001,0.001886545,0
0,0,1,1,1,1,1.04,1.039496,1.04,0.000504,0
7.27,9857.04,7,7,7,1,3.6,3.599262,25.2,0.00516327,0
0,491.75,0,509,6,0,1.292206,0,657.7330717,657.7330717,0
0,7007.89,0,15,5,0,122.122289,0,1831.834338,1831.834338,0
1771.31,31027.58,8,8,1,3,0.899462,0.89904,7.1956998,0.00338101,0
3930.91,9630.32,139,27,11,51,57.381743,24.201827,1549.307067,-1814.746933,0
159727.26,11178.34,3,23,17,1,56.520299,100,1299.966871,999.9668708,0
161.23,0,2,1,1,2,101,50.499508,101,0.000984218,0
2.61,2355.97,32,34,1,1,0.071885,0.075958,2.444105804,0.013440004,0
1525.92,10099.72,4,4,2,1,7.255,7.254764,29.02,0.00094501,0
12.3,4428.66,166,170,8,1,3.425721,3.506062,582.3726341,0.366363819,0
0,0,1,1,1,1,2.232886,2.232266,2.2328863,0.00062,0
0,0,1,1,1,1,150,149.999528,150,0.000471636,0
161.74,0.82,2,2,2,2,50.5,50.499487,101,0.001026218,0
8313.48,0,2,1,1,2,0.49375,0.246265,0.49375,0.001220457,0
20714.88,5952.94,46,29,7,11,90.014073,60.105092,2610.408115,-154.4260975,0
0,1938.08,0,117,3,0,0.525431,0,61.47547531,61.47547531,0
17.27,0,3,1,1,3,101,33.665988,101,0.002035312,0
89647.51,7007.61,2,2,2,2,0.108816,0.108375,0.21763293,0.000882,0
2.74,0,3,2,2,3,1000.5,666.999528,2001,0.001414909,0
81.09,4424.01,34,38,3,1,0.099483,0.110522,3.78035418,0.02259165,0
0,13377.01,0,14,4,0,20.878218,0,292.295046,292.295046,0
0,0,1,1,1,1,0.723476,0.723056,0.72347631,0.00042,0
159.65,0.5,2,2,2,2,50.5,50.499508,101,0.000984218,0
3750.4,3902.49,12,18,7,4,2.224262,3.335949,40.03671954,0.005334,0
6.94,19424.54,6,6,6,1,1.273265,1.27251,7.63958742,0.004527858,0
162.55,0,2,1,1,2,101,50.499508,101,0.000984218,0
3.22,5201.18,237,249,2,2,1.056043,1.108884,262.9547352,0.149212186,0
0,0,1,1,1,1,0.21,0.20916,0.21,0.00084,0
0.57,25465.52,4,4,2,1,0.660726,0.659886,2.642903799,0.00336,0
10772.79,1285.01,10,13,4,7,9.597765,12.476281,124.770941,0.008131083,0
0,44165.06,0,2,2,0,15,0,30,30,0
7618.05,7158.56,25,19,16,14,2.821239,2.143026,53.6035497,0.027888713,0
29.19,47805,8,8,7,1,0.255531,0.252826,2.0442497,0.02164219,0
162.87,0.82,2,2,2,2,50.5,50.499487,101,0.001026218,0
0,1063.57,0,166,7,0,0.263904,0,43.80804044,43.80804044,0
156.18,0,2,1,1,2,101,50.499508,101,0.000984218,0
110.44,0.02,3,2,2,2,50.5,33.665822,101,0.002534842,0
3.75,20867.01,5,6,4,1,6.991478,8.389327,41.94886819,0.002230847,0
6170.18,23165.29,35,13,9,17,0.582927,0.234969,7.578057405,-0.64585469,0
0,1655.13,0,137,3,0,0.19327,0,26.47799466,26.47799466,0
34.48,1442.36,381,381,1,1,0.290948,0.293562,110.851282,-0.995919627,0
0,1.14,0,9999,1,0,0,0,0,0,0
8.68,4050.25,25,27,20,1,8.435214,9.10937,227.7507787,0.01653956,0
83.21,165.62,9277,727,374,5570,101.35639,7.884382,73686.09561,542.6796545,0
0,0,1,1,1,1,1.285959,1.285365,1.285959,0.000594055,0
0,28346.25,0,8,4,0,5.478752,0,43.83001981,43.83001981,0
0,1679.74,0,135,4,0,0.662337,0,89.41544185,89.41544185,0
161.24,0.3,2,2,2,2,50.5,50.499508,101,0.000984218,0
0,44163.02,0,2,2,0,70,0,140,140,0
0,0,1,1,1,1,0.0772,0.076728,0.0772,0.000471636,0
161.78,0.84,2,2,2,2,50.5,50.499508,101,0.000984218,0
25.07,351.84,1631,1674,3,1,0.434117,0.452011,726.712571,-10.51792646,0
159.64,0.39,2,2,2,2,50.5,50.499508,101,0.000984218,0
0,0,1,1,1,1,1.000509,1.000089,1.000509186,0.000420006,0
2.52,0.51,3,2,2,3,1000.5,666.999528,2001,0.001414909,0
0,0,1,1,1,1,0.3318,0.33118,0.33179994,0.00062,0
18.48,1097.24,546,568,2,1,0.120038,0.123219,68.18163026,0.904202727,0
0,2257.23,0,173,7,0,2.000482,0,346.083386,346.083386,0
82.8,0.02,4,2,2,2,50.5,25.24947,101,0.002118218,0
161.34,0.84,2,2,2,2,50.5,50.499508,101,0.000984218,0
47.61,3467.68,6286,27,18,21,10.8537,0.148446,293.0498958,-640.0812502,0
158.97,1.17,2,2,2,2,50.5,50.499286,101,0.001428506,0
3.77,51421.98,5,5,5,1,0.27712,0.275765,1.3856,0.00677431,0
164.22,0.82,2,2,2,2,50.5,50.499487,101,0.001026218,0
0,0,1,1,1,1,1.232233,1.230033,1.23223348,0.0022,0
20588.52,5399.33,44,10,5,22,1.27538,0.374902,12.7538008,-3.74187174,0
0,2494.7,0,128,3,0,0.214597,0,27.46842671,27.46842671,0
24.26,2792.8,5,5,4,1,24.127981,24.127099,120.6399069,0.00441159,0
1.73,0.12,3,2,2,3,1000.5,666.999528,2001,0.001414909,0
9.94,3049.3,372,374,3,1,0.642807,0.644624,240.4098872,0.609583264,0
37977.81,9241.76,3,24,1,1,0.398271,3.185756,9.558513176,0.001246032,0
0,3726.89,0,199,5,0,0.925437,0,184.1620324,184.1620324,0
165.1,0,2,1,1,2,101,50.499508,101,0.000984218,0
5658.36,218.96,50,590,5,2,1.689301,19.932709,996.6875073,0.052073462,0
77.83,2271.79,354,408,5,2,0.808907,0.931421,330.0338813,0.310841896,0
66.63,7081.72,57,57,5,2,1.086914,1.086191,61.95411958,0.041211269,0
0,696.92,1,4,4,1,0.026431,0.105303,0.10572295,0.00042002,0
9164.18,1371.79,21,17,2,4,1.329055,1.077329,22.59393136,-0.029971524,0
0,5423.43,0,29,5,0,19.86889,0,576.1978118,576.1978118,0
17069.33,4865.25,36,36,27,6,11.21268,12.625406,403.6564856,-50.858137,0
3905.19,28297.95,10,26,6,3,6.624286,17.222207,172.231438,0.009367581,0
0,2111.7,0,138,3,0,0.41877,0,57.79029514,57.79029514,0
1686.26,1533.95,14,6,5,3,0.754152,0.322264,4.52491194,0.013213708,0
1457.31,34.12,3,13,10,3,1.348445,5.842916,17.52978485,0.0010374,1
3976.5,834.77,2,2,1,2,0.766892,0.766346,1.53378461,0.001092,1
112.9,31.87,2,3,3,1,0.439607,0.658948,1.31882,0.000924,1
2300.37,65.1,29,98,89,26,0.383225,1.314957,37.55604606,-0.577721002,1
0,0,0,0,0,0,0,0,0,0,1
59129.36,0,2,1,1,2,0.68,0.33965,0.68,0.0007,1
1819.9,638.12,2,8,7,2,0.343872,1.374626,2.75097468,0.001722,1
6556.08,255.89,8,5,4,8,23.40002,14.624572,117.0001,0.003528,1
0,0,0,0,0,0,0,0,0,0,1
0,0,0,1,1,0,0.000683,0,0.000683003,0.000683003,1
28504.65,104.43,15,22,21,13,9.10075,13.33,200.2164943,0.26649427,1
0,1460.98,1,22,15,1,1.456564,29.535269,32.04440777,2.509139,1
0,0,0,0,0,0,0,0,0,0,1
0,0,1,1,1,1,1,0.999538,1,0.000462,1
0,0,0,1,1,0,0.00154,0,0.00154,0.00154,1
0,5065.38,1,3,3,1,0.258731,0.775651,0.776194,0.000543,1
259.52,2.6,17,2,2,6,0.036675,0.003218,0.073349,0.01863537,1
0,0,0,0,0,0,0,0,0,0,1
0,0,1,1,1,1,0.5,0.499139,0.5,0.000861,1
0,24.43,1,2,2,1,1.75,3.499139,3.5,0.000861,1
0,269.49,1,21,21,1,0.815339,17.121073,17.12212329,0.00105,1
0,0,1,1,1,1,0.1,0.09845,0.1,0.00155,1
1226.72,1037.84,2,28,25,2,0.373209,5.223883,10.44986569,0.0021,1
0,8.97,1,2,2,1,1.043797,2.086733,2.0875939,0.000861,1
0,39557.38,0,5,3,0,0,0,0,0,1
0,3637.35,0,145,87,0,0.496212,0,71.95072335,71.95072335,1
3871.61,159.54,2,7,7,2,0.287483,1.004331,2.012379961,0.003717,1
1566.74,412.68,4,2,2,4,1.8895,0.943994,3.779,0.003024,1
3545.11,8300.42,40,24,21,28,0.450844,0.270272,10.82025598,0.009370107,1
0,0,1,1,1,1,4,3.994951,4,0.005049,1
9999.38,8870.62,32,21,14,32,1.02597,0.671358,21.54536359,0.061913592,1
0,0,0,0,0,0,0,0,0,0,1
5714.26,1151.26,13,15,12,6,1.81406,2.142332,27.21089717,-0.639419125,1
140.5,0,2,1,1,2,5,2.498469,5,0.00306262,1
0,0,1,1,1,1,0.001,0.0001,0.001,0.0009,1
13251.47,8664,14,11,10,11,0.366056,0.296909,4.026616943,-0.130108771,1
0,0,0,0,0,0,0,0,0,0,1
481.15,945.99,3,30,26,1,0.974037,9.739506,29.22109986,0.002583,1
0,629.46,1,2,2,1,0.062,0.1,0.124,0.024,1
0,0,0,0,0,0,0,0,0,0,1
935.49,288.71,12,41,39,10,1.24261,4.244608,50.94702061,0.01172004,1
0,5566.96,1,5,5,1,0.552226,2.759049,2.761128,0.002079,1
376.37,4554.35,3,4,4,2,0.408193,0.543613,1.63277051,0.001932,1
8921.53,538.88,8,103,101,5,6.07761,78.248789,625.9938806,0.003567522,1
0,442.24,1,15,14,1,2.71094,40.663235,40.66409608,0.000861,1
0,0,0,0,0,0,0,0,0,0,1
113084.05,0,2,1,1,2,1,0.498341,1,0.003318,1
2007.34,87.19,3,4,2,3,0.431776,0.566852,1.72710242,0.02654692,1
0,0,0,1,1,0,0.5,0,0.5,0.5,1
76.43,341.23,45,63,50,33,1.499907,3.396667,94.49412852,-58.35587148,1
21.68,369.91,4,16,16,2,1.071856,4.286585,17.14969723,0.00335615,1
0,0,0,0,0,0,0,0,0,0,1
0,0,0,0,0,0,0,0,0,0,1
0,1201.83,0,42,10,0,2.081817,0,87.4363053,87.4363053,1
0,0,0,0,0,0,0,0,0,0,1
11663.89,158.31,3,35,28,3,0.748651,8.733174,26.20278288,0.003259418,1
0,34540.87,0,5,3,0,0,0,0,0,1
0,0,0,0,0,0,0,0,0,0,1
0,290.22,1,2,1,1,0.434222,0.868234,0.86844351,0.00021,1
0,0,1,1,1,1,0.60078,0.599951,0.600780486,0.000829773,1
0,0,0,0,0,0,0,0,0,0,1
0,151.12,1,5,4,1,0.542196,2.709404,2.71097922,0.001575,1
0,0,1,1,1,1,0.469,0.468,0.469,0.001,1
0,0,0,0,0,0,0,0,0,0,1
0,885.96,1,10,10,1,0.997485,9.973989,9.97485007,0.000860992,1
272.57,1.46,5,10,2,5,0.308882,0.617689,3.088824,0.000378,1
0,0,0,0,0,0,0,0,0,0,1
0,162.45,1,51,48,1,1.042359,54.159873,53.16029303,-0.99958,1
0,58.82,1,14,13,1,1.793739,25.11148,25.11234109,0.000861,1
0,0,0,0,0,0,0,0,0,0,1
0,25120.67,0,7,4,0,0.012319,0,0.086235,0.086235,1
0,0,1,0,0,1,0,0.004941,0,-0.004940665,1
29.52,41.83,4,18,12,4,0.948817,4.269083,17.07869749,0.002365,1
0,488.94,1,18,14,1,0.970993,17.476816,17.47786609,0.00105,1
0,0.64,1,2,1,1,0.495,0.989139,0.99,0.000861,1
0,0,0,0,0,0,0,0,0,0,1
0,670.4,1,3,3,1,0.7,2.099139,2.1,0.000861,1
0,0,0,0,0,0,0,0,0,0,1
0,0,0,0,0,0,0,0,0,0,1
12054.27,165.88,3,11,11,1,2.564736,9.4,28.21209198,0.012091976,1
0,0,1,1,1,1,0.224823,0.224781,0.22482344,4.20E-05,1
0,339.31,1,31,22,1,0.681854,21.136607,21.1374684,0.000861,1
0,0,0,0,0,0,0,0,0,0,1
0,36573.85,0,5,3,0,0,0,0,0,1
0,253.45,0,7,7,0,3.287308,0,23.01115382,23.01115382,1
0,0,0,0,0,0,0,0,0,0,1
3630.22,485.07,2,4,4,1,1.110166,2.218557,4.44066254,0.003549,1
0,0,0,0,0,0,0,0,0,0,1
0,0,1,1,1,1,1.008441,1.00758,1.00844107,0.000861,1
0,118.22,1,29,26,1,1.042543,30.232895,30.23375643,0.000861,1
16041.76,35.14,4,2,1,2,1.015,0.507017,2.03,0.001932,1
0,4172.21,0,34,14,0,0.042647,0,1.45,1.45,1
0,10043.84,0,13,1,0,0,0,0,0,1
0,0,0,0,0,0,0,0,0,0,1
0,277.45,1,3,3,1,1.271735,3.814785,3.81520501,0.00042,1
2313.25,3942.93,54,28,28,45,0.104237,0.05337,2.918644235,0.036644235,1
0,363.87,0,4,4,0,4.217816,0,16.87126568,16.87126568,1
1333.22,676.44,8,11,11,7,3.534949,4.859694,38.88444183,0.006888,1
251.6,129.04,11,46,38,4,1.136948,4.753741,52.29961016,0.008463,1
0,0,0,0,0,0,0,0,0,0,1
0,1442.43,1,9,9,1,0.503103,4.526875,4.5279247,0.00105,1
1641.74,2103.12,10,148,137,4,1.429861,21.161505,211.6193783,0.004326,1
0,21.78,1,2,2,1,0.525,1.049139,1.05,0.000861,1
0,39685.76,0,5,4,0,0,0,0,0,1
24521.53,0,2,1,1,2,10000,4999.999559,10000,0.000882,1
2349.11,6278.84,3,7,7,1,0.514317,1.191015,3.600221939,0.02717787,1
0,4.9,1,2,1,1,1,1.999139,2,0.000861,1
0,0,1,1,1,1,0.050007,0.04,0.050006741,0.010006741,1
471.48,32.22,5,54,46,1,1.266724,13.679344,68.4031045,0.006384,1
0,0,0,0,0,0,0,0,0,0,1
0,26391.89,0,6,4,0,0,0,0,0,1
0,0.98,1,2,2,1,0.260983,0.519949,0.521965,0.002016,1
0,190.62,1,14,13,1,0.975157,13.1422,13.65219986,0.51,1
460.27,556.03,4,10,8,3,0.6998,1.748639,6.998,0.003444,1
0,0,0,0,0,0,0,0,0,0,1
0,178.55,0,84,17,0,2.367349,0,198.8572996,198.8572996,1
372.54,281.48,2,5,5,2,22.18337,55.45749,110.91685,0.001869966,1
0,0,0,0,0,0,0,0,0,0,1
0,0,1,1,1,1,0.9,1.399139,0.9,-0.499139,1
0,48.57,1,11,11,1,0.97607,10.734692,10.73677078,0.002079,1
964.04,608.44,3,6,6,1,2.007422,1,12.04453369,9.04453369,1
0,69.64,1,21,20,1,0.92896,19.537306,19.50816691,-0.029139,1
0,2087.3,1,13,10,1,0.857957,11.152582,11.15344316,0.000861,1
0,0,0,0,0,0,0,0,0,0,1
0,6.27,0,209,6,0,0.039024,0,8.156,8.156,1
0,0,0,0,0,0,0,0,0,0,1
2444.91,151554.95,10,6,6,8,2.662314,1.58965,15.97388553,0.07738654,1
0,0,0,1,1,0,0,0,0,0,1
19069.91,21.82,2,39,35,2,2.158984,42.09954,84.20036165,0.001281,1
0,464.88,1,2,2,1,3.2265,6.452349,6.453,0.000651,1
216.09,729.52,3,9,9,2,0.252699,1.424333,2.27429457,-1.99870543,1
16099.06,22095.44,3,7,5,3,0.98069,2.287667,6.86483216,0.00183216,1
0,1257.55,0,17,16,0,2.273025,0,38.64142832,38.64142832,1
0,25139.1,0,7,4,0,0,0,0,0,1
0,0,0,0,0,0,0,0,0,0,1
2873.37,1801.75,3,4,4,3,0.792408,1.056189,3.16963359,0.00106556,1
149.61,3.86,12,92,83,12,0.807712,6.816459,74.30950282,-7.48800387,1
0,0,0,0,0,0,0,0,0,0,1
0,921,0,9,9,0,1.947816,0,17.53034689,17.53034689,1
0,0,0,0,0,0,0,0,0,0,1
0,0,1,1,1,1,0.5,0.499139,0.5,0.000861,1
0,1084.31,1,3,3,1,0.539188,1.616704,1.617565,0.000861,1
871.89,227.56,3,6,5,3,0.687628,1.374837,4.1257702,0.00126,1
0,0,0,0,0,0,0,0,0,0,1
0,43.73,1,4,4,1,0.87875,3.51,3.515,0.005,1
699.85,1947.03,3,5,4,3,0.380472,0.631667,1.902360896,0.007360896,1
86123.77,370.55,2,3,3,2,0.222313,0.33131,0.66693852,0.00431852,1
0,0,0,0,0,0,0,0,0,0,1
0,0,0,0,0,0,0,0,0,0,1
1185.41,489.81,5,14,14,4,4.781156,13.386414,66.93618471,0.004116,1
0,0,0,0,0,0,0,0,0,0,1
37.2,1625.24,4,20,19,4,0.043915,0.113975,0.8783,0.4224,1
23488.73,33.36,2,36,26,2,1.330052,24.190072,47.88186504,-0.498278,1
0,0,0,1,1,0,0,0,0,0,1
277.88,749.25,24,27,18,24,1.006088,1.131162,27.16436814,0.01647814,1
0,0,1,1,1,1,18.488547,18.449088,18.4885468,0.0394588,1
0,0,0,0,0,0,0,0,0,0,1
3214.05,142.74,6,22,21,6,0.978455,3.587186,21.5260131,0.002898,1
3754.31,9279.18,5,15,15,5,0.499165,1.496764,7.48747245,0.003654,1
0,136.49,1,3,3,1,0.776979,2.320937,2.3309365,0.01,1
533.39,602.95,263,51,43,60,4.283776,1.26403,218.4725976,-113.9674024,1
0,6.77,1,4,4,1,0.076312,0.304199,0.30524875,0.00105,1
8338.44,939.88,2,6,5,2,0.857926,2.572918,5.147557175,0.001722,1
1545.2,109.99,2,6,5,2,1.78215,5.345588,10.69289851,0.001722,1
4965.17,1267.15,2,4,4,2,0.525,1.0475,2.1,0.005,1
0,40086.67,0,5,3,0,0,0,0,0,1
982.61,120999.23,4,5,5,2,0.056,0.069596,0.28,0.001617,1
9762.12,2011.82,2,16,11,2,1.293834,10.349105,20.70133944,0.003129,1
0,1.38,1,2,1,1,0.549798,1.098736,1.0995968,0.000861,1
0,100.96,1,8,7,1,0.710859,5.686013,5.686874247,0.000861,1
1326.29,1249.57,2,23,23,2,1.898926,21.825056,43.67529409,0.025183,1
0,0,0,0,0,0,0,0,0,0,1
303.96,269.18,28,8,7,25,2.96936,0.846656,23.75488264,0.048522,1
0,0,0,0,0,0,0,0,0,0,1
0,26091.16,0,6,4,0,0,0,0,0,1
0,0,0,0,0,0,0,0,0,0,1
832.46,2929.85,41,15,10,28,2.159841,0.73805,32.39761455,2.137549388,1
2256.87,144.31,5,14,14,4,0.460828,1.36923,6.4515906,-0.394559095,1
0,0,0,0,0,0,0,0,0,0,1
0,0,1,1,1,1,1,0.999139,1,0.000861,1
196.59,92.89,3,62,41,2,0.732913,15.145998,45.44057598,0.002583,1
0,494.21,0,118,10,0,0.033247,0,3.923124188,3.923124188,1
0,0,0,0,0,0,0,0,0,0,1
1353.66,116.58,3,7,7,2,0.590627,1.377009,4.13438561,0.00336,1
0,0,1,1,1,1,3.45,3.449559,3.45,0.000441,1
0,0,0,0,0,0,0,0,0,0,1
0,19.35,1,4,4,1,0.235847,0.943179,0.94338922,0.00021,1
0,291.72,1,3,3,1,0.963972,2.889836,2.891915352,0.002079,1
0,0,0,0,0,0,0,0,0,0,1
0,414.74,1,6,6,1,0.196077,2.37546,1.17645966,-1.199,1
0,0,0,0,0,0,0,0,0,0,1
104811.16,516.86,3,6,6,2,19.176333,38.351743,115.058,0.002772,1
0,62.06,0,19,15,0,4.466775,0,84.86871837,84.86871837,1
0,0,0,1,1,0,0,0,0,0,1
0,2338.4,1,4,4,1,0.296703,1.18,1.18681082,0.00681082,1
0,0,0,1,1,0,0.001,0,0.001,0.001,1
4824.6,13298.55,10,5,5,3,2.313,1.155501,11.565,0.009990512,1
9081.38,1517.85,3,6,6,3,0.552683,1.271172,3.3161,-0.497417,1
0,1060.76,1,7,6,1,0.802857,5.61914,5.62000108,0.000861,1
2894.21,31034.06,5,2,2,3,0.45,0.179517,0.9,0.002416,1
0,0,1,1,1,1,0.5,0.499559,0.5,0.000441,1
0,0,0,1,1,0,2,0,2,2,1
0,500.43,1,11,11,1,0.553008,6.08,6.08308935,0.00308935,1
22681.69,191.99,2,8,8,2,1.313578,5.253449,10.50862,0.001722,1
8563.19,9402.73,44,25,15,25,0.987036,0.351552,24.67589698,9.207616059,1
0,29.96,1,5,5,1,0.786308,3.930678,3.931539,0.000861,1
754.55,310.7,18,34,25,15,1.02946,1.943985,35.00165616,0.009933,1
0,0,1,1,1,1,0.647108,0.646247,0.6471082,0.000861,1
0,0,0,0,0,0,0,0,0,0,1
0,461.94,1,10,9,1,0.719692,7.196055,7.196916187,0.000861,1
0,9185.18,0,2,2,0,0,0,0,0,1
1698.96,79.34,20,11,9,5,1.188789,0.6525,13.07668287,0.026682869,1
5395.92,485.5,8,31,31,5,1.035253,4.077177,32.0928303,-0.52458676,1
4016.93,488.3,6,12,9,6,2.641091,5.281321,31.69309464,0.005166,1
0,74.46,1,5,4,1,0.243988,1.219079,1.21994012,0.000861,1
0,0,1,1,1,1,1,0.999559,1,0.000441,1
1876.78,3380.07,47,28,16,18,1.146477,0.682527,32.10136745,0.022617,1
0,679.5,1,5,4,1,0.85087,4.253348,4.25434791,0.001,1
34.78,929.23,8,4,3,3,3750.0015,700,15000.006,9400.006,1
2112.57,654.22,2,30,21,2,0.074467,1.398219,2.23402,-0.562418,1
995.25,0,4,1,1,2,0.004,0.000879,0.004,0.000483,1
0,0,0,1,1,0,0.13,0,0.13,0.13,1
279.4,277.57,3,25,16,2,1.201982,10.015654,30.04954484,0.002583,1
0,772.64,1,18,17,1,1.785601,32.14,32.14082037,0.00082037,1
0,0,0,0,0,0,0,0,0,0,1
0,30.72,1,20,20,1,0.528537,10.569697,10.57074679,0.00105,1
0,0,0,0,0,0,0,0,0,0,1
0,9078.7,0,2,2,0,0,0,0,0,1
8.85,3356.64,25,25,7,8,0.779333,0.778493,19.48332577,0.021,1
0,0,0,0,0,0,0,0,0,0,1
0,0,1,1,1,1,0.5,0.499,0.5,0.001,1
249.86,0,2,1,1,1,2,0.9995,2,0.001,1
511.66,1161.51,8,8,8,8,1.109494,1.106965,8.875952894,0.020229,1
0,29115.98,0,6,4,0,0,0,0,0,1
1504,332.21,2,2,2,2,5.5,5.4945,11,0.011,1
0,0,1,1,1,1,1.097322,1.096461,1.09732214,0.000861,1
414.83,202.59,3,29,22,1,1.227252,11.862574,35.59030426,0.002583,1
0,2747.18,0,69,6,0,0,0,0,0,1
0,0,0,0,0,0,0,0,0,0,1
0,35009.53,0,5,3,0,0,0,0,0,1
0,0,0,0,0,0,0,0,0,0,1
107.2,28.66,2,2,2,2,1,0.999842,2,0.000315,1
0,24132.82,0,18,9,0,0.944724,0,17.00502944,17.00502944,1
907.4,3009.54,7,3,3,7,0.868592,0.371714,2.60577571,0.00377571,1
0,0,0,0,0,0,0,0,0,0,1
45496.59,1089.26,9,7,7,8,0.516562,0.395344,3.615937475,0.057837475,1
0,0,0,0,0,0,0,0,0,0,1
0,0,1,1,1,1,2,1.999559,2,0.000441,1
0,0,0,0,0,0,0,0,0,0,1
15754.37,116.72,4,25,23,3,1.630177,10.187745,40.75442255,0.003444,1
0,0,0,0,0,0,0,0,0,0,1
0,0,0,0,0,0,0,0,0,0,1
0,0,0,0,0,0,0,0,0,0,1
1844.76,363.75,6,20,16,2,1.243781,4.145076,24.87562303,0.005166,1
0,0,0,0,0,0,0,0,0,0,1
19434.97,6699.47,12,12,9,11,1.643699,1.642996,19.72439235,0.008442007,1
0,36574.23,0,5,3,0,0,0,0,0,1
0,9769.62,0,2,2,0,0,0,0,0,1
1787.32,525.68,2,9,7,2,0.804896,3.621171,7.24406395,0.001722,1
0,0,0,0,0,0,0,0,0,0,1
0,153.77,1,15,15,1,0.407908,6.117766,6.118627,0.000861,1
0,183.01,1,7,6,1,0.656984,8.598025,4.59888551,-3.999139,1
21858.69,256.14,2,15,14,2,1.826433,13.695,27.39650235,0.006502353,1
0,0,0,0,0,0,0,0,0,0,1
828.66,380.77,7,21,18,2,1.571955,4.714286,33.01104564,0.01104564,1
9385.23,503.02,2,2,2,2,0.444142,0.44,0.88828353,0.00828353,1
0,25190.81,0,7,4,0,0,0,0,0,1
0,0,0,1,1,0,0.2,0,0.2,0.2,1
1717.37,518.42,5,46,35,2,1.125946,10.357838,51.79349416,0.004305,1
0,176.57,1,17,16,1,1.236723,21.024082,21.0242925,0.00021,1
0,1001.76,1,8,8,1,2.004672,16.03633,16.03738,0.00105,1
0,0,0,0,0,0,0,0,0,0,1
0,0,0,0,0,0,0,0,0,0,1
0,0,0,0,0,0,0,0,0,0,1
349.14,914.86,151,86,53,87,24.043615,13.691473,2067.750892,0.338526609,1
1332.92,915.84,3,6,6,3,0.790186,1.579512,4.74111773,0.002583,1
0,9188.47,0,2,2,0,0,0,0,0,1
0,15.54,1,3,3,1,0.796667,2.389139,2.39,0.000861,1
0,479.7,1,6,6,1,10.327781,61.965635,61.96668483,0.00105,1
0,24941.28,0,7,4,0,0,0,0,0,1
0,0,1,1,1,1,1,0.99895,1,0.00105,1
0,60.26,0,30,28,0,6.03313,0,180.9939065,180.9939065,1
0,30472.9,0,6,5,0,0,0,0,0,1
9397.79,8.46,3,81,32,3,0.574405,15.5,46.52680886,0.026808863,1
0,836.72,1,3,3,1,1.004946,3.01,3.014839,0.004839,1
0,0,0,0,0,0,0,0,0,0,1
16867.04,319.45,3,7,7,2,0.565158,0.337653,3.95610575,2.94314575,1
3.53,11.22,15,165,73,15,1.18284,13.110135,195.1686247,-1.483406,1
0,352.7,0,23,20,0,1.10693,0,25.4593893,25.4593893,1
0,54.55,1,3,3,1,1.06,3.17979,3.18,0.00021,1
549.32,4302.25,12,19,12,12,0.136606,0.235975,2.59551769,-0.23618544,1
0,0,1,1,1,1,13,12.99,13,0.01,1
0,0,0,0,0,0,0,0,0,0,1
14575.61,81.28,21,41,35,20,14.850349,28.992613,608.8643104,0.019434507,1
13655.84,1362.96,3,39,35,1,0.963659,6.788392,37.58271044,17.2175353,1
0,94.19,1,3,3,1,3.67,11.009475,11.01,0.000525,1
294.77,0,3,1,1,1,1.659665,0.552361,1.65966542,0.002583,1
2960.78,551.15,102,159,145,76,0.156006,0.557883,24.80488701,-32.09915869,1
0,237.04,1,14,12,1,1.84389,25.813593,25.81445362,0.000861,1
1299.78,240.53,3,4,4,3,0.978815,1.304604,3.9152613,0.001449,1
6354.14,1029.29,24,93,74,3,0.78055,3.085582,72.59112288,-1.462849404,1
2652.37,20542.83,11,6,3,10,0.180373,0.097889,1.08224072,0.005456268,1
0,0,1,1,1,1,0.28,0.271667,0.28,0.0083333,1
0,779.08,1,4,3,1,0.473175,1.89,1.892701946,0.002701946,1
0,86.62,0,4,3,0,2.35775,0,9.431,9.431,1
31.58,0,3,1,1,3,11,3.666184,11,0.001449,1
449.85,252.12,6,5,5,5,0.839179,0.698833,4.19589607,0.002898,1
9687.6,53.36,5,57,55,4,2.436537,27.776,138.882617,0.00261698,1
0,0,0,0,0,0,0,0,0,0,1
0,0,0,0,0,0,0,0,0,0,1
0,0,0,0,0,0,0,0,0,0,1
0,0,0,0,0,0,0,0,0,0,1
0,72.93,1,33,31,1,1.06348,35.092884,35.09483682,0.001953,1
0,0,0,0,0,0,0,0,0,0,1
0,0,1,1,1,1,0.5,0.499139,0.5,0.000861,1
3263.49,743.39,7,8,6,5,1.097669,1.253162,8.78135241,0.009219,1
5301.21,63.27,53,74,63,50,15.558149,21.721885,1151.303026,0.043146035,1
0,73.97,1,3,3,1,0.868258,2.604354,2.60477396,0.00042,1
2393.43,76.14,12,2,2,12,0.627646,0.10441,1.25529242,0.002367624,1
2126.21,1670.14,7,5,5,7,1.245294,0.889166,6.226469052,0.00231,1
0,0,0,0,0,0,0,0,0,0,1
0,16.44,0,438,147,0,0.408854,0,179.0779,179.0779,1
2208.24,6248.11,66,11,8,18,0.041487,0.004558,0.456360644,0.155560644,1
0,0,0,0,0,0,0,0,0,0,1
150.65,47.15,4,18,16,4,1.261819,5.677324,22.71273934,0.003444,1
0,0,1,1,1,1,0.2,0.19979,0.2,0.00021,1
169.62,116.51,7,21,15,4,0.949525,2.848122,19.94002575,0.003171,1
0,0,0,0,0,0,0,0,0,0,1
244870.71,802.12,2,102,80,2,0.843243,1.6625,86.01082349,82.68582349,1
0,0,0,0,0,0,0,0,0,0,1
0,0,0,1,1,0,0.4,0,0.4,0.4,1
0,672.04,1,4,4,1,0.47555,1.9,1.902199485,0.002199485,1
0,0,0,0,0,0,0,0,0,0,1
0,1523.72,1,2,2,1,0.794355,2.587849,1.58870958,-0.999139,1
0,0,0,0,0,0,0,0,0,0,1
5025.25,1503.81,15,3,3,5,0.469933,0.180914,1.409799173,-1.30390962,1
0,0,0,0,0,0,0,0,0,0,1
0,158.08,1,7,5,1,0.584804,4.092768,4.09362874,0.000861,1
2465.93,0,3,1,1,3,0.2,0.066583,0.2,0.000252,1
0,0,0,0,0,0,0,0,0,0,1
13284.12,481.75,3,26,19,3,0.776908,6.89901,20.19961166,-0.497417,1
2325.08,163.21,2,13,11,1,1.72973,11.242386,22.48649325,0.001722,1
0,0,0,0,0,0,0,0,0,0,1
0,0,0,0,0,0,0,0,0,0,1
0,0,1,1,1,1,0.499034,0.498824,0.499034,0.00021,1
0,0,1,1,1,1,0.112873,0.112012,0.11287304,0.000861,1
0,0,0,0,0,0,0,0,0,0,1
54632.48,5115.53,2,4,3,1,0.003067,0.005505,0.01226957,0.00126,1
0,0,0,0,0,0,0,0,0,0,1
0,0,0,0,0,0,0,0,0,0,1
0,255.88,1,2,2,1,1.4948,2.989391,2.989601,0.00021,1
0,0,1,1,1,1,0.01,0.009139,0.01,0.000861,1
0,0,0,0,0,0,0,0,0,0,1
3321.02,7004.18,3,6,6,2,0.707393,1.3618,4.24436019,0.15896019,1
0,0,0,0,0,0,0,0,0,0,1
528.17,178.08,2,3,3,2,0.366334,0.548904,1.099001,0.00119398,1
5782.63,1320.93,3,14,13,3,0.3769,1.757815,5.276594112,0.00315,1
0,54.28,1,12,11,1,1.482638,17.79079,17.79165055,0.000861,1
323.86,136.68,6,28,26,6,0.487614,2.274403,13.65319388,0.006775,1
0,0,1,1,1,1,0.554919,0.553919,0.55491869,0.001,1
0,53.22,1,24,18,1,2.013145,48.864611,48.31547245,-0.549139,1
0,0,0,0,0,0,0,0,0,0,1
0,0,1,1,1,1,0.3001,0.299659,0.3001,0.000441,1
0,0,0,0,0,0,0,0,0,0,1
0,0,0,0,0,0,0,0,0,0,1
0,52.96,1,6,6,1,0.669629,4.016724,4.01777428,0.00105,1
6907.25,1929.7,3,4,4,2,1.011468,1.348309,4.045874,0.0009471,1
89.05,167.97,5,23,21,3,1.387076,6.380062,31.90275205,0.00244205,1
4841.83,970.14,2,4,3,2,0.875013,1.749164,3.50005037,0.001722,1
5.7,7655.89,3,3,3,3,0.205158,0.204318,0.615475,0.00252,1
708.13,809.38,7,8,8,6,0.987099,1.12804,7.89678839,0.00050895,1
0,160.56,1,18,18,1,1.825921,32.86571,32.86657056,0.000861,1
0,0,0,0,0,0,0,0,0,0,1
0,0,1,1,1,1,0.64,0.639139,0.64,0.000861,1
0,49.74,1,32,24,1,1.204291,39.036463,38.53732399,-0.499139,1
1789.2,161.94,69,112,98,56,1.079788,1.751049,120.9362285,0.113843652,1
0,0,0,0,0,0,0,0,0,0,1
282.9,0,2,1,1,2,0.586842,0.292153,0.58684236,0.002535563,1
0,1808.34,1,15,15,1,0.833492,12.49,12.50238354,0.01238354,1
0,34.59,1,2,2,1,0.2535,0.506,0.507,0.001,1
0,292.04,1,2,2,1,0.898098,1.79,1.79619682,0.00619682,1
3032.95,369.49,4,9,5,3,1.520829,3.421004,13.6874587,0.003444,1
47546.31,478.62,3,356,319,2,1.614901,191.087403,574.9047121,1.64250206,1
0,0,0,0,0,0,0,0,0,0,1
0,0,1,1,1,1,2,1.999013,2,0.000987,1
102467.25,275.64,2,4,4,2,1.005663,2.010465,4.02265221,0.001722,1
1177.18,4572.9,20,4,3,18,37.318312,7.462902,149.273246,0.015203328,1
688.73,890.22,12,16,15,10,0.943436,1.25716,15.09497769,0.009053091,1
4069.75,6002.18,10,5,5,7,0.400133,0.201193,2.00066502,-0.01126903,1
0,6534.48,0,11,1,0,0.031818,0,0.35,0.35,1
0,128.95,1,3,3,1,0.866667,2.59,2.6,0.01,1
0,774.55,1,5,3,1,1.095115,5.474715,5.47557595,0.000861,1
0,0,0,0,0,0,0,0,0,0,1
0,4183.66,1,2,2,1,0.010355,0.02,0.02071068,0.00071068,1
0,0,0,0,0,0,0,0,0,0,1
0,0,0,0,0,0,0,0,0,0,1
0,475.84,1,3,3,1,3.9,11.69895,11.7,0.00105,1
0,0,0,0,0,0,0,0,0,0,1
0,0,0,0,0,0,0,0,0,0,1
15.64,1476.18,12,16,14,1,1.397803,1.863141,22.36484427,0.007155,1
0,0,0,0,0,0,0,0,0,0,1
0,0,0,1,1,0,10000,0,10000,10000,1
0,0,0,0,0,0,0,0,0,0,1
0,0,0,0,0,0,0,0,0,0,1
10174.22,202.6,2,11,10,2,2.08483,11.465704,22.9331303,0.001722,1
326.93,0,2,1,1,2,2.084104,1.037435,2.08410367,0.00923282,1
0,0,0,0,0,0,0,0,0,0,1
1485.86,20260.83,18,14,13,13,14.436926,11.228251,202.1169586,0.008442,1
0,0,0,0,0,0,0,0,0,0,1
0,0,1,1,1,1,0.408515,0.408,0.4085154,0.0005154,1
1728.13,140.11,66,77,72,50,2.89875,3.967762,223.2037341,-38.66858404,1
0,45.1,0,24,4,0,0.919042,0,22.057,22.057,1
0,0,0,0,0,0,0,0,0,0,1
0,1362.85,1,15,13,1,1.502657,23.537776,22.53985561,-0.997920391,1
0,0,0,0,0,0,0,0,0,0,1
1.68,7430.84,2,2,2,1,0.102422,0.102379,0.20484308,8.42E-05,1
0,841.75,0,11,11,0,1.460489,0,16.06538439,16.06538439,1
9571.62,92.65,7,26,24,4,1.063073,4.02341,27.63989778,-0.523973,1
0,0,0,0,0,0,0,0,0,0,1
0,0,0,0,0,0,0,0,0,0,1
0,122.24,1,2,2,1,0.505,1.009139,1.01,0.000861,1
23381.6,9732.19,3,4,3,3,0.519925,0.726182,2.07970175,-0.098845,1
107.43,27.04,2,16,13,1,0.565497,0.075,9.047944384,8.897944384,1
8815.07,221.6,5,23,20,5,0.564736,2.597572,12.98892024,0.0010605,1
0,0,1,1,1,1,3.328328,3.327467,3.32832837,0.000861,1
0,0,0,0,0,0,0,0,0,0,1
0,0,0,0,0,0,0,0,0,0,1
0,0,0,0,0,0,0,0,0,0,1
751.87,293.18,6,24,21,6,1.193881,4.774624,28.65313993,0.005397,1
0,49493.72,0,4,3,0,0,0,0,0,1
737.21,84.67,3,10,9,3,1.561094,5.202784,15.61093591,0.002583,1
0,0,1,1,1,1,0.5,0.495,0.5,0.005,1
0,58.23,1,3,3,1,0.530204,1.58975,1.59061078,0.000861,1
2423.17,116.01,7,2,2,7,0.454373,0.129712,0.90874532,0.00075917,1
0,1167.9,0,25,14,0,1.545733,0,38.64333073,38.64333073,1
0,2,0,9999,1901,0,0.494529,0,4944.799898,4944.799898,1
0,427.7,1,7,7,1,2.036143,14.252517,14.253,0.000483,1
0,0,0,1,1,0,0,0,0,0,1
0,0,0,0,0,0,0,0,0,0,1
16661.88,9089.2,2,10,9,2,15.623863,78.113672,156.2386254,0.011281,1
660.12,244.62,3,11,9,3,0.542977,1.990433,5.972748,0.001449,1
0,0,0,0,0,0,0,0,0,0,1
0,5056.75,1,2,2,1,0.090533,0.1805,0.181065002,0.000565002,1
0,1323.97,1,3,2,1,0.959636,2.875,2.87890664,0.00390664,1
0,4933.42,1,2,2,1,0.05,0.099139,0.1,0.000861,1
0,0,1,1,1,1,0.1073,0.107256,0.1073,4.42E-05,1
37.77,5.18,2,19,19,2,0.36467,3.463316,6.92873154,0.0021,1
696.54,70.23,4,11,11,4,2.650014,7.285374,29.15014938,0.008652198,1
0,0,0,0,0,0,0,0,0,0,1
1470,648.95,20,15,14,20,0.673203,0.503198,10.09804298,0.03408661,1
0,0,0,0,0,0,0,0,0,0,1
85.79,1130.58,11,5,5,11,7.204,3.374266,36.02,-1.09692282,1
0,2040.05,1,4,4,1,0.402726,1.610044,1.610905389,0.000861,1
5752.81,339.04,84,84,69,25,1.067622,1.063408,89.68020737,0.353960203,1
0,3.87,1,3,2,1,1.54,4.619139,4.62,0.000861,1
4445.14,1463.96,3,3,2,2,0.716609,0.715748,2.14982843,0.002583,1
9172.79,4424.95,3,5,5,3,0.1697,0.281972,0.848499434,0.002583,1
2823.99,25.55,2,37,32,1,1.759929,32.55783,65.11738283,0.001722,1
0,671.73,1,4,4,1,13,51.99895,52,0.00105,1
0,0,0,0,0,0,0,0,0,0,1
0,626.72,0,8,7,0,2.129985,0,17.03988258,17.03988258,1
0,0,0,0,0,0,0,0,0,0,1
3.52,51.33,221,101,99,74,4.966275,2.891662,501.5937353,-137.4636322,1
215.61,198.14,3,21,15,3,1.515465,10.607773,31.8247686,0.001449,1
0,523.54,1,16,16,1,1.77715,28.433,28.43440165,0.001401649,1
209.73,774.99,5,12,11,5,1.353333,3.244,16.24,0.02,1
3645.85,482.76,5,4,4,4,0.718826,0.5745,2.87530238,0.00280238,1
0,0,0,0,0,0,0,0,0,0,1
3588.16,926.9,10,39,35,5,0.754657,2.991941,29.43163911,-0.48777454,1
0,0,1,1,1,1,0.573142,0.572302,0.57314152,0.00084,1
0,0,0,0,0,0,0,0,0,0,1
93298.56,95.12,2,2,1,2,0.059847,0.058986,0.11969366,0.001722,1
0,306.07,1,11,11,1,0.653636,8.163834,7.19,-0.973834,1
24136.62,33613.21,5,3,3,4,0.013075,0.006089,0.039224029,0.00877901,1
0,0,0,0,0,0,0,0,0,0,1
27099.74,70.01,2,2,2,2,2.5,2.499517,5,0.000966,1
0,0,0,1,1,0,1,0,1,1,1
0,0,0,1,1,0,0.0005,0,0.0005,0.0005,1
0,0,1,1,1,1,1,1.499517,1,-0.499517,1
0,5037.57,1,10,10,1,9.351863,93.518189,93.5186298,0.000441,1
6344.3,571.8,43,52,44,34,20.8864,25.257029,1086.092811,0.040546605,1
6642.7,8139.76,15,14,12,5,0.951799,0.888206,13.32518974,0.002102104,1
0,24.5,0,2,2,0,1.005,0,2.01,2.01,1
2387.97,568.99,4,12,12,4,0.367837,1.100431,4.414041888,0.012319498,1
1867.84,986.68,54,18,16,12,10.877039,10.530376,195.786707,-372.8536007,1
0,0,0,0,0,0,0,0,0,0,1
0,93.39,1,23,23,1,0.864112,19.874192,19.87457047,0.000377992,1
0,39556.02,0,5,3,0,0,0,0,0,1
294.23,138.3,2,17,15,1,1.342166,11.407546,22.81681498,0.001722,1
0,0,0,0,0,0,0,0,0,0,1
4.27,0,8,1,1,2,0.09,0.01,0.09,0.01,1
15779.98,105.26,9,16,14,5,2.106442,3.743925,33.7030757,0.007749,1
0,0,0,0,0,0,0,0,0,0,1
686.81,680.39,66,26,22,47,3.324544,1.30697,86.43813492,0.17813492,1
0,23.58,1,65,44,1,0.82023,53.414528,53.31494759,-0.09958,1
0,509.86,0,2,2,0,1.9,0,3.8,3.8,1
0,0,0,0,0,0,0,0,0,0,1
0,157.81,0,39,32,0,1.489779,0,58.10139867,58.10139867,1
0,256.17,1,6,5,1,1.308489,7.848857,7.85093608,0.002079,1
0,0,1,1,1,1,0.032778,0.031683,0.03277762,0.001094545,1
0,0,1,0,0,1,0,0.49962,0,-0.49962,1
0,0,0,0,0,0,0,0,0,0,1
0,0,0,0,0,0,0,0,0,0,1
35335.83,1059.97,10,139,134,9,2.223962,30.886987,309.1306606,0.260794051,1
138.8,3997.69,8,7,5,6,1.132385,0.990485,7.92669574,0.002814,1
0,18828.8,0,24,12,0,0,0,0,0,1
0,0,0,0,0,0,0,0,0,0,1
2338.55,98,15,4,4,15,2.8975,0.771797,11.59,0.01304796,1
0,6337.73,0,31,16,0,0,0,0,0,1
0,0,0,0,0,0,0,0,0,0,1
13708.27,0,2,1,1,2,20,9.999559,20,0.000882,1
0,0,0,0,0,0,0,0,0,0,1
0,174.26,1,3,3,1,0.536815,1.606,1.61044389,0.00444389,1
45.71,463.11,7,3,2,7,34,14.570946,102,0.003381,1
1489.41,2867.81,2,5,5,2,0.941377,2.352581,4.706884983,0.001722,1
0,50029.54,0,4,3,0,0,0,0,0,1
0,0,0,0,0,0,0,0,0,0,1
0,0,0,1,1,0,0.01851,0,0.018509949,0.018509949,1
0,0,0,0,0,0,0,0,0,0,1
0,0,0,0,0,0,0,0,0,0,1
0,674.2,1,7,6,1,1.59329,11.15217,11.1530313,0.000861,1
3405.13,1999.13,3,21,20,1,0.503661,3.525563,10.57687799,0.000189,1
1364.26,41.67,5,6,5,3,9.037393,10.8444,54.224358,0.002358,1
0,0,0,1,1,0,0,0,0,0,1
0,123.06,0,39,30,0,1.211027,0,47.23007096,47.23007096,1
0,0,0,0,0,0,0,0,0,0,1
2102.77,1232.06,71,123,30,50,0.136787,0.250786,16.82485641,-0.980948963,1
6839.79,395.97,2,5,4,2,0.268016,0.66755,1.3400783,0.0049783,1
0,0,0,0,0,0,0,0,0,0,1
1803.32,904.14,5,26,25,3,0.966569,5.025316,25.13078424,0.004205,1
0,487.53,1,6,6,1,2.243333,13.959916,13.46,-0.499916,1
26424.76,602.51,3,32,26,2,2.099402,22.392758,67.18085785,0.002583,1
0,39.21,1,2,2,1,0.510923,1.020845,1.02184509,0.001,1
7.84,5225.16,4,4,3,4,0.234328,0.233488,0.937311816,0.00336,1
0,10.68,1,16,16,1,0.462987,7.406738,7.407787617,0.00105,1
33200.86,141.86,3,8,8,3,2.339529,6.238472,18.71623375,0.000819,1
0,463.54,0,7,7,0,0.812581,0,5.68806841,5.68806841,1
0,0,0,0,0,0,0,0,0,0,1
0,300.25,0,39,36,0,0.922964,0,35.99561219,35.99561219,1
0,28254.44,0,7,4,0,0,0,0,0,1
0,440.18,1,7,6,1,0.555882,3.890313,3.891174054,0.000861,1
0,0,0,0,0,0,0,0,0,0,1
1244.51,1135.49,11,6,6,11,1.208304,0.65885,7.24982625,0.002471,1
757.05,376.51,2,2,2,1,0.047,0.046517,0.094,0.000966,1
290.08,24.13,2,5,4,2,0.728667,1.821247,3.64333492,0.00084,1
0,0,0,0,0,0,0,0,0,0,1
0,0,0,0,0,0,0,0,0,0,1
0,0,0,0,0,0,0,0,0,0,1
265.42,220.5,55,26,25,55,1.064757,0.502884,27.68367649,0.025074,1
0,0,0,0,0,0,0,0,0,0,1
0,29359.76,0,6,3,0,0,0,0,0,1
0,0,0,0,0,0,0,0,0,0,1
0,164.26,1,24,23,1,1.182968,28.390367,28.39122767,0.000861,1
0,0,1,1,1,1,0.003517,0.003433,0.003517,8.40E-05,1
0,0,0,1,1,0,0.00391,0,0.003909556,0.003909556,1
0,133.56,1,24,23,1,0.694406,16.664888,16.66574894,0.000861,1
35648.35,690.12,5,9,9,5,0.559247,1.006229,5.03322277,0.002079,1
0,9.08,1,16,11,1,1.767608,28.280871,28.28173245,0.000861,1
0,0,0,0,0,0,0,0,0,0,1
0,381.32,1,11,7,1,0.982368,10.804977,10.80604307,0.001066,1
0,0,1,1,1,1,3.99,3.9859,3.99,0.0041,1
0,0,0,0,0,0,0,0,0,0,1
0,0,0,1,1,0,0,0,0,0,1
8254,1572.45,6,4,4,6,0.326437,0.216984,1.30574662,0.0038416,1
0,128.85,1,4,4,1,1.497527,5.97,5.99010713,0.02010713,1
0,0,0,1,1,0,2.325933,0,2.32593252,2.32593252,1
0,0,0,0,0,0,0,0,0,0,1
13073.97,9951.52,3,2,2,3,0.352324,0.233965,0.70464701,0.002751,1
0,388.61,0,27,26,0,43.10756,0,1163.904128,1163.904128,1
0,0,0,0,0,0,0,0,0,0,1
2027.82,5744.51,83,75,58,75,0.883604,0.794533,66.27031601,0.324062774,1
192.47,364.45,22,454,261,4,1.040255,3.378995,472.2757343,397.9378363,1
0,212.24,1,4,4,1,0.639572,2.557426,2.55828737,0.000861,1
429.79,7021.15,139,31,11,11,0.133009,0.136723,4.123294152,-14.88124797,1
0,0,0,0,0,0,0,0,0,0,1
0,0,0,0,0,0,0,0,0,0,1
0,2446.41,0,47,15,0,1.769638,0,83.173,83.173,1
2543.39,1037.71,8,19,12,5,3.881424,9.593067,73.74705488,-2.99748,1
6056.43,1701.06,33,45,39,4,0.538947,1.110242,24.252626,-12.385374,1
0,2689.97,0,3,3,0,0.1,0,0.3,0.3,1
0,435.35,1,26,24,1,0.93917,24.417549,24.41841032,0.000861,1
0,173.69,1,29,23,1,1.156125,34.026759,33.52762032,-0.499139,1
2437.3,250.11,4,8,4,2,30.2875,60.574559,242.3,0.001764,1
0,0,0,0,0,0,0,0,0,0,1
0,161.57,1,3,3,1,0.543225,1.628813,1.62967432,0.000861,1
0,542.56,1,4,4,1,0.699032,2.795268,2.79612927,0.000861,1
67172.94,0,2,1,1,2,0.49,0.244706,0.49,0.00058862,1
141.79,171.79,49,28,23,35,10.874718,6.213423,304.4920986,0.03437049,1
0,0,0,0,0,0,0,0,0,0,1
0,896.95,1,9,9,1,0.463579,4.171728,4.17221091,0.000483,1
0,0,0,0,0,0,0,0,0,0,1
0,2806.36,1,3,3,1,0.365204,1.093659,1.095612,0.001953,1
0,0,1,1,1,1,10,9.99,10,0.01,1
0,287.72,0,2,2,0,0.285497,0,0.5709933,0.5709933,1
95.94,166.33,64,26,26,58,3.340603,1.356462,86.85566915,0.042120666,1
0,329.72,0,17,17,0,0.551126,0,9.36914028,9.36914028,1
0,0,0,0,0,0,0,0,0,0,1
0,6931.55,1,3,3,1,2.025933,6.07759,6.0778,0.00021,1
0,0,1,1,1,1,2.02,2.019958,2.02,4.20E-05,1
0,461,1,6,5,1,0.584578,3.5,3.50746711,0.00746711,1
0,0,0,0,0,0,0,0,0,0,1
0,0,0,1,1,0,0,0,0,0,1
20.77,0,8,1,1,7,0.15,123.25,0.15,-985.85,1
0,0,1,1,1,1,0.000242,3.20E-05,0.00024166,0.00021,1
13916.69,1769.77,3,4,4,3,1.387025,1.847904,5.548101,0.004389,1
0,0,0,0,0,0,0,0,0,0,1
0,0,0,0,0,0,0,0,0,0,1
0,0,1,1,1,1,0.5,0.49,0.5,0.01,1
0,130.4,0,14,13,0,1.021795,0,14.30513031,14.30513031,1
3159.48,3980.08,7,90,84,6,4.678927,60.157251,421.1034419,0.002684809,1
516.54,0,2,1,1,2,14.252517,7.125775,14.252517,0.000966,1
0,0,0,0,0,0,0,0,0,0,1
0,74.53,1,29,22,1,2.014149,58.959458,58.41031891,-0.549139,1
0,15125,1,2,2,1,0.994532,1.987811,1.98906327,0.001252,1
0,0,1,1,1,1,0.528818,0.527957,0.52881794,0.000861,1
0,31308.23,0,5,3,0,0,0,0,0,1
0,0,0,1,1,0,0,0,0,0,1
0,0,0,0,0,0,0,0,0,0,1
0,0,1,1,1,1,0.45,0.449643,0.45,0.000357,1
0,0,0,0,0,0,0,0,0,0,1
0,125.71,1,2,2,1,2.19336,4.384641,4.38672,0.002079,1
0,405.39,1,3,3,1,0.190427,0.570419,0.5712803,0.000861,1
0,554.04,1,19,18,1,1.5701,29.831039,29.83190011,0.000861,1
0,0,0,0,0,0,0,0,0,0,1
0,269.5,1,10,10,1,0.79067,7.905838,7.90669912,0.000861,1
0,209.54,1,13,13,1,0.660433,8.584766,8.58562676,0.000861,1
0,0,0,0,0,0,0,0,0,0,1
0,186.62,1,15,14,1,0.995148,14.9267,14.92722062,0.00052062,1
5428.59,278.14,8,49,44,8,0.7203,4.4106,35.2947084,0.009911992,1
0,18660.71,1,6,6,1,1.184547,7.020217,7.10727983,0.08706332,1
0,0,0,1,1,0,0.1,0,0.1,0.1,1
0,111.54,1,19,16,1,1.351064,25.669346,25.67020723,0.000861,1
2661.08,280.77,111,570,298,99,0.98875,5.13454,563.5873132,-6.346631008,1
0,0,0,0,0,0,0,0,0,0,1
44899.51,365.24,5,2,2,2,4999.999685,1999.999433,9999.99937,0.002205,1
0,71.86,1,3,3,1,1.333333,3.999139,4,0.000861,1
0,0,0,0,0,0,0,0,0,0,1
0,0,1,1,1,1,0.5,0.497921,0.5,0.002079,1
0,39.05,1,2,1,1,8.229231,16.458,16.45846109,0.00046109,1
0,0,1,1,1,1,0.5,0.499139,0.5,0.000861,1
0,36574.66,0,5,3,0,0,0,0,0,1
69.94,0,2,1,1,1,2,0.999517,2,0.000966,1
725.14,598.63,5,7,6,3,0.645582,0.903332,4.519077169,0.002415,1
0,0,0,0,0,0,0,0,0,0,1
0,327.23,1,11,11,1,0.507613,6.081791,5.58374408,-0.498047,1
4,2419.05,13,13,12,1,0.44219,0.44114,5.74846967,0.01365,1
0,880.49,1,6,3,1,0.605981,3.635022,3.63588317,0.000861,1
0,0,0,0,0,0,0,0,0,0,1
0,219.73,0,23,17,0,3.854692,0,88.65791179,88.65791179,1
0,748.42,0,3,3,0,0.502,0,1.505998636,1.505998636,1
313.01,356.05,2,20,19,2,0.743182,7.431095,14.86363871,0.001449,1
0,0,0,0,0,0,0,0,0,0,1
142.67,827.68,3,4,4,1,0.876878,1.168729,3.507510487,0.001323,1
0,0,1,1,1,1,0.99,0.989139,0.99,0.000861,1
0,106.96,1,27,26,1,0.996702,27.010547,26.91096666,-0.09958,1
0,0,0,0,0,0,0,0,0,0,1
5462.92,1102.61,2,8,8,1,0.617078,2.463262,4.93662136,0.010098,1
20412.53,418.21,2,16,16,2,1.432297,11.457512,22.91674634,0.001722,1
0,0.74,1,3,1,1,0.5,1.499559,1.5,0.000441,1
0,3141.88,0,18,11,0,0.355687,0,6.40236358,6.40236358,1
0,15764.62,0,3,2,0,0,0,0,0,1
0,0,0,0,0,0,0,0,0,0,1
0,0,0,0,0,0,0,0,0,0,1
306.12,1967.49,3,4,2,2,0.601857,0.799139,2.4074262,0.0100092,1
2273.32,2618.88,4,2,1,4,17.3135,8.65665,34.627,0.0004,1
0,0,0,0,0,0,0,0,0,0,1
0,0,0,0,0,0,0,0,0,0,1
0,0,1,1,1,1,5,4.999139,5,0.000861,1
9461.27,69.02,33,65,54,31,19.677775,38.758289,1279.055397,0.03184584,1
0,0,0,0,0,0,0,0,0,0,1
616.36,321.53,7,19,16,2,0.686932,2.673221,13.05171508,-5.660834,1
0,0,1,1,1,1,1.887837,1.887753,1.887837,8.40E-05,1
0,33.61,1,8,8,1,1.544867,12.357889,12.3589394,0.00105,1
0,29501.74,0,6,3,0,0,0,0,0,1
7194.48,0,2,1,1,2,0.5,0.249926,0.5,0.000147,1
22.8,256.03,5,13,13,2,3.2769,8.619078,42.5996968,-0.495695,1
759.6,202.31,9,16,14,5,0.109735,0.193778,1.755767548,0.011767548,1
5837.5,1396.58,5,4,4,5,0.575345,0.459793,2.30138,0.002415,1
1998.64,23.49,3,17,17,2,0.606758,3.437705,10.31487912,0.001764056,1
65329.73,0,2,1,1,2,0.0035,0.001335,0.0035,0.000830786,1
0,0,1,1,1,1,0.5,0.498896,0.5,0.001104,1
1778.5,539.19,8,7,7,5,0.996584,0.86125,6.97608486,0.08608486,1
453.16,152.49,330,291,244,130,3.033368,3.383122,882.7100175,-233.7203659,1
0,165.02,1,6,4,1,0.404481,2.425838,2.42688779,0.00105,1
0,0,1,1,1,1,0.5,0.499139,0.5,0.000861,1
0,103.83,1,40,36,1,1.219121,48.764439,48.7648591,0.00042,1
0,0,0,0,0,0,0,0,0,0,1
0,3301.26,1,3,3,1,0.106667,0.319139,0.32,0.000861,1
0,0,0,0,0,0,0,0,0,0,1
0,25175.76,0,2,2,0,0.006771,0,0.013541267,0.013541267,1
0,0,0,0,0,0,0,0,0,0,1
0,0,0,0,0,0,0,0,0,0,1
0,0,0,0,0,0,0,0,0,0,1
0,0,1,1,1,1,2.939,2.938517,2.939,0.000483,1
366.83,26.62,3,15,15,3,2.584682,12.922467,38.77023525,0.002835,1
0,0,0,0,0,0,0,0,0,0,1
0,709.8,1,10,10,1,2.313479,23.134347,23.13478821,0.000441,1
249.59,253.5,2,15,14,2,1.047694,7.857287,15.71541338,0.00084,1
0,0,0,0,0,0,0,0,0,0,1
20188.73,296.41,2,28,24,1,0.764041,10.695719,21.39316039,0.001722,1
44.6,0,6,1,1,6,10000,78.833333,10000,9527,1
0,0,0,0,0,0,0,0,0,0,1
3467.31,337.69,22,39,37,18,0.129795,0.229172,5.062017697,0.020223,1
9450.33,1260.37,2,9,9,2,1.400785,6.302671,12.60706329,0.001722,1
2298.78,1270.11,12,15,12,11,1.130801,1.413053,16.96201365,0.005376,1
5923.57,45478.34,4,4,4,4,0.073626,0.073143,0.294503342,0.001932,1
1607.76,400.52,16,16,12,5,1.389856,1.389444,22.23769212,0.006581265,1
0,19640.32,1,5,5,1,0.876617,1.280159,4.383085567,3.102926657,1
0,283.28,1,4,4,1,0.404384,1.616676,1.61753732,0.000861,1
0,0,1,1,1,1,1.001874,1.001013,1.00187376,0.000861,1
0,0,1,1,1,1,0.099517,0.099034,0.099517,0.000483,1
0,0,0,0,0,0,0,0,0,0,1
0,0,0,0,0,0,0,0,0,0,1
0,0,0,0,0,0,0,0,0,0,1
0,0,0,0,0,0,0,0,0,0,1
0,2.63,1,2,1,1,0.255,0.507,0.51,0.003,1
0,4.6,1,5,4,1,1.9008,9.503853,9.504,0.000147,1
0,503.66,1,14,14,1,0.956264,13.386834,13.38769465,0.000861,1
324.7,394.8,12,21,20,9,2.203693,4.021836,46.27754497,-1.98448711,1
2.39,52.82,2,3,3,2,0.022975,0.033462,0.06892424,0.002,1
0,49.01,1,3,2,1,0.335,1.004139,1.005,0.000861,1
0,32.33,1,25,25,1,4.152068,103.797259,103.8016986,0.00444,1
0,0,1,1,1,1,2.65,2.649139,2.65,0.000861,1
0,0,0,0,0,0,0,0,0,0,1
227644.06,0,2,1,1,1,0.114921,0.056909,0.11492083,0.0011025,1
0,556.52,1,9,7,1,0.515589,4.639444,4.64030527,0.000860992,1
946.66,670.83,10,12,12,10,1.235942,1.482329,14.83130755,0.008015175,1
0,1640.05,1,4,4,1,0.461063,1.843391,1.84425163,0.000861,1
0,0,1,1,1,1,0.05641,0.055549,0.05641035,0.000861,1
0,4192.16,1,4,3,1,0.93175,3.83,3.727,-0.103,1
0,0,0,0,0,0,0,0,0,0,1
0,0,0,1,1,0,10000,0,10000,10000,1
0,253.47,0,11,10,0,1.26849,0,13.95338787,13.95338787,1
0,0,1,1,1,1,0.14063,0.140189,0.14063,0.000441,1
6979.59,1784.7,17,24,20,7,1.648497,2.326631,39.56392978,0.0111951,1
418.3,1764.17,82,222,168,10,1.324066,3.574571,293.9426738,0.82786861,1
5060.24,2.62,6,2,2,6,0.63973,0.212438,1.27946,0.00483,1
0,14502.1,0,7,6,0,0.121429,0,0.85,0.85,1
155.83,249.73,5,4,4,4,0.965421,1.088944,3.86168216,-1.58303784,1
0,227.88,1,48,42,1,0.54684,26.662893,26.24831295,-0.41458,1
0,33.19,0,28,6,0,0.243823,0,6.827057,6.827057,1
2179.39,666.68,16,16,16,16,0.823038,0.840927,13.1686057,-0.286224,1
0,0,0,0,0,0,0,0,0,0,1
7581.27,2548.15,9,6,6,3,1.411906,0.94072,8.4714335,0.004951166,1
5495.48,5392.88,5,7,7,4,1.927995,2.697534,13.495966,0.008295,1
0,0,0,0,0,0,0,0,0,0,1
0,21.42,0,3230,544,0,0.189282,0,611.3820377,611.3820377,1
3813.76,579.6,8,20,19,8,0.592176,1.479407,11.84352621,0.008274,1
24303.45,17206.14,4,3,3,4,0.311,0.421404,0.933,-0.752617221,1
13167.42,2465.7,2,4,2,2,0.014326,0.028547,0.05730395,0.00021,1
208.63,161.88,14,55,48,12,0.715028,2.808114,39.32655439,0.012959385,1
0,88.63,1,115,89,1,0.813404,103.831424,93.54144143,-10.28998226,1
955.17,89.4,76,112,104,62,0.190628,0.669117,21.35036747,-29.50248933,1
16.43,1111.63,8,10,9,1,0.61925,0.773205,6.19250131,0.006861,1
0,171.22,1,3,3,1,0.411837,1.235197,1.23551223,0.000315,1
1767.83,491.45,6,16,12,5,0.514874,1.372513,8.23797678,0.002898,1
0,8.86,1,6,6,1,0.469487,2.815872,2.81692179,0.00105,1
0,0,1,1,1,1,0.01,0.009139,0.01,0.000861,1
0,0,0,0,0,0,0,0,0,0,1
0,0,0,0,0,0,0,0,0,0,1
0,0,0,0,0,0,0,0,0,0,1
0,5.83,1,4,4,1,0.8625,3.449139,3.45,0.000861,1
6784.38,2150.17,22,5,5,19,0.619228,0.139627,3.096139,0.02435292,1
93.14,0,2,1,1,2,11.874573,5.935,11.87457344,0.004573438,1
0,0,0,0,0,0,0,0,0,0,1
0,0,0,0,0,0,0,0,0,0,1
1590.74,994.39,9,14,14,4,1.080776,1.678766,15.13086182,0.021963864,1
213.35,80.33,7,16,16,5,1.123808,2.568262,17.98092422,0.003087,1
369.6,443.75,105,81,73,26,0.338826,0.258634,27.44490008,0.288302085,1
0,0,0,0,0,0,0,0,0,0,1
1065.36,14013.23,4,4,3,4,0.236889,0.236705,0.94755401,0.000735,1
0,0,1,1,1,1,0.55,0.549517,0.55,0.000483,1
0,212.49,1,3,3,1,0.412773,1.237457,1.23831829,0.000861,1
1876,2269.68,2,3,3,2,0.611496,0.915,1.83448948,0.00448948,1
0,1504.79,1,22,21,1,1.033376,22.73342,22.73428129,0.000861,1
0,412.37,1,10,9,1,1.052941,10.529,10.5294125,0.0004125,1
3369.18,4734.48,4,5,5,3,0.417294,0.517146,2.086472254,0.017886614,1
28275.85,544.83,3,22,19,3,0.973559,7.138509,21.41830764,0.002779139,1
6.74,958.12,34,34,29,8,1.15992,1.158855,39.43728842,0.036225,1
0,0,0,0,0,0,0,0,0,0,1
0,233.28,1,5,5,1,0.41024,2.050337,2.05119789,0.000861,1
0,0,0,0,0,0,0,0,0,0,1
384.34,0,2,1,1,2,0.5,0.2495,0.5,0.001,1
0,0,0,0,0,0,0,0,0,0,1
246.85,217.12,2,3,3,1,0.392483,0.588305,1.17745037,0.00084,1
0,0,0,1,1,0,0.03,0,0.03,0.03,1
0,182.98,0,18,16,0,0.662795,0,11.93030198,11.93030198,1
0,29319.47,0,6,3,0,0,0,0,0,1
0,18320.71,0,11,11,0,0.874254,0,9.61679,9.61679,1
22.92,4300.92,4,5,5,1,0.499,0.621877,2.495,0.00749121,1
0,26560.16,0,6,4,0,0,0,0,0,1
6170.05,120.32,2,5,5,2,3.226346,8.314922,16.13173015,-0.498114,1
6348.34,1032.08,3,15,15,3,0.259725,1.297954,3.895876633,0.002016,1
0,0,1,1,1,1,1.955033,1.954172,1.955033,0.000861,1
0,14.84,1,2,2,1,0.720451,1.438822,1.4409015,0.002079,1
110.19,0,2,1,1,1,0.5,0.249,0.5,0.002,1
0,0,0,0,0,0,0,0,0,0,1
0,1.71,1,2,2,1,2,3.999874,4,0.000126,1
0,0,0,0,0,0,0,0,0,0,1
0,0,0,0,0,0,0,0,0,0,1
0,0,1,1,1,1,3,2.997921,3,0.002079,1
0,0,0,0,0,0,0,0,0,0,1
0,399.99,1,6,6,1,0.626627,3.758902,3.759763,0.000861,1
0,1002.91,1,4,4,1,0.658328,2.632008,2.633310324,0.001302,1
503.22,243.59,12,7,5,12,2.942177,1.858844,20.59523835,-1.710890677,1
3646.67,6064.24,13,24,6,13,0.108241,0.199346,2.597780153,0.00627906,1
6181.94,15889.14,4,10,10,3,2.018706,2.92092,20.18706443,8.503386304,1
0,1225.6,1,10,10,1,0.747782,7.475743,7.477821704,0.002079,1
940.63,10660.44,190,10,9,98,2.648987,0.292874,26.48986894,-29.15621329,1
0,0,0,0,0,0,0,0,0,0,1
0,33407.6,0,6,3,0,0,0,0,0,1
1068.91,7973.57,8,7,6,3,0.367687,0.321226,2.573811387,0.00400403,1
379.32,120.25,6,52,38,5,1.00577,8.715816,52.30006189,0.005166,1
0,1210.31,1,6,4,1,2.357959,14.146891,14.14775208,0.000861,1
0,0,0,0,0,0,0,0,0,0,1
0,24.73,1,2,2,1,0.5,0.999139,1,0.000861,1
0,0,0,1,1,0,0.000953,0,0.0009534,0.0009534,1
0,0,0,0,0,0,0,0,0,0,1
66347.63,1671.98,7,27,22,6,1.690348,6.518499,45.6393952,0.00990518,1
0,177.06,1,4,4,1,1.083029,4.331065,4.3321153,0.00105,1
0,0,0,0,0,0,0,0,0,0,1
0,0,0,0,0,0,0,0,0,0,1
33951.12,25696.71,5,3,3,4,0.256667,0.1536,0.77,0.002,1
70625.62,107.67,4,2,2,4,1.003817,0.501751,2.0076333,0.00063,1
2401.78,123.61,2,3,3,2,0.788978,1.182146,2.36693288,0.002641,1
118717.47,121.31,3,57,53,3,2.345617,44.566422,133.700186,0.000920105,1
0,0,0,0,0,0,0,0,0,0,1
887.81,2.45,2,15,14,2,0.100667,0.754979,1.51,4.20E-05,1
0,0,0,0,0,0,0,0,0,0,1
0,0,0,0,0,0,0,0,0,0,1
0,0,0,0,0,0,0,0,0,0,1
0,0,1,1,1,1,0.4,0.3999,0.4,0.0001,1
7.53,6822.41,16,16,9,8,0.761563,0.760723,12.18500949,0.01344,1
0,0,0,0,0,0,0,0,0,0,1
25173.11,1125.57,3,2,2,1,0.171114,0.113852,0.34222868,0.000672,1
0,15.14,1,21,19,1,1.83036,38.437134,38.43755436,0.00042,1
0,0,0,0,0,0,0,0,0,0,1
0,5.18,0,17,15,0,2.140515,0,36.38876002,36.38876002,1
0,49440.55,0,4,3,0,0,0,0,0,1
0,0,0,0,0,0,0,0,0,0,1
0,0,0,0,0,0,0,0,0,0,1
0,0,0,0,0,0,0,0,0,0,1
0,0,0,0,0,0,0,0,0,0,1
0,347.67,1,10,7,1,0.603911,6.038686,6.03910554,0.00042,1
4824.67,356.27,2,3,3,2,0.520612,0.775487,1.5618345,0.010861,1
0,0,0,1,1,0,0,0,0,0,1
0,0,0,1,1,0,0.011231,0,0.011231014,0.011231014,1
508.52,984.54,2,5,4,2,0.466,1.164811,2.33,0.000378,1
0,0,0,0,0,0,0,0,0,0,1
0,0,0,0,0,0,0,0,0,0,1
664.81,86.19,3,26,24,3,0.922184,7.98979,23.97678774,0.007417609,1
788.27,2371.02,7,80,63,1,1.24873,14.346119,99.89836124,-0.524473,1
0,0,0,0,0,0,0,0,0,0,1
0,0,0,0,0,0,0,0,0,0,1
0,61.42,0,3,3,0,1.497709,0,4.49312639,4.49312639,1
0,0,0,0,0,0,0,0,0,0,1
11054.59,7080.44,20,10,9,14,1.081799,0.540425,10.81799173,0.009492002,1
989.68,178.47,2,17,15,2,0.789643,6.710506,13.42392279,0.002911,1
0,0,0,0,0,0,0,0,0,0,1
0,0,0,0,0,0,0,0,0,0,1
806.63,2903.24,4,16,12,2,1.142151,4.568097,18.27441902,0.002032,1
0,0,0,0,0,0,0,0,0,0,1
1297.82,3672.33,16,19,16,11,1.262807,1.498021,23.99332693,0.024985152,1
0,561.29,0,19,18,0,0.681454,0,12.94762532,12.94762532,1
0,0,0,0,0,0,0,0,0,0,1
0,93.49,1,20,18,1,9.342433,186.84833,186.8486657,0.000336,1
239.99,316.61,2,27,27,2,1.015021,13.702307,27.40557941,0.000966,1
0,79.53,1,22,17,1,0.791383,17.409571,17.41043165,0.000861,1
0,1403.03,1,103,90,1,0.628527,64.728713,64.73832272,0.00961,1
0,896.64,1,10,10,1,0.644279,6.442345,6.442786019,0.000441,1
0,0,1,1,1,1,0.1,0.096854,0.1,0.003145661,1
1387.23,2603.16,4,4,4,4,1.751187,1.750704,7.00474984,0.001932099,1
9778.51,53326.3,4,11,11,4,0.049627,0.133622,0.545893145,0.011407015,1
0,45.61,1,24,23,1,1.030246,24.725047,24.7259078,0.000861,1
2740.23,52.07,3,4,4,3,0.609984,0.81315,2.43993505,0.00048534,1
0,23696.05,1,2,2,1,0.85,1.69916,1.7,0.00084,1
268.02,650.78,3,9,8,3,1.275121,3.823333,11.47608951,0.006089514,1
22850.64,0,4,1,1,3,0.007498,0.001402,0.007498475,0.001889681,1
0,95.27,1,4,4,1,0.817445,3.265,3.2697802,0.0047802,1
0,111.98,1,5,5,1,1.548,7.739139,7.74,0.000861,1
0,0,0,0,0,0,0,0,0,0,1
0,0,0,0,0,0,0,0,0,0,1
0,0,1,1,1,1,0.52,0.519139,0.52,0.000861,1
981.06,112.64,3,15,15,3,1.929674,9.64751,28.94511432,0.002583,1
0,0,0,0,0,0,0,0,0,0,1
0,0,1,1,1,1,0.5,0.499139,0.5,0.000861,1
2338.15,131.65,2,6,4,2,3.262899,9.787768,19.57739641,0.001861,1
0,0,0,0,0,0,0,0,0,0,1
0,293.72,1,21,19,1,0.942495,19.791527,19.79238846,0.000861,1
4561.15,402.4,2,3,3,2,5.168884,7.75,15.50665197,0.006651973,1
1937.67,83.12,48,141,130,42,0.507541,1.489972,71.56322958,0.044572277,1
10.83,45.26,35,20,17,16,6.129262,5.846967,122.5852364,-82.05861499,1
0,0,0,0,0,0,0,0,0,0,1
0,2906.7,0,54,29,0,0.369741,0,19.9660347,19.9660347,1
0,25132.01,0,7,4,0,0,0,0,0,1
3304.42,4287.63,23,9,3,8,0.106761,0.084539,0.960845376,-0.983544694,1
2013.15,137.55,41,65,60,35,0.945292,1.550852,61.44397803,-2.140942951,1
0,1001.16,0,173,132,0,0.005325,0,0.921264754,0.921264754,1
0,222.61,0,11,11,0,1.118801,0,12.30680948,12.30680948,1
0,0,0,1,1,0,0,0,0,0,1
260.49,158.2,38,27,24,28,10.25182,7.283266,276.7991522,0.035043687,1
0,24673.67,0,7,4,0,0,0,0,0,1
0,0,1,1,1,1,1118.880598,1118.879758,1118.880598,0.00084,1
246.68,238.4,4,72,49,3,1.269785,22.905809,91.42449457,-0.19874,1
0,651.58,1,17,15,1,0.66297,12.370076,11.27049611,-1.09958,1
0,509.77,1,19,15,1,0.829531,15.76022,15.76108081,0.000861,1
0,0,0,0,0,0,0,0,0,0,1
0,0,0,0,0,0,0,0,0,0,1
5265.52,990.64,2,7,6,2,0.637864,2.231663,4.46504818,0.001722,1
2.63,12.99,3,3,1,1,0.046667,0.046632,0.14,0.000105,1
0,583.19,0,6,6,0,2.604839,0,15.62903167,15.62903167,1
1525.53,34602.99,7,8,7,7,0.573327,0.648474,4.586617722,0.047297362,1
2493.32,907.98,89,77,69,86,2.210982,1.91317,170.2455978,-0.026496247,1
0,0,0,0,0,0,0,0,0,0,1
0,0,0,1,1,0,0.001719,0,0.00171924,0.00171924,1
0,0,1,1,1,1,0.05,0.049139,0.05,0.000861,1
12.66,20.05,2,2,1,1,7.5,7.4995,15,0.001,1
5812.3,1501.31,4,8,6,2,0.956343,1.912203,7.65074378,0.001932,1
4079.03,62.36,72,98,89,67,4.393417,5.978986,430.5548345,0.067828932,1
0,40081.2,0,5,3,0,0,0,0,0,1
0,0,0,0,0,0,0,0,0,0,1
0,3.16,1,2,2,1,0.250809,0.500506,0.50161887,0.001113,1
0,0,1,1,1,1,0.5,0.4996,0.5,0.0004,1
1294.01,21.93,2,7,7,1,1.118571,3.914821,7.83,0.000357,1
15857.93,40096.98,5,11,9,5,0.071116,0.098816,0.782275464,0.288193238,1
0,126.84,1,24,22,1,1.07978,25.913848,25.91470865,0.000861,1
0,0,0,0,0,0,0,0,0,0,1
0,0,0,1,1,0,0,0,0,0,1
7252.2,152.57,2,13,13,2,0.590879,3.839855,7.68143146,0.001722,1
172.66,426.74,28,359,235,6,0.555887,3.429336,199.5634188,103.5420188,1
0,53.71,1,39,38,1,0.861831,34.371261,33.61141314,-0.75984754,1
0,0,0,0,0,0,0,0,0,0,1
0,0,0,1,1,0,10000,0,10000,10000,1
100484.26,7.5,3,2135,2001,2,20.365085,10162.66667,43479.45623,12991.45623,1
0,269.04,1,17,17,1,0.645325,10.969663,10.97052416,0.000861,1
370.37,646.91,3,8,6,3,0.690279,1.840262,5.52223451,0.001449,1
0,0,0,0,0,0,0,0,0,0,1
0,4.99,1,5,5,1,0.885686,4.427571,4.42843157,0.000861,1
0,457.94,1,3,3,1,0.416058,1.247312,1.24817283,0.000861,1
0,64.21,1,15,14,1,0.304558,4.567507,4.568368024,0.000861,1
0,0,0,0,0,0,0,0,0,0,1
0,1096.05,1,4,4,1,0.442996,1.771501,1.77198402,0.000483,1
0,0,0,0,0,0,0,0,0,0,1
0,0,0,0,0,0,0,0,0,0,1
10379.44,2386.95,11,10,10,1,1.694038,1.539952,16.94037508,0.0008988,1
0,0,0,0,0,0,0,0,0,0,1
0,81.55,0,43,41,0,1.835611,0,78.93126631,78.93126631,1
0,0,0,0,0,0,0,0,0,0,1
1284.89,0,2,1,1,2,0.25,0.124832,0.25,0.00033698,1
0,0,1,1,1,1,0.108738,0.108654,0.10873845,8.40E-05,1
1233.83,44109.31,10,9,7,9,3.640335,3.275818,32.76301448,0.00483,1
0,49.87,1,3,3,1,1.003333,3.009769,3.01,0.000231,1
4.58,107.14,5,25,23,2,1.254398,6.271105,31.35995267,0.004428,1
2072.76,62.84,51,120,105,42,0.787923,1.882641,94.55070186,-1.463974514,1
0,0,0,1,1,0,0.001515,0,0.001515473,0.001515473,1
215.78,195.83,4,12,10,3,5.184213,15.552351,62.21056009,0.001155,1
10158.66,315.98,3,6,5,1,0.474563,0.948685,2.847377,0.001323,1
0,0,0,0,0,0,0,0,0,0,1
0,8082.95,1,18,12,1,0.052167,0.96879,0.939,-0.02979,1
0,830.36,1,10,9,1,0.748817,7.487685,7.488167772,0.000483,1
5439.93,38812.09,16,7,5,11,2.146776,0.938243,15.02743195,0.015539953,1
0,133.71,1,22,14,1,0.757429,16.663061,16.66343853,0.000377992,1
0,35.28,1,2,2,1,1.03,2.05979,2.06,0.00021,1
0,1349.11,1,30,26,1,0.743013,27.20013,22.29040422,-4.90972559,1
1175.92,733.46,2,3,2,2,3.826667,5.739139,11.48,0.001722,1
0,0,0,0,0,0,0,0,0,0,1
0,0,0,0,0,0,0,0,0,0,1
0,0,0,0,0,0,0,0,0,0,1
141058.82,6431.22,2,10,9,2,1.934,9.669255,19.34,0.001491,1
0,0,1,1,1,1,0.005,0.004874,0.005,0.000126,1
0,49447.52,0,4,3,0,0,0,0,0,1
0,29004.93,0,6,3,0,0,0,0,0,1
0,137.75,1,7,7,1,1.240512,8.68272,8.68358143,0.000861,1
0,0,0,0,0,0,0,0,0,0,1
52129.22,263.83,2,28,23,2,1.282949,17.960422,35.9225656,0.001722,1
113.17,73.5,2,19,14,2,2.603297,24.630885,49.46265131,0.200882,1
0,0,1,1,1,1,0.386582,0.386456,0.38658178,0.000126,1
3478.1,3413.24,19,14,10,13,0.703108,0.51752,9.84350794,0.010623402,1
0,0,0,0,0,0,0,0,0,0,1
0,0,0,0,0,0,0,0,0,0,1
0,0,1,1,1,1,0.504,0.50295,0.504,0.00105,1
0,0,0,0,0,0,0,0,0,0,1
0,29.17,1,20,17,1,0.530807,10.615271,10.616132,0.000861,1
0,0,0,0,0,0,0,0,0,0,1
0,81.98,0,6,6,0,0.640333,0,3.842,3.842,1
0,0,1,1,1,1,0.51,0.508614,0.51,0.001386,1
0,0,1,1,1,1,0.3,0.299811,0.3,0.000189,1
0,0,0,1,1,0,0.002969,0,0.002969,0.002969,1
0,0,0,0,0,0,0,0,0,0,1
0,896.88,1,2,2,1,1.016661,2.032839,2.0333217,0.000483,1
2620.52,803.55,44,18,15,44,0.906458,0.370357,16.31624692,0.020538005,1
0,0,0,0,0,0,0,0,0,0,1
0,0,0,0,0,0,0,0,0,0,1
2811.51,837.98,2,5,4,2,0.498,1.244517,2.49,0.000966,1
0,37.12,0,4,4,0,1.366138,0,5.46455232,5.46455232,1
0,0,0,0,0,0,0,0,0,0,1
0,0,0,0,0,0,0,0,0,0,1
0,0,0,0,0,0,0,0,0,0,1
285.4,475.24,2,15,14,1,0.984639,7.382712,14.76958223,0.004158,1
0,794.52,1,7,7,1,0.614286,4.29895,4.3,0.00105,1
0,579.02,1,6,6,1,0.420595,2.523149,2.52356852,0.00042,1
699.73,2177.32,2,2,2,2,0.3,0.299139,0.6,0.001722,1
0,70.69,1,12,11,1,1.228941,14.746427,14.74728755,0.000861,1
1023.44,830.44,5,6,6,3,1.668565,2.002042,10.01138822,0.001176,1
0,1313.79,0,9,7,0,0.577765,0,5.19988297,5.19988297,1
338.27,293.39,2,3,3,1,0.551238,0.826374,1.65371306,0.000966,1
0,0,1,1,1,1,0.505131,0.504711,0.50513095,0.00042,1
0,0,0,0,0,0,0,0,0,0,1
364.59,18147.52,4,3,2,3,0.515456,0.385,1.54636874,0.00636874,1
3420.34,86.52,4,2,2,4,0.456593,0.227435,0.91318525,0.003444,1
0,0,0,0,0,0,0,0,0,0,1
0,633.99,1,15,14,1,0.863876,12.95772,12.95813969,0.00042,1
59907.17,870.4,2,17,15,2,1.420172,12.070605,24.14293242,0.001722,1
1575.67,22.41,2,4,4,2,0.781998,1.563686,3.12799354,0.00062149,1
275.1,403.73,44,49,32,23,2.069214,2.297727,101.3914708,0.291470768,1
0,0,1,1,1,1,0.1,0.099517,0.1,0.000483,1
0,0,0,0,0,0,0,0,0,0,1
14160.17,0,3,1,1,3,1,0.332717,1,0.001848,1
42309.29,119.79,2,8,8,2,1.257726,5.028675,10.06181033,0.00446033,1
12446.09,373.55,12,41,34,8,0.872825,3.027526,35.78582947,-0.544477,1
0,0,0,0,0,0,0,0,0,0,1
34.17,300.78,3,5,5,3,0.239587,0.395965,1.1979374,0.0100424,1
323.24,7713.19,6,5,5,3,0.460579,0.382983,2.302895,0.004995745,1
0,0,0,0,0,0,0,0,0,0,1
0,0,0,0,0,0,0,0,0,0,1
438.4,3767.08,5,3,3,3,2.266667,1.359706,6.8,0.00147,1
0,0,0,0,0,0,0,0,0,0,1
448.9,0,6,1,1,4,0.2,0.199652,0.2,-0.997914228,1
49544.94,0,3,1,1,3,0.2,0.065568,0.2,0.003297,1
0,498.62,1,3,3,1,0.832733,2.496121,2.4982,0.002079,1
0,39.4,1,44,37,1,0.833726,36.783539,36.68395906,-0.09958,1
0,0,0,0,0,0,0,0,0,0,1
0,117.49,1,2,2,1,0.255059,0.509257,0.510118,0.000861,1
0,29020.27,0,6,4,0,0,0,0,0,1
0,128.96,1,3,3,1,0.69,2.06,2.07,0.01,1
1021.58,218.76,8,20,19,5,2.014076,5.03125,40.28151803,0.03151803,1
0,0,0,0,0,0,0,0,0,0,1
0,0,0,0,0,0,0,0,0,0,1
0,0,0,0,0,0,0,0,0,0,1
0,0,0,0,0,0,0,0,0,0,1
0,1077.54,1,8,8,1,1.045678,8.364563,8.36542445,0.000861,1
8406.13,25.6,5,7,6,4,0.430714,0.6,3.015,0.015,1
2039.54,159.79,2,16,4,1,0.080707,0.64,1.29131662,0.01131662,1
19343.65,23241.62,11,13,13,11,0.084967,0.099147,1.10456858,0.01395438,1
110527.4,61.56,2,18,14,2,1.921199,17.28,34.58158744,0.02158744,1
0,114,1,20,16,1,1.377856,27.547129,27.55712923,0.01,1
0,303.83,0,5,3,0,0.810902,0,4.054507555,4.054507555,1
0,0,1,1,1,1,1.00021,0.998131,1.00021,0.002079,1
0,0,1,1,1,1,0.1,0.09,0.1,0.01,1
718.2,0,4,1,1,3,1,0.424884,1,-0.699538,1
0,925.25,1,2,2,1,0.344061,0.687491,0.688121194,0.00063,1
0,0,0,0,0,0,0,0,0,0,1
0,0,0,1,1,0,0,0,0,0,1
0,2860.03,1,2,2,1,0.75,1.499139,1.5,0.000861,1
1508.62,9624.71,4,6,6,1,0.346017,0.517367,2.076099081,0.00663,1
0,0,0,0,0,0,0,0,0,0,1
502.98,0,2,1,1,2,1.987916,0.97208,1.987916,0.043756,1
0,83.89,1,14,11,1,1.884143,26.37,26.378,0.008,1
0,26579.93,1,5,5,1,0.0892,0.44,0.446,0.006,1
0,4781.26,1,8,8,1,1.946861,15.5747,15.57488905,0.00018905,1
0,0,0,0,0,0,0,0,0,0,1
119.98,1178.02,6,7,7,3,1.016696,1.269452,7.11687364,-0.49984,1
0,0,0,0,0,0,0,0,0,0,1
0,1451.1,1,2,2,1,1.7,3.39979,3.4,0.00021,1
403.83,317.49,5,14,13,1,1.102947,3.087391,15.44125755,0.004305,1
0,311.91,1,9,9,1,0.819142,7.371224,7.37227387,0.00105,1
3646.52,26331.65,6,8,8,1,0.012231,0.015695,0.097850239,0.003678013,1
89691.52,162.53,2,2,2,2,0.047947,0.047599,0.095894295,0.000696845,1
0,236.33,1,10,10,1,1.264843,12.647381,12.64843081,0.00105,1
6.75,30.87,208,57,45,54,1.884695,1.295493,107.4276046,-162.0349241,1
235.39,2703.37,2,7,6,2,0.396921,1.383792,2.77844426,0.010861,1
0,0.57,1,2,1,1,1.883761,3.767123,3.767522228,0.000399,1
0,0,0,0,0,0,0,0,0,0,1
0,0,0,0,0,0,0,0,0,0,1
0,696.71,1,14,14,1,0.636553,9.410875,8.91173629,-0.499139,1
15014.54,32189.1,9,10,8,2,2.432766,2.702109,24.3276612,0.008679049,1
0,247.29,1,2,2,1,0.8855,1.77,1.771,0.001,1
0,12326.24,1,2,2,1,0.132081,0.264099,0.264161725,6.30E-05,1
0,48.74,1,30,24,1,0.76129,22.837844,22.83870537,0.000861,1
0,0,1,1,1,1,1,0.99874,1,0.00126,1
0,0,0,0,0,0,0,0,0,0,1
0,12.64,1,7,6,1,0.621094,4.346799,4.34765983,0.000861,1
0,29000.07,0,6,3,0,0,0,0,0,1
0,0,0,0,0,0,0,0,0,0,1
3496.38,305.97,56,119,103,55,4.719694,10.028674,561.6435849,0.037844824,1
0,0,0,0,0,0,0,0,0,0,1
1252.68,5977.47,2,7,7,1,2.119167,7.415628,14.83416704,0.002911,1
31435.25,402.04,3,64,61,3,1.076259,22.959342,68.88054661,0.00252,1
0,48.77,1,4,4,1,1.419442,5.67,5.67776747,0.00776747,1
0,0,0,1,1,0,0.05,0,0.05,0.05,1
0,0,0,0,0,0,0,0,0,0,1
0,0,1,1,1,1,2.5,2.49958,2.5,0.00042,1
0,0,0,0,0,0,0,0,0,0,1
0,580.93,1,3,2,1,0.682206,2.045756,2.04661749,0.000861,1
0,0,0,0,0,0,0,0,0,0,1
0,873.21,1,3,3,1,6.251489,18.752389,18.75446845,0.002079,1
0,0,0,0,0,0,0,0,0,0,1
0,0,0,0,0,0,0,0,0,0,1
0,111.54,1,5,5,1,1.238531,6.192214,6.19265488,0.000441,1
0,3506.82,1,2,2,1,0.1,0.199139,0.2,0.000861,1
0,0,1,1,1,1,0.003433,0.003349,0.003433,8.40E-05,1
0,0,1,0,0,1,0,1.999916,0,-1.999916,1
0,0,0,0,0,0,0,0,0,0,1
0,0,0,0,0,0,0,0,0,0,1
11955.46,561.5,3,6,6,3,0.668351,1.336073,4.01010899,0.00189,1
0,0,0,0,0,0,0,0,0,0,1
0,0,0,0,0,0,0,0,0,0,1
0,0,0,0,0,0,0,0,0,0,1
0,0,0,0,0,0,0,0,0,0,1
362.93,3924.17,6,5,5,6,0.898393,0.748167,4.49196421,0.00296421,1
0,0,0,1,1,0,0.05,0,0.05,0.05,1
356.08,1365.94,10,2,2,2,1.049979,0.209903,2.099958,0.000924,1
0,416.13,1,2,2,1,0.532849,1.064838,1.06569877,0.000861,1
7321.26,386.13,3,10,7,3,0.324325,1.077333,3.243246661,0.011246661,1
0,0,0,0,0,0,0,0,0,0,1
0,13.72,1,10,10,1,1.888806,18.885982,18.88806148,0.002079,1
0,0,0,0,0,0,0,0,0,0,1
0,0,0,0,0,0,0,0,0,0,1
0,0,1,1,1,1,0.599832,0.599034,0.599832,0.000798,1
0,0,1,1,1,1,0.7112,0.7102,0.7112,0.001,1
0,8398.16,0,3,3,0,0,0,0,0,1
0,0,0,0,0,0,0,0,0,0,1
36059.35,15639.14,5,12,11,3,0.126855,0.3036,1.522255242,0.004255242,1
0,0,0,0,0,0,0,0,0,0,1
0,0,0,0,0,0,0,0,0,0,1
0,14,1,71,61,1,0.973986,70.152556,69.15297565,-0.99958,1
0,0,0,0,0,0,0,0,0,0,1
0,0,1,1,1,1,0.5,0.499517,0.5,0.000483,1
0,43.68,1,4,4,1,0.874989,3.499538,3.499958,0.00042,1
0,316.28,1,17,17,1,1.871013,31.806779,31.80722,0.000441,1
0,82.07,1,13,12,1,3.436865,44.67,44.67924914,0.00924914,1
0,135.08,1,3,3,1,1.166667,3.49,3.5,0.01,1
164.48,644.38,2,6,6,2,1.827258,5.106238,10.96355043,0.751073828,1
0,146.71,1,5,5,1,0.533822,2.668061,2.66911126,0.00105,1
5065.18,6674.5,2,2,2,2,1.181716,1.175,2.36343106,0.01343106,1
2322.35,317.93,3,26,23,3,0.818283,7.090922,21.27534761,0.002583,1
1113.11,1342.5,3,6,6,3,0.690664,1.380846,4.14398698,0.00144901,1
0,0,1,1,1,1,0.01,0.009853,0.01,0.000147,1
0,368.53,0,18,15,0,0.804438,0,14.47988264,14.47988264,1
1518.99,2683.08,4,11,9,4,0.378499,1.0375,4.16349137,0.01349137,1
8198.76,5778.2,9,56,54,9,0.066253,0.404997,3.71016795,0.0651962,1
0,0,0,0,0,0,0,0,0,0,1
42314.28,0.64,8,2,2,8,0.595,0.148558,1.19,0.001533,1
0,0,0,0,0,0,0,0,0,0,1
0,0,0,1,1,0,0.294426,0,0.294426,0.294426,1
446.03,5849.06,2,14,8,2,1.104838,7.38297,15.46772762,0.70178788,1
262.68,197.66,109,111,104,54,14.689887,14.959358,1630.577419,0.007419133,1
86355.96,869.25,2,11,10,2,1.407488,7.740325,15.48237188,0.001722,1
0,1127.3,1,4,4,1,3.1525,12.604,12.61,0.006,1
0,0,0,0,0,0,0,0,0,0,1
0,653.8,1,4,4,1,2.736968,10.947555,10.94787028,0.000315,1
0,0,0,0,0,0,0,0,0,0,1
0,34814.2,0,5,3,0,0,0,0,0,1
0,0,0,0,0,0,0,0,0,0,1
0,0,0,0,0,0,0,0,0,0,1
342.61,199.21,2,6,6,1,1.336529,4.009113,8.01917472,0.0009492,1
3060.66,1426.78,9,6,5,4,0.101473,0.067444,0.60883531,0.00183532,1
0,0,0,0,0,0,0,0,0,0,1
0,1171.24,0,9,9,0,0.573653,0,5.16287899,5.16287899,1
1235.11,392.83,9,15,12,7,2.302314,3.953585,34.53470329,-1.047564,1
53181.49,10026.47,3,4,3,3,3.092172,4.084673,12.36868954,0.11467053,1
107171.34,266.85,3,12,12,3,0.982418,3.928812,11.78901814,0.002583,1
0,0,0,0,0,0,0,0,0,0,1
2592.42,1702.87,6,6,6,5,0.67655,0.675063,4.05930244,0.008925,1
0,133.48,1,23,22,1,0.982917,22.60623,22.60709134,0.000861,1
0,0,1,1,1,1,1,0.999139,1,0.000861,1
12214.38,766.83,2,25,12,1,0.00612,0.071,0.153,0.011,1
0,8.81,1,3,3,1,0.408333,1.224139,1.225,0.000861,1
143.27,95.03,5,4,4,1,0.672605,0.537601,2.69042,0.002415,1
6616.51,72551.03,12,4,4,3,19.255872,6.418933,77.0234898,-0.003702399,1
52.41,128.48,3,11,10,1,1.572113,5.763554,17.29324615,0.002583,1
0,0,0,0,0,0,0,0,0,0,1
0,0,0,0,0,0,0,0,0,0,1
0,0,0,0,0,0,0,0,0,0,1
1511.16,435.85,3,3,3,1,8.749751,8.749,26.2492516,0.0022516,1
0,0,0,0,0,0,0,0,0,0,1
0,0,0,0,0,0,0,0,0,0,1
0,74.78,1,6,6,1,0.659359,3.955293,3.95615415,0.000861,1
1955.81,1279.4,3,10,9,2,1.285516,4.293469,12.85515691,-0.025250584,1
0,131.89,1,6,6,1,0.516366,3.097336,3.09819739,0.000861,1
0,0,0,0,0,0,0,0,0,0,1
0,8.56,1,3,3,1,1.666667,4.999559,5,0.000441,1
0,2891.04,0,3,3,0,18.591737,0,55.77521247,55.77521247,1
0,0,0,0,0,0,0,0,0,0,1
16569.18,42021.68,3,2,2,2,0.1055,0.070088,0.211,0.000735,1
0,774.18,1,5,4,1,0.504877,2.523901,2.52438417,0.000483,1
0,0,1,1,1,1,0.5,0.499685,0.5,0.000315,1
0,0,0,0,0,0,0,0,0,0,1
0,604.8,0,9,8,0,2.686486,0,24.1783736,24.1783736,1
0,0,1,1,1,1,2.14,2.129139,2.14,0.010861,1
0,0,0,0,0,0,0,0,0,0,1
0,0,0,0,0,0,0,0,0,0,1
0,0,0,0,0,0,0,0,0,0,1
0,489.71,1,24,21,1,1.095592,25.613206,26.29420552,0.681,1
9379.57,57.54,33,45,37,28,17.759977,24.216943,799.1989844,0.039860586,1
14.74,431.18,2,18,18,2,0.968429,8.758925,17.431715,-0.086135319,1
11615.11,0,2,1,1,2,0.25,0.124139,0.25,0.001722,1
1681.21,5492.54,18,23,19,7,0.106172,0.135004,2.441945804,0.011865,1
0,30.35,0,44,10,0,3.430111,0,150.9249,150.9249,1
36898.92,3600.7,6,19,19,6,1.350267,4.275435,25.65506446,0.002456769,1
0,0,1,1,1,1,0.5,0.499139,0.5,0.000861,1
0,0,0,0,0,0,0,0,0,0,1
0,0,0,0,0,0,0,0,0,0,1
0,0,0,0,0,0,0,0,0,0,1
7039.45,7049.22,10,7,7,9,1.69064,1.18261,11.83447817,0.008379,1
0,765.34,0,17,4,0,0,0,0,0,1
0,0,0,0,0,0,0,0,0,0,1
0,0,0,0,0,0,0,0,0,0,1
933.52,846.65,15,4,4,8,1.162635,0.450878,4.6505415,-2.112630889,1
144.73,0,2,1,1,2,0.5,0.2475,0.5,0.005,1
0,0,1,1,1,1,0.021268,0.020407,0.02126779,0.000861,1
162.82,487.94,7,3,3,3,0.128,0.053143,0.384,0.012,1
0,194.82,1,7,7,1,0.599424,4.194916,4.195965618,0.00105,1
0,0,1,1,1,1,0.51,0.509949,0.51,5.08E-05,1
0,0,1,1,1,1,0.011258,0.010397,0.011258355,0.000861,1
844.53,20893.5,4,8,8,3,0.682519,1.6125,5.460153444,-0.989846556,1
0,0,0,0,0,0,0,0,0,0,1
0,0,0,1,1,0,0.38852,0,0.38851953,0.38851953,1
230.06,736.23,5,4,4,5,6.75,5.39916,27,0.0042,1
2299.64,808.98,4,12,10,2,0.16875,0.505767,2.025,0.001932,1
0,0,0,0,0,0,0,0,0,0,1
0,0,1,1,1,1,8.534054,8.5335,8.53405353,0.00055353,1
0,426.88,1,30,27,1,0.72452,21.733659,21.73561191,0.001953,1
0,2.49,1,23,23,1,3.397276,78.1365,78.13733999,0.00084,1
0,36.88,1,2,2,1,0.961089,1.921128,1.92217811,0.00105,1
0,0,0,0,0,0,0,0,0,0,1
0,0,0,0,0,0,0,0,0,0,1
0,1263.43,1,22,22,1,3.959334,87.096356,87.10535606,0.009,1
0,0,0,0,0,0,0,0,0,0,1
0,0,0,0,0,0,0,0,0,0,1
0,20.26,0,26,7,0,0.548846,0,14.27,14.27,1
0,106.31,0,14,12,0,3.282046,0,45.94865,45.94865,1
0,0,0,0,0,0,0,0,0,0,1
8524.49,0,2,1,1,2,0.073195,0.035667,0.07319502,0.001861,1
523.17,6686.35,3,5,4,2,0.554346,0.923686,2.77173143,0.000672,1
0,0,0,0,0,0,0,0,0,0,1
37.04,72.02,2,2,2,2,0.499937,0.36654,0.99987404,0.26679404,1
0,29495.38,0,6,3,0,0,0,0,0,1
0,0,1,1,1,1,3,2.999559,3,0.000441,1
0,41,1,5,4,1,1.638,8.18895,8.19,0.00105,1
0,0,0,0,0,0,0,0,0,0,1
427.43,762.99,2,11,9,1,0.3851,2.115,4.23609869,0.00609869,1
617.67,27.1,2,3,3,2,0.333667,0.500017,1.001,0.000966,1
35.01,180.4,74,43,37,43,16.185457,9.403027,695.9746371,0.15063714,1
5407.45,29.58,5,3,3,4,5.329598,3.197276,15.98879267,0.002415,1
0,11425.33,1,2,2,1,0.55,1.097921,1.1,0.002079,1
0,0,1,1,1,1,7,6.99,7,0.01,1
0,529.44,0,10,9,0,0.903367,0,9.03366687,9.03366687,1
52707.28,1556.67,2,27,27,2,0.292148,3.745817,7.887998354,0.39636449,1
0,0,0,0,0,0,0,0,0,0,1
0,0,1,1,1,1,1.02,1.019,1.02,0.001,1
0,0,0,0,0,0,0,0,0,0,1
0,0,0,0,0,0,0,0,0,0,1
948.9,1449.81,5,5,5,5,2.654333,2.6534,13.27166409,0.00466409,1
0,406.32,0,6,6,0,0.34753,0,2.08518169,2.08518169,1
0,576.75,0,23,3,0,0.176957,0,4.07,4.07,1
0,202.16,1,8,7,1,0.537941,4.301447,4.303526288,0.002079,1
76116.28,227.89,5,26,24,5,5.959176,30.9872,154.9385854,0.00258384,1
13987.15,1151.97,3,34,26,2,1.212838,13.743295,41.23650048,0.006615,1
0,0,0,0,0,0,0,0,0,0,1
4262.01,0,2,1,1,2,2,0.999517,2,0.000966,1
10351.33,92.92,7,33,23,4,0.777338,3.663733,25.65216031,0.006027,1
0,0,1,1,1,1,0.51,0.509874,0.51,0.000126,1
129.77,44.15,3,34,20,2,0.684886,7.761177,23.2861134,0.002583,1
168819.73,28523.2,2,7,7,2,1.526934,5.343914,10.6885412,0.000714,1
0,6508.59,0,6,6,0,0.666674,0,4.000041964,4.000041964,1
0,178.36,1,5,5,1,1.924532,9.622568,9.62266088,9.24E-05,1
0,0,0,0,0,0,0,0,0,0,1
0,0,0,0,0,0,0,0,0,0,1
0,9756.05,0,2,2,0,0,0,0,0,1
22888.83,3835.95,2,9,9,2,1.587729,7.144338,14.289559,0.000882,1
0,65.53,1,10,10,1,0.860892,8.60806,8.60892053,0.000861,1
0,0,0,0,0,0,0,0,0,0,1
383.44,0,2,1,1,1,0.51966,0.258885,0.51965969,0.00189,1
0,41.42,1,4,4,1,3.8375,15.34,15.35,0.01,1
0,71.36,0,24,5,0,0.899112,0,21.57869936,21.57869936,1
1767.98,66,4,30,23,1,0.674376,5.056958,20.23127553,0.003444,1
241.55,66.07,3,52,49,3,1.119078,19.396087,58.19204052,0.00378,1
0,551.42,1,4,4,1,1.269413,5.07557,5.07765048,0.00208048,1
0,0,0,0,0,0,0,0,0,0,1
298.53,3065.2,18,17,13,14,1.788253,1.688423,30.40030698,0.008694,1
0,4.72,1,2,2,1,5.70594,11.411019,11.41188025,0.000861,1
0,9160.55,0,2,2,0,0,0,0,0,1
0,0,0,0,0,0,0,0,0,0,1
0,89.42,1,8,8,1,4.913176,39.304967,39.30540799,0.000441,1
0,1825.02,1,5,5,1,0.706353,3.531554,3.531764365,0.000210005,1
83136.59,36.92,2,2,2,2,1.125,1.1249,2.25,0.0002,1
0,128.6,1,2,2,1,0.075,0.1497,0.15,0.0003,1
0,59.31,1,18,17,1,2.301317,41.423,41.42370577,0.000705769,1
0,0,0,0,0,0,0,0,0,0,1
0,29.62,1,4,4,1,0.733918,2.934812,2.935673,0.000861,1
5933.17,12814.28,38,41,34,38,0.045408,0.048362,1.8617097,0.023961516,1
0,69.14,1,16,16,1,0.681364,10.899731,10.90182162,0.002091,1
0,0,1,1,1,1,0.7,0.69,0.7,0.01,1
0,6053.98,0,7,3,0,0.238981,0,1.672865728,1.672865728,1
0,0,0,0,0,0,0,0,0,0,1
843.42,639.89,2,7,5,2,0.955571,3.343639,6.689,0.001722041,1
0,29011.57,0,6,4,0,0,0,0,0,1
0,21766.36,0,8,4,0,0,0,0,0,1
14208.39,922.25,4,11,9,3,1.912137,5.38773,21.03350374,-0.517417,1
7437.77,89.42,15,7,7,15,0.93235,0.434236,6.526449375,0.012915,1
0,109.52,1,2,2,1,0.2525,0.5,0.505,0.005,1
13548.78,92.04,2,3,3,2,11.83,17.7445,35.49,0.001,1
188.7,1231.67,45,38,26,4,0.702099,0.233889,26.67976043,16.15476043,1
0,318.17,1,2,2,1,0.1525,0.29,0.305,0.015,1
2287.81,1804.72,18,23,19,13,0.960208,2.06146,22.08479302,-15.02149273,1
162.08,188.82,2,2,2,2,0.250005,0.249522,0.50001,0.000966,1
0,84.87,1,16,13,1,0.610059,9.758862,9.76094124,0.002079,1
0,210.99,1,9,8,1,1.061598,9.552302,9.554381034,0.002079,1
3257.49,5546.43,11,4,4,11,0.405967,0.135331,1.623867669,0.135224703,1
0,0,1,1,1,1,0.666475,0.665614,0.66647488,0.000861,1
0,0,0,0,0,0,0,0,0,0,1
0,23.53,0,17,5,0,2.291824,0,38.961,38.961,1
3323.73,0,3,1,1,2,0.016139,0.003954,0.016139,0.004275751,1
0,1114.51,0,3,3,0,0.338333,0,1.015,1.015,1
5236.28,888.42,2,9,5,2,0.518224,2.330792,4.66401939,0.002436,1
5988.99,978.14,6,14,14,5,1.891841,4.413497,26.48576944,0.004788,1
0,0,0,0,0,0,0,0,0,0,1
168.18,44.15,2,7,7,2,4.085714,14.299139,28.6,0.001722,1
393.72,0,2,1,1,2,0.495,0.247017,0.495,0.000966,1
0,208.66,1,60,39,1,0.612536,36.751311,36.75217232,0.000861,1
0,13.65,1,10,9,1,0.507121,5.070349,5.07120968,0.000861,1
63.51,4.33,2,2,2,2,0.497,0.496517,0.994,0.000966,1
410.33,7212.83,3,3,3,1,3.068,3.067181,9.204,0.002457,1
0,3051.92,1,6,6,1,0.809143,4.853997,4.85485785,0.000861,1
4297.15,865.03,12,15,13,11,1.047343,1.30825,15.710147,0.011151795,1
0,0,0,0,0,0,0,0,0,0,1
0,0,0,0,0,0,0,0,0,0,1
0,28289.06,0,7,4,0,0,0,0,0,1
0,0,1,1,1,1,0.517,0.516779,0.517,0.0002205,1
100277.04,101,2,11,9,2,2.440687,13.422918,26.84755834,0.001722,1
0,149.66,1,41,34,1,1.246632,51.611059,51.1119202,-0.499139,1
0,167.06,1,8,8,1,1.43779,11.5,11.50231637,0.00231637,1
69207.69,0,2,1,1,2,1,0.499534,1,0.00093169,1
0,0,1,1,1,1,15,14.999559,15,0.000441,1
0,172.34,0,10,9,0,0.59925,0,5.9925016,5.9925016,1
0,87.31,1,2,2,1,1.076207,2.151973,2.15241439,0.000441,1
0,0,0,0,0,0,0,0,0,0,1
48933.18,0,5,1,1,4,0.5,0.148609,0.5,-0.243047419,1
0,6298.32,1,3,3,1,0.866667,2.599517,2.6,0.000483,1
17493.38,0,2,1,1,1,0.01,0,0.01,0.01,1
0,0,0,0,0,0,0,0,0,0,1
261.89,1986.57,16,16,4,2,0.007965,0.007873,0.127442053,0.001477897,1
1319.67,0,2,1,1,2,20.74329,10.371519,20.7432898,0.000252,1
0,0,1,1,1,1,0.64,0.639685,0.64,0.000315,1
0,97.65,1,25,21,1,1.032991,25.823918,25.82477863,0.000861,1
0,0,0,0,0,0,0,0,0,0,1
48672.1,126.38,2,18,17,1,0.836866,7.530933,15.06358754,0.001722,1
0,15819.27,0,11,6,0,0,0,0,0,1
20138.34,6594.19,2,10,9,2,1.077565,5.386776,10.77565215,0.0021,1
0,0,1,1,1,1,0.51,0.509139,0.51,0.000861,1
0,0,0,0,0,0,0,0,0,0,1
0,22.45,1,20,19,1,0.76775,15.354139,15.355,0.000861,1
0,102.87,1,27,25,1,2.218388,60.395615,59.89647599,-0.499139,1
0,126.52,0,4,4,0,3.330238,0,13.32095032,13.32095032,1
0,508.74,1,3,3,1,0.29,0.868729,0.87,0.001271,1
0,726.18,1,18,16,1,0.980107,17.641059,17.64192016,0.000861,1
0,0,0,0,0,0,0,0,0,0,1
4645.36,2235.01,4,7,5,4,2.088721,3.925151,14.62104593,-1.079558088,1
0,100.37,1,7,7,1,0.44846,3.137142,3.13922085,0.002079,1
0,419.26,0,5,4,0,1.597748,0,7.98874,7.98874,1
0,42.21,1,4,3,1,1.0275,4.109139,4.11,0.000861,1
0,181.63,0,16,13,0,0.410233,0,6.56373169,6.56373169,1
12745.43,543.58,4,4,4,4,0.874586,0.873725,3.49834568,0.003444,1
204.28,560.88,5,13,12,3,0.796373,2.069384,10.35284611,0.005926105,1
0,0,1,1,1,1,5.00E-05,0,5.00E-05,5.00E-05,1
0,0,0,0,0,0,0,0,0,0,1
0,7598.36,1,2,2,1,0.175,0.349517,0.35,0.000483,1
0,124.59,1,46,36,1,1.602074,74.204564,73.69542537,-0.509139,1
25349.87,9440.04,4,15,14,3,0.003867,0.014381,0.05801,0.000487276,1
0,0,0,0,0,0,0,0,0,0,1
10428.11,6539.4,26,31,10,15,0.039603,0.02192,1.22768054,0.657754358,1
0,0,1,1,1,1,0.6,0.5995,0.6,0.0005,1
0,999.1,1,16,15,1,1.278447,20.994293,20.45515437,-0.539139,1
0,0,0,1,1,0,0.016549,0,0.016549422,0.016549422,1
0,32975.87,0,6,4,0,0,0,0,0,1
0,103.55,1,6,5,1,0.875526,5.25,5.25315732,0.00315732,1
74120.64,253.61,6,8,8,5,1.561177,2.081133,12.48942,0.00262,1
0,0,1,1,1,1,1,0.999093,1,0.0009072,1
0,29311.25,0,6,3,0,0,0,0,0,1
0,3506.48,0,8,2,0,0,0,0,0,1
2754.12,517.46,3,3,3,3,0.714989,0.714686,2.14496688,0.00090924,1
0,0,0,0,0,0,0,0,0,0,1
0,0,0,0,0,0,0,0,0,0,1
205478.96,0,2,1,1,2,0.538451,0.268295,0.538451,0.001861,1
0,7.92,1,2,2,1,0.277986,0.553957,0.55597288,0.002016,1
0,1238.17,1,9,9,1,0.412666,4.413135,3.71399644,-0.699139,1
0,487.41,1,11,11,1,0.985615,10.840906,10.84176659,0.000861,1
0,0,0,0,0,0,0,0,0,0,1
907.99,10396.13,38,19,19,21,0.80708,0.402186,15.33451156,0.051444516,1
1429.75,774.61,7,3,3,7,0.403186,0.172492,1.209559,0.0021168,1
0,0,0,0,0,0,0,0,0,0,1
0,0,0,0,0,0,0,0,0,0,1
0,0,1,1,1,1,1.082979,1.082118,1.08297869,0.000861,1
0,0,0,0,0,0,0,0,0,0,1
0,0,0,0,0,0,0,0,0,0,1
0,397.94,1,13,8,1,0.460936,5.99,5.99216519,0.00216519,1
0,0,0,0,0,0,0,0,0,0,1
0,5857.42,0,2,2,0,0.243908,0,0.4878156,0.4878156,1
1901.95,29.07,2,2,2,2,0.042,0.035943,0.084,0.01211453,1
0,0,0,0,0,0,0,0,0,0,1
0,0,0,0,0,0,0,0,0,0,1
0,0,0,0,0,0,0,0,0,0,1
0,0,0,0,0,0,0,0,0,0,1
0,682.27,1,6,6,1,0.780484,4.682,4.6829066,0.0009066,1
0,481.38,0,17,16,0,1.183064,0,20.11209179,20.11209179,1
485.61,0,2,1,1,2,0.98029,1.235,0.98029,-1.48971,1
1924.33,1250.11,2,2,2,2,0.1625,0.162,0.325,0.001,1
1613.92,5134.68,22,23,18,7,0.52247,0.545566,12.01679981,0.014343,1
0,713.45,1,4,4,1,2.927811,11.709167,11.71124559,0.002079,1
15876.86,0,18,1,1,18,3.09,0.175581,3.09,-0.07045615,1
0,0,1,1,1,1,1,0.999916,1,8.40E-05,1
6265.95,9215.1,5,3,3,4,0.393758,0.235772,1.181275413,0.002415,1
0,135.21,1,11,7,1,0.533525,5.867917,5.868778227,0.000861,1
0,39558.81,0,5,4,0,0,0,0,0,1
0,0,0,0,0,0,0,0,0,0,1
0,0,0,0,0,0,0,0,0,0,1
191.23,550.09,43,3,1,41,247.456288,17.260465,742.3688629,0.168862885,1
15871.76,582.18,2,30,27,1,1.281825,19.476521,38.45476344,-0.498278,1
644.13,1899.37,4,7,6,3,0.624387,1.091034,4.370706393,0.006570635,1
0,120.26,1,15,13,1,1.561104,23.4157,23.41656084,0.000861,1
386.54,304.4,2,5,3,1,0.997901,2.493892,4.98950565,0.001722,1
0,459.27,1,3,3,1,1.047293,3.13573,3.141880008,0.00615,1
798.49,345.09,53,25,22,38,0.586097,0.281574,14.6524374,-0.270999784,1
0,0,1,1,1,1,0.1,0.09916,0.1,0.00084,1
0,0,0,1,1,0,1,0,1,1,1
0,0,0,1,1,0,0.032128,0,0.03212758,0.03212758,1
0,0,0,1,1,0,0,0,0,0,1
0,2697,1,2,2,1,0.45,0.899034,0.9,0.000966,1
0,0,1,1,1,1,1,0.99,1,0.01,1
0,471.97,1,5,4,1,0.668618,3.342858,3.34308936,0.000231,1
0,123.76,1,14,12,1,0.827297,11.581112,11.58216186,0.00105,1
0,39683.64,0,5,3,0,0,0,0,0,1
3200.23,203.95,2,8,8,2,0.560671,2.241825,4.4853714,0.001722,1
0,1160.19,1,3,3,1,0.396508,1.188662,1.18952262,0.000861,1
0,176.39,1,22,22,1,1.232405,27.112058,27.11291861,0.000861,1
0,0,0,0,0,0,0,0,0,0,1
525.97,91.97,10,16,12,10,1.026256,0.622805,16.42008804,10.19204266,1
0,0,1,1,1,1,0.5,0.499559,0.5,0.000441,1
0,39563.96,0,5,3,0,0,0,0,0,1
3497.27,304.05,2,16,16,2,1.292019,10.84065,20.67230477,-1.008995232,1
0,0,0,0,0,0,0,0,0,0,1
0,0,0,0,0,0,0,0,0,0,1
0,137.82,1,7,7,1,0.585845,4.099867,4.100916798,0.00105,1
0,0,0,0,0,0,0,0,0,0,1
0,0,0,0,0,0,0,0,0,0,1
0,0,0,0,0,0,0,0,0,0,1
68.12,2696.64,3,28,20,3,0.996449,8.686667,27.90057148,1.84057167,1
0,0,0,0,0,0,0,0,0,0,1
0,41.15,1,6,6,1,2.32558,13.953374,13.95347917,0.000105,1
84.34,818.65,4,8,8,1,0.089165,0.17759,0.71332136,0.002961,1
0,0,1,1,1,1,0.1,0.09688,0.1,0.00312,1
362.62,191.23,3,8,8,1,1.016875,2.711226,8.135,0.001323,1
0,0,0,0,0,0,0,0,0,0,1
0,0,1,1,1,1,1.09,1,1.09,0.09,1
0,155.34,0,11,8,0,1.034586,0,11.38044336,11.38044336,1
489.06,529.23,3,3,2,3,0.438436,0.117379,1.31530802,0.96317202,1
3853.49,305.98,2,32,30,1,0.421223,6.739503,13.47913298,0.000126,1
0,0,0,0,0,0,0,0,0,0,1
0,0,0,0,0,0,0,0,0,0,1
4073.04,917.48,2,2,2,2,0.5,0.744958,1,-0.489916,1
908.79,0,2,1,1,2,0.549734,0.27399,0.5497343,0.0017543,1
0,334.21,0,37,16,0,0.373366,0,13.81453922,13.81453922,1
0,0,1,1,1,1,0.549912,0.549051,0.54991214,0.000861,1
0,205.21,1,2,2,1,0.4,0.799517,0.8,0.000483,1
0,0,0,0,0,0,0,0,0,0,1
4065.86,1474.59,28,36,30,25,1.443682,1.855926,51.97254159,0.006603639,1
1989.69,135.3,8,81,62,8,0.631184,6.490102,51.12590099,-0.794913,1
495.3,370.88,9,17,15,6,0.905013,1.823751,15.38522232,-1.028536,1
2434.68,1287.05,2,15,14,2,0.660274,4.951196,9.90411325,0.001722,1
0,11.06,1,2,2,1,0.6,1.19895,1.2,0.00105,1
0,31.25,1,2,2,1,0.511765,1.021451,1.02353047,0.002079,1
0,79.71,1,10,10,1,2.553544,25.535042,25.53544095,0.000399,1
34595.15,79244.84,4,3,3,4,0.0335,0.033316,0.1005,-0.03276489,1
666.55,1730.43,11,2,2,7,1.05,0.367778,2.1,-1.9455542,1
0,0,0,0,0,0,0,0,0,0,1
560.34,2145.54,3,4,4,1,0.585547,0.779869,2.342189277,0.002583,1
0,787.85,1,7,6,1,1.315555,9.206806,9.208885307,0.002079,1
339.2,146.77,74,132,108,14,1.482221,2.609755,195.6531351,2.531270816,1
0,785.91,0,3,3,0,0.023333,0,0.07,0.07,1
20659.26,801.02,2,16,13,2,0.964315,7.714097,15.42903448,0.00084,1
0,0,0,0,0,0,0,0,0,0,1
0,63.96,1,21,21,1,2.471269,51.89,51.89664249,0.006642488,1
0,142.81,1,33,27,1,1.124592,37.109572,37.11152492,0.001953,1
0,0,1,1,1,1,0.329,0.328139,0.329,0.000861,1
3009.04,349.36,2,28,23,2,1.789082,25.046667,50.0942997,0.000966,1
116.87,123.54,2,22,22,2,2.447695,26.924162,53.84929011,0.000966,1
0,105.61,0,14,14,0,0.589409,0,8.251730313,8.251730313,1
23534.96,0,3,1,1,3,0.1,0.03285,0.1,0.001449,1
0,0,1,1,1,1,2.665322,2.66,2.665322,0.005322,1
0,117.33,1,63,62,1,1.300389,81.918751,81.92452801,0.005777,1
0,40091.89,0,5,3,0,0,0,0,0,1
197.21,825.29,42,2,1,39,370.35,17.632143,740.7,0.15,1
2897.01,1264.69,3,8,8,2,0.27875,0.742829,2.23,0.001512,1
0,10489.94,1,11,10,1,9.549146,105.040165,105.0406057,0.000441,1
0,0,1,1,1,1,0.5,0.499139,0.5,0.000861,1
0,342.78,1,29,21,1,0.760799,22.053175,22.06317516,0.010000001,1
0,1905.25,1,5,5,1,1.192081,5.959353,5.96040347,0.00105,1
0,2648,1,2,2,1,2.078224,4.124013,4.15644764,0.0324349,1
0,0,0,0,0,0,0,0,0,0,1
2662.68,291.33,2,30,28,1,6.089134,91.332,182.6740233,0.010023324,1
1706.53,7597.6,10,23,20,7,0.765202,1.759104,17.59965449,0.00861,1
0,55.27,1,20,20,1,1.184048,23.6799,23.6809504,0.00105,1
490.8,8.58,5,1458,204,5,0.880609,24.8628,1283.928004,1159.614004,1
757.47,28.5,65,156,136,12,0.922307,2.234619,143.8798498,-1.370363577,1
118640.18,4175.21,2,5,5,2,0.565794,1.413655,2.82897093,0.00166152,1
151.12,183.49,472,514,143,137,0.287868,0.31704,147.9643232,-1.678578185,1
0,211.22,0,2,2,0,0.315,0,0.63,0.63,1
9098.35,0,10,1,1,9,5.5,0.549489,5.5,0.0051135,1
3.64,46076.51,2,2,1,2,0.000105,0,0.00021,0.00021,1
19045.57,1436.76,11,56,48,7,0.064736,0.322818,3.625232629,0.074232629,1
0,0,0,0,0,0,0,0,0,0,1
0,0,0,0,0,0,0,0,0,0,1
10234.51,1120.86,20,12,10,17,0.220789,0.1245,2.649465,0.159465,1
0,0,0,0,0,0,0,0,0,0,1
19325.66,455.94,2,22,21,2,0.789087,8.67845,17.35990536,0.003005363,1
0,0,0,0,0,0,0,0,0,0,1
0,245.54,1,22,21,1,1.416168,31.158832,31.15569339,-0.003139,1
0,310.79,1,27,26,1,0.433847,11.712807,11.7138568,0.00105,1
0,637.54,1,5,5,1,1.314885,6.573374,6.5744241,0.00105,1
0,0,1,1,1,1,0.99,0.988047,0.99,0.001953,1
13.39,18.83,2,2,2,1,0.3,0.295,0.6,0.01,1
255.08,786.28,3,3,3,3,0.837767,0.837326,2.5133,0.001323,1
0,0,0,0,0,0,0,0,0,0,1
0,0,0,0,0,0,0,0,0,0,1
21089.88,197.13,2,4,3,2,0.758284,1.513062,3.03313514,0.007011,1
0,105.42,0,2,2,0,3.18853,0,6.377059041,6.377059041,1
3863.2,2707.48,2,6,5,1,1.281004,3.842152,7.686026,0.001722,1
262976,0,2,1,1,2,0.2,0.09937,0.2,0.00126,1
1892.22,1317.53,3,13,12,2,1.700036,7.365119,22.10046704,0.00511055,1
0,8931.74,0,2,2,0,0,0,0,0,1
0,67.29,1,9,8,1,1.471818,13.245505,13.24636608,0.000861,1
8123.18,145.25,7,7,7,7,0.171657,0.170796,1.2016,0.006027,1
0,0,0,0,0,0,0,0,0,0,1
0,0,0,0,0,0,0,0,0,0,1
0,0,0,0,0,0,0,0,0,0,1
0,1829.47,1,2,2,1,0.6,1.199622,1.2,0.000378,1
0,0,0,0,0,0,0,0,0,0,1
0,0,0,0,0,0,0,0,0,0,1
0,0,0,0,0,0,0,0,0,0,1
0,0,1,1,1,1,0.5,0.499139,0.5,0.000861,1
64.92,27181.97,14,18,14,11,0.004725,5001.428571,0.085050371,-70019.91495,1
2.88,190.58,2,36,34,1,0.779807,14.034613,28.07304189,0.003816,1
563.13,65.56,3,20,19,2,1.550288,10.333896,31.00575009,0.004062,1
0,278.24,1,3,3,1,0.749136,2.24,2.24740802,0.00740802,1
0,0,0,0,0,0,0,0,0,0,1
0,1.5,1,2,2,1,0.533059,1.05,1.0661179,0.0161179,1
0,513.63,1,25,23,1,1.079221,26.979672,26.98053284,0.000861,1
0,0,0,0,0,0,0,0,0,0,1
0,0,1,1,1,1,0.5,0.499,0.5,0.001,1
0,3.48,0,2,1,0,0.605,0,1.21,1.21,1
0,0,0,0,0,0,0,0,0,0,1
0,18.87,1,2,2,1,1.1,2.199139,2.2,0.000861,1
0,0,0,0,0,0,0,0,0,0,1
0,0,1,1,1,1,1,0.999139,1,0.000861,1
2980.66,39315.12,6,11,11,6,1.292702,2.269253,14.21972297,0.604204998,1
0,1209.98,1,37,33,1,1.190314,4.197349,44.04161429,39.84426556,1
0,48.15,0,3153,271,0,0.102065,0,321.8099165,321.8099165,1
0,0,0,0,0,0,0,0,0,0,1
177.23,1611.54,3,6,2,1,0.100108,0.199667,0.60065,0.00165,1
0,0,0,0,0,0,0,0,0,0,1
9968.23,134.86,14,9,6,14,0.628218,0.402737,5.653966131,0.015651131,1
660.55,96.38,2,15,13,2,0.754598,5.658626,11.31897437,0.001722,1
258.43,4896.88,10,3,3,9,17.25078,5.174873,51.75234051,0.003612,1
0,0,0,0,0,0,0,0,0,0,1
0,33.31,0,5,4,0,0.679884,0,3.3994204,3.3994204,1
0,0,0,0,0,0,0,0,0,0,1
97.97,1086.09,4,8,7,2,0.824677,1.648493,6.59741735,0.003444,1
0,0,1,1,1,1,0.059814,0.058953,0.05981425,0.000861,1
150.16,270.19,6,32,29,1,0.671031,3.576667,21.47300439,0.013004391,1
0,48.91,0,6,6,0,0.771697,0,4.63018347,4.63018347,1
0,91.96,1,4,4,1,0.700982,2.802929,2.80392923,0.001,1
500.94,153.94,3,10,9,2,0.694119,2.313133,6.94119281,0.00179281,1
48466.85,102.52,7,19,18,7,1.706518,4.63066,32.4238377,0.0092177,1
0,0,0,0,0,0,0,0,0,0,1
0,0,0,0,0,0,0,0,0,0,1
1935,350.97,3,6,5,2,0.70183,1.402323,4.210979652,0.004011,1
0,0,0,0,0,0,0,0,0,0,1
0,0,0,0,0,0,0,0,0,0,1
0,25.75,1,16,14,1,1.433349,22.932728,22.9335893,0.000861,1
0,0,0,0,0,0,0,0,0,0,1
3482.79,514.72,3,24,24,3,8.757844,70.059,210.1882667,0.011266728,1
0,0,0,0,0,0,0,0,0,0,1
0,1264.63,1,34,31,1,1.441293,49.003094,49.00395532,0.000861,1
902.44,864.93,4,8,8,3,0.405679,0.810282,3.245431703,0.004305,1
0,0,0,0,0,0,0,0,0,0,1
0,0,1,1,1,1,0.223487,0.223466,0.223487,2.10E-05,1
0,0,0,0,0,0,0,0,0,0,1
0,470.75,1,10,10,1,2.10598,21.057,21.05979583,0.002795828,1
0,0,0,0,0,0,0,0,0,0,1
0,0,0,0,0,0,0,0,0,0,1
0,0,0,0,0,0,0,0,0,0,1
6115.58,14433.33,22,7,6,14,0.141508,0.04494,0.99055938,0.001877964,1
123917.02,196.98,2,25,19,1,0.812911,10.16053,20.32278147,0.001722,1
0,225.3,1,2,2,1,0.8,1.599475,1.6,0.000525,1
0,31.26,0,2,2,0,2.3875,0,4.775,4.775,1
0,110.26,1,19,18,1,1.097389,29.849521,20.85038165,-8.999139,1
128.17,182.49,2,39,34,2,0.620442,12.047763,24.19724898,0.101722,1
0,0,0,0,0,0,0,0,0,0,1
0,88.38,1,19,17,1,0.869312,16.516072,16.51693337,0.000861,1
0,0,0,0,0,0,0,0,0,0,1
102.28,182.21,2,5,5,1,0.399201,0.997142,1.99600649,0.001722,1
0,0,1,1,1,1,0.5,0.499,0.5,0.001,1
0,0,1,1,1,1,19.333221,14,19.33322079,5.33322079,1
0,0,0,0,0,0,0,0,0,0,1
2372.28,6900.61,14,86,79,14,0.723053,2.213942,62.18251733,31.18733178,1
444.89,949.37,130,106,66,50,18.780728,15.311076,1990.757132,0.31729108,1
0,1047.41,1,23,23,1,0.652662,15.009275,15.01122781,0.001953,1
0,399.28,1,6,4,1,2.321917,13.930641,13.9315018,0.000861,1
0,174.86,0,11,10,0,4.688089,0,51.56898205,51.56898205,1
2394.91,1315.54,105,94,82,64,0.634842,0.736675,59.67513286,-17.67574505,1
0,0,0,0,0,0,0,0,0,0,1
0,0,1,1,1,1,0.062111,0.062011,0.06211112,0.0001,1
115.47,276.9,15,14,12,15,1.937782,2.008315,27.12894188,-2.995785836,1
91.6,281.98,17,28,26,14,3.864081,6.364174,108.1942678,0.003310975,1
0,580.44,0,6,6,0,4.044683,0,24.2680983,24.2680983,1
0,545.32,1,3,3,1,0.898381,2.694659,2.69514215,0.000483,1
0,0,1,1,1,1,0.31,0.309,0.31,0.001,1
25734.76,1263.89,2,11,11,2,3.837618,21.106651,42.2138,0.000497575,1
0,81.13,1,7,6,1,0.911185,6.377432,6.37829267,0.000861,1
0,437.79,1,10,10,1,0.618487,6.183823,6.18487295,0.00105,1
0,1991.16,1,8,8,1,0.396481,3.170798,3.171848347,0.00105,1
175.04,523.95,37,41,37,35,0.549152,0.607737,22.51523441,0.02895228,1
0,0,0,0,0,0,0,0,0,0,1
7933.56,8059.66,9,5,4,6,0.1984,0.109736,0.992,0.00438,1
2832.43,12801.78,8,9,3,7,0.31276,0.351414,2.814843618,0.003528,1
1417.41,4180.26,8,7,5,6,0.96983,0.847016,6.78881178,0.012684,1
1398.46,3086.2,18,27,17,13,0.694414,1.041088,18.74918602,0.009609493,1
0,0,0,0,0,0,0,0,0,0,1
0,84.4,0,24,9,0,0.325208,0,7.805,7.805,1
0,233.2,1,10,10,1,0.414779,4.146744,4.14779412,0.00105,1
0,0,0,1,1,0,0,0,0,0,1
109827.33,1129.82,2,3,3,2,1,1.499517,3,0.000965448,1
0,5.92,1,2,2,1,1.119303,2.237744,2.238605114,0.000861,1
0,175.44,1,10,10,1,0.447438,4.473939,4.47437963,0.000441,1
0,45.2,1,7,6,1,17.428571,121.99,122,0.01,1
0,1245.03,1,2,2,1,0.5675,1.132921,1.135,0.002079,1
5705.33,408.6,2,5,5,2,0.712457,1.780129,3.56228252,0.00202372,1
0,108.63,1,6,5,1,0.853118,5.116626,5.11870516,0.002079,1
0,0,0,0,0,0,0,0,0,0,1
0,0,0,0,0,0,0,0,0,0,1
0,0,0,0,0,0,0,0,0,0,1
7.54,11741.59,16,16,15,7,17.847791,17.847046,285.564659,0.011928,1
13736.38,589.89,2,3,3,2,0.021246,0.030428,0.06373939,0.002883836,1
0,96705.4,1,4,4,1,0.537775,2.150952,2.151099034,0.000147004,1
0,25277.02,0,6,4,0,0,0,0,0,1
0,0,1,1,1,1,1,0.999139,1,0.000861,1
0,21.96,1,2,2,1,0.999758,1.998467,1.999517,0.00105,1
0,209.99,1,51,35,1,0.44507,22.698151,22.69857134,0.00042,1
0,2593.78,1,9,8,1,2.341294,21.970788,21.07164864,-0.899139,1
0,112.28,1,8,8,1,7.56746,60.539236,60.539677,0.000441,1
0,0,1,1,1,1,0.995,0.994139,0.995,0.000861,1
4239.43,3998.93,7,21,6,6,0.438856,1.315737,9.215966275,0.0058065,1
0,13081.36,0,2,2,0,0.1325,0,0.265,0.265,1
0,24.73,1,19,16,1,1.091655,20.740397,20.74144745,0.00105,1
0,111.39,1,11,11,1,3.333606,36.669223,36.66966405,0.000441,1
0,0,0,0,0,0,0,0,0,0,1
1178.18,5499.54,70,129,10,44,0.61927,1.23305,79.88582883,-6.427668517,1
1656.85,982.23,6,27,26,3,0.887309,4.158333,23.95734409,-0.99265591,1
0,131.06,0,507,76,0,0.264919,0,134.3137681,134.3137681,1
0,64.99,0,3208,1043,0,0.052124,0,167.2123818,167.2123818,1
0,0,0,1,1,0,0.007,0,0.007,0.007,1
222.26,1512.77,3,7,5,2,0.616631,1.437946,4.31642,0.002583,1
0,0,1,1,1,1,0.5,0.497266,0.5,0.00273422,1
0,0,0,0,0,0,0,0,0,0,1
0,0,1,1,1,1,10,9.999629,10,0.000371,1
0,0,0,0,0,0,0,0,0,0,1
0,29321.41,0,6,3,0,0,0,0,0,1
0,0,0,0,0,0,0,0,0,0,1
0,244.15,1,16,13,1,0.5574,8.91,8.91840096,0.00840096,1
91839.67,20659.28,2,3,3,2,0.5,0.749622,1.5,0.000756,1
0,0,0,0,0,0,0,0,0,0,1
0,30.98,1,49,48,1,0.913521,44.762123,44.76254345,0.00042,1
557.84,857.7,2,6,5,2,0.356669,1.069147,2.14001523,0.001722,1
1355.16,1150.28,36,42,40,17,6.660813,9.066568,279.7541548,-46.6422772,1
0,536.85,1,7,6,1,1.130203,7.910559,7.911420158,0.000861,1
0,288.96,1,16,13,1,2.328849,37.260728,37.26158925,0.000861,1
0,261.82,1,3,3,1,2.252369,6.756247,6.75710839,0.000861,1
0,99.35,1,4,4,1,0.286488,1.145,1.14595344,0.00095344,1
703.77,100.96,2,9,9,2,0.808861,3.635,7.279750918,0.009750918,1
0,83.92,0,3,3,0,0.655985,0,1.96795579,1.96795579,1
97647.91,6223.31,2,3,3,2,0.597499,0.895765,1.7924964,0.000965448,1
0,53.14,1,14,13,1,1.457951,20.401321,20.41132057,0.01,1
0,0,0,1,1,0,1.00E-05,0,1.00E-05,1.00E-05,1
0,96.43,1,3,3,1,0.671319,3.01,2.013958,-0.996042,1
0,93.07,1,14,14,1,0.783751,10.971654,10.97251505,0.000861,1
0,28631.39,0,7,4,0,0,0,0,0,1
0,12698.68,0,12,8,0,0.291978,0,3.50373951,3.50373951,1
0,0,0,0,0,0,0,0,0,0,1
172.54,25,48,21,20,37,2.875218,1.257064,60.37957004,0.040497513,1
0,22364.13,0,7,4,0,0,0,0,0,1
0,456.95,1,2,2,1,1.3,2.599517,2.6,0.000483,1
0,0,0,0,0,0,0,0,0,0,1
0,790.58,1,15,13,1,7.685379,115.28,115.2806853,0.000685251,1
0,0,0,0,0,0,0,0,0,0,1
0,210.47,0,88,18,0,0.041492,0,3.651268684,3.651268684,1
0,32970.69,0,6,4,0,0,0,0,0,1
0,0,0,0,0,0,0,0,0,0,1
0,637.43,0,21,19,0,1.531057,0,32.15220254,32.15220254,1
0,0,0,0,0,0,0,0,0,0,1
0,0,0,0,0,0,0,0,0,0,1
5738.98,1077.51,4,8,7,4,0.336922,0.672685,2.69537441,0.004633,1
0,0,0,0,0,0,0,0,0,0,1
0,0,1,1,1,1,0.5,0.499139,0.5,0.000861,1
0,0,0,0,0,0,0,0,0,0,1
20466.8,98.59,2,7,6,1,2.575754,9.014277,18.0302768,0.001722,1
0,0,1,1,1,1,1,0.999139,1,0.000861,1
0,0,0,0,0,0,0,0,0,0,1
0,0,0,0,0,0,0,0,0,0,1
0,65.02,1,11,10,1,0.715255,8.916947,7.86780822,-1.049139,1
0,0,0,0,0,0,0,0,0,0,1
0,0,0,0,0,0,0,0,0,0,1
0,0,1,1,1,1,1.5,1.499685,1.5,0.000315,1
179.76,58.46,3,7,7,2,3.402989,7.936401,23.82092622,0.011722,1
0,51605.14,0,8,3,0,0,0,0,0,1
0,0,1,1,1,1,1,0.999139,1,0.000861,1
7836.1,16.32,2,8,6,2,24.91875,99.6645,199.35,0.021,1
4835.37,278.28,8,3,3,8,0.563333,0.210389,1.69,0.006888,1
0,0,0,0,0,0,0,0,0,0,1
8813.61,203.8,5,19,18,4,3.532251,13.422113,67.11276857,0.002205,1
0,339.65,1,3,3,1,0.71011,2.12947,2.13033077,0.000861,1
0,111.22,1,25,20,1,1.124042,28.091041,28.10104095,0.01,1
0,75.13,1,21,18,1,1.068626,22.440285,22.44114637,0.000861,1
0,0,0,0,0,0,0,0,0,0,1
0,0,0,1,1,0,0.097443,0,0.09744272,0.09744272,1
17.34,46432.68,2,2,2,1,2.033251,2.030041,4.066502,0.00642,1
0,0,0,0,0,0,0,0,0,0,1
0,0,0,0,0,0,0,0,0,0,1
81.29,544.37,3,5,5,3,0.805055,1.340533,4.025275,0.003675,1
0,0,0,0,0,0,0,0,0,0,1
3351.5,0,9,1,1,9,5,0.554695,5,0.007749,1
0,0,1,1,1,1,1,0.999055,1,0.000945,1
14.62,3015.9,2,15,13,1,1.381016,10.356758,20.71523718,0.001722,1
0,0,1,1,1,1,0.439367,0.438884,0.439367,0.000483,1
0,504.46,1,29,29,1,5.123842,148.59098,148.5914211,0.000441,1
3335.14,2075.59,10,6,2,6,0.223881,0.0361,1.343284,0.982284,1
0,553.39,0,3,1,0,0,0,0,0,1
0,0,0,0,0,0,0,0,0,0,1
1315.26,484.13,2,23,21,2,0.855953,9.884214,19.68691155,-0.081516593,1
0,0,0,0,0,0,0,0,0,0,1
0,0,1,1,1,1,0.5,0.499517,0.5,0.000483,1
0,0,0,0,0,0,0,0,0,0,1
476.38,74.85,110,187,172,78,0.182097,0.633405,34.05204719,-35.62248689,1
1182.43,2384.47,2,10,10,2,2.596709,12.982682,25.96708682,0.001722,1
0,0,0,0,0,0,0,0,0,0,1
0,0,0,0,0,0,0,0,0,0,1
0,949.37,1,2,2,1,0.965822,1.930782,1.93164308,0.000861,1
0,1522.67,0,2,2,0,0,0,0,0,1
0,0,0,0,0,0,0,0,0,0,1
20465.38,2262.36,3,19,18,3,0.460465,2.915532,8.748842604,0.002247,1
0,5902.84,0,3,2,0,0.033333,0,0.1,0.1,1
0,0,0,0,0,0,0,0,0,0,1
2366.42,358.39,2,6,6,2,1.579333,4.73779,9.476,0.00042,1
0,0,0,0,0,0,0,0,0,0,1
0,0,0,0,0,0,0,0,0,0,1
1749.46,10812.01,90,4,4,51,0.372389,0.103461,1.4895572,-7.821898862,1
1215.31,612.83,2,5,5,2,0.610862,1.497009,3.05430988,0.060291,1
0,0,1,1,1,1,0.438457,0.438257,0.43845685,0.0002,1
328.8,838.22,4,4,4,4,17.15,17.14916,68.6,0.00336,1
2194.74,1.12,7,2,2,7,1.6437,0.468582,3.2874,0.00732333,1
0,207.11,1,20,17,1,0.776381,15.526767,15.52762803,0.000861,1
1729.15,2242.54,5,15,13,5,0.876656,0.030454,13.14984231,12.99757064,1
0,27699.32,0,17,8,0,0.017647,0,0.3,0.3,1
0,0,0,0,0,0,0,0,0,0,1
0,266.74,1,16,15,1,1.340965,21.455021,21.45544125,0.00042,1
0,25430.44,0,6,4,0,0,0,0,0,1
0,61.35,1,22,18,1,0.826934,18.191694,18.19255478,0.000861,1
0,0,0,0,0,0,0,0,0,0,1
0,10.93,1,4,4,1,1.921298,7.684331,7.6851918,0.000861,1
0,0,0,0,0,0,0,0,0,0,1
0,0,0,0,0,0,0,0,0,0,1
0,24785.45,0,7,4,0,0,0,0,0,1
0,0,0,0,0,0,0,0,0,0,1
0,0,0,0,0,0,0,0,0,0,1
0,31664.63,0,5,3,0,0,0,0,0,1
0,0,0,0,0,0,0,0,0,0,1
318.37,214.04,4,24,23,4,1.04002,6.239256,24.96046856,0.003444,1
0,0,0,0,0,0,0,0,0,0,1
0,0,0,0,0,0,0,0,0,0,1
967.94,46.2,66,21,17,47,17.48634,5.559412,367.2131298,0.291939981,1
0,22.7,1,2,2,1,0.810012,1.619163,1.62002425,0.000861,1
2737.84,3508.36,5,7,7,3,2.223527,3.112076,15.56468609,0.004305,1
0,4.09,1,6,5,1,0.887167,5.3228,5.323,0.0002,1
0,219.93,1,12,11,1,0.730444,8.764462,8.76532305,0.000861,1
0,0,0,0,0,0,0,0,0,0,1
103.57,0,2,1,1,1,4,1.999202,4,0.001596,1
0,0,1,1,1,1,1,0.999139,1,0.000861,1
0,31659.31,0,5,3,0,0,0,0,0,1
3350.56,3349.31,3,3,2,2,0.499944,0.499888,1.499832,0.000168,1
0,0,0,0,0,0,0,0,0,0,1
341.92,4038.81,4,5,5,2,0.751019,0.936339,3.7550973,0.009743,1
0,0,0,1,1,0,0.31378,0,0.31378045,0.31378045,1
0,9759.36,0,2,2,0,0,0,0,0,1
0,585.77,0,2,2,0,0.519139,0,1.038278,1.038278,1
1688.81,1.2,2,5,1,2,0.537601,1.343519,2.688005,0.000966,1
0,552.79,1,39,18,1,1.170533,0,45.65080346,45.65080346,1
0,0,1,1,1,1,0.01,0.00937,0.01,0.00063,1
0,30475.36,0,6,3,0,0,0,0,0,1
0,0,0,0,0,0,0,0,0,0,1
0,0,0,0,0,0,0,0,0,0,1
0,0,1,1,1,1,0.5,0.495,0.5,0.005,1
0,0,0,0,0,0,0,0,0,0,1
0,8999.38,1,4,4,1,3.792448,15.16958,15.16979,0.00021,1
0,429.64,0,24,3,0,1.3375,0,32.1,32.1,1
0,0,0,0,0,0,0,0,0,0,1
0,0,0,0,0,0,0,0,0,0,1
0,143.11,1,2,2,1,0.586194,1.171526,1.1723872,0.000861,1
10352.49,1992.69,3,4,3,1,1.05,1.398667,4.2,0.004,1
0,405.23,1,4,4,1,1.497742,5.989916,5.99096618,0.00105,1
0,0,1,1,1,1,0.134858,0.134375,0.13485846,0.000483,1
0,0,0,0,0,0,0,0,0,0,1
0,0,1,1,1,1,0.5,0.48,0.5,0.02,1
1317.28,598.06,2,4,4,2,2.26443,4.776889,9.05772127,-0.49605613,1
23243.99,59169.54,5,3,3,4,2.500785,1.49961,7.502353903,0.004305,1
0,945.56,1,10,9,1,0.975331,9.752257,9.75330697,0.00105,1
0,0,0,0,0,0,0,0,0,0,1
0,452.42,1,9,9,1,0.80478,7.242159,7.24301975,0.000861,1
1779.01,3700.09,34,113,103,22,0.629524,2.131467,71.13623694,-1.333646752,1
314.18,1212.52,4,18,18,4,0.648507,2.892622,11.67313465,0.102646,1
0,4550.37,1,3,3,1,0.432333,1.296139,1.297,0.000861,1
3368.52,251.82,2,35,34,2,1.120694,19.611101,39.22430126,0.0021,1
79608.57,1479.26,2,2,2,2,0.815179,0.806325,1.630359,0.017709,1
0,168.08,0,9,9,0,0.540137,0,4.861229115,4.861229115,1
0,33451.39,0,6,3,0,0,0,0,0,1
406.05,355.04,5,26,16,5,0.629457,3.272981,16.36587122,0.000966,1
0,36572.61,0,5,3,0,0,0,0,0,1
937.54,397.7,10,41,35,5,2.025648,8.304727,83.05155594,0.00428318,1
8.65,41238.4,2,2,2,2,1.253,1.25216,2.506,0.00168,1
0,122,1,11,10,1,1.625471,17.879319,17.88017977,0.000861,1
38020.31,0,3,1,1,3,0.5,0.16612,0.5,0.00164,1
0,95.46,1,27,25,1,0.69388,18.734346,18.73476608,0.00042,1
0,608.56,0,61,17,0,2.978425,0,181.683921,181.683921,1
2679.43,2841.02,55,45,21,14,2.29585,1.877316,103.3132592,0.060901653,1
0,67.21,1,3,3,1,1.833333,5.499,5.5,0.001,1
0,0,0,0,0,0,0,0,0,0,1
0,39559.66,0,5,4,0,0,0,0,0,1
0,110.94,1,23,21,1,0.985556,22.666328,22.66779847,0.00147,1
0,816.65,1,3,3,1,0.653757,1.95,1.96127143,0.01127143,1
0,0,0,0,0,0,0,0,0,0,1
50183.66,1174.97,7,72,55,7,1.353241,2.160171,97.43334634,82.31214622,1
0,0,1,1,1,1,0.1,0.099139,0.1,0.000861,1
0,0,0,0,0,0,0,0,0,0,1
0,28972.03,0,6,4,0,0,0,0,0,1
0,0,0,0,0,0,0,0,0,0,1
0,115.23,0,40,38,0,2.932907,0,117.3162707,117.3162707,1
0,1401.78,1,2,2,1,0.897434,1.794427,1.794868,0.000441,1
0,0,1,1,1,1,0.5,0.499139,0.5,0.000861,1
1176.95,66.95,4,4,3,4,0.53945,0.538967,2.1578,0.001932,1
0,0,0,0,0,0,0,0,0,0,1
1292.62,15.92,12,5,4,9,3.798673,1.619863,18.99336344,-0.44499853,1
0,0,1,1,1,1,0.04,0.039139,0.04,0.000861,1
0,0,1,1,1,1,10.1,10.09979,10.1,0.00021,1
0,0,0,1,1,0,0.5,0,0.5,0.5,1
3176.48,591.26,75,70,61,70,5.238864,4.888695,366.7204461,0.068332955,1
0,3409.52,1,11,11,1,0.149083,1.639425,1.63990813,0.000483,1
0,0,0,0,0,0,0,0,0,0,1
0,0,1,1,1,1,0.5,0.499517,0.5,0.000483,1
0,0,1,1,1,1,0.0292,0.028,0.0292,0.0012,1
0,0,0,0,0,0,0,0,0,0,1
0,929.04,1,2,2,1,0.839418,1.678353,1.678835929,0.000483009,1
7.02,335.01,148,85,76,119,1.486016,0.850223,126.3113213,0.478351338,1
0,0,1,1,1,1,0.027386,0.026405,0.0273858,0.00098091,1
1830.5,11879.68,11,10,9,4,0.508352,0.461655,5.083515714,0.005313,1
0,71.92,1,20,19,1,1.276404,25.527659,25.5280785,0.00042,1
0,0,1,1,1,1,1.309746,1.308885,1.3097459,0.000861,1
2213.77,147.2,2,5,4,2,5.441473,13.598053,27.207365,0.01126,1
0,221.31,1,10,10,1,0.955385,10.05299,9.55385133,-0.499139,1
0,0,0,0,0,0,0,0,0,0,1
0,0,0,0,0,0,0,0,0,0,1
2000.04,436.48,3,10,8,1,1.464773,4.881717,14.64773434,0.002583,1
0,1807.96,1,14,11,1,0.969205,14.56801,13.56887104,-0.999139,1
0,443.76,0,5,2,0,0,0,0,0,1
0,2829.96,1,9,9,1,2.168673,19.517005,19.5180547,0.00105,1
795.28,0,2,1,1,2,2.288005,1.143919,2.288005,0.000168,1
2185.65,0.93,3,2,2,2,1.555139,1.036668,3.110278,0.000273,1
1081.47,743.53,3,6,4,3,0.911934,1.823386,5.47160592,0.001449,1
0,0,0,0,0,0,0,0,0,0,1
0,0,1,1,1,1,2,1.999958,2,4.20E-05,1
0,0,0,1,1,0,0.012292,0,0.01229153,0.01229153,1
15392.2,0,2,1,1,2,0.0004,0,0.0004,0.0004,1
280.06,97592.18,3,3,2,3,0.204863,0.20438,0.61459,0.001449,1
0,1915.57,1,5,5,1,0.50384,4.518,2.51919855,-1.99880145,1
0,118.17,1,2,2,1,0.647107,1.293354,1.294215,0.000861,1
0,1028.69,1,5,5,1,2.303828,11.519055,11.519139,8.40E-05,1
1102.7,1539.22,60,135,100,42,11.630049,26.167127,1570.056644,0.0290091,1
0,0,0,0,0,0,0,0,0,0,1
0,0,0,1,1,0,0,0,0,0,1
0,9865.71,0,2,2,0,0,0,0,0,1
0,180.76,1,39,32,1,1.733291,67.597486,67.59834717,0.000861,1
0,34753.06,0,5,3,0,0,0,0,0,1
1377.26,2822.32,2,2,2,2,3,2.999,6,0.002,1
0,42135.26,0,5,4,0,0,0,0,0,1
0,16.89,0,142,133,0,0.868503,0,123.327481,123.327481,1
350.24,6756.84,8,4,3,8,0.531088,0.264483,2.124352,0.008484,1
56.38,136.26,2,14,10,2,3.410244,23.871645,47.7434158,0.000126,1
9117.62,427.48,2,4,4,2,0.575061,1.149261,2.30024336,0.001722,1
0,0,0,0,0,0,0,0,0,0,1
0,0,0,0,0,0,0,0,0,0,1
0,0,0,0,0,0,0,0,0,0,1
9.09,11455.05,2,2,1,2,0.293,0.292339,0.586,0.001323,1
6711.42,569.5,4,4,4,3,1.61197,1.611109,6.44788027,0.003444,1
0,4.13,1,13,11,1,0.97366,12.655625,12.65757756,0.001953,1
334.74,306.87,58,228,173,27,0.80094,3.14793,182.6142711,0.0343392,1
0,29008.98,0,6,4,0,0,0,0,0,1
0,34.23,1,17,15,1,1.236433,21.518501,21.0193619,-0.499139,1
4392.56,0,2,1,1,2,0.13009,0.064196,0.13008987,0.00169725,1
0,45093.86,0,4,3,0,0,0,0,0,1
0,25149.59,0,7,4,0,0,0,0,0,1
0,0,0,1,1,0,0.59,0,0.59,0.59,1
2532.73,69.79,3,37,30,3,0.949807,11.713428,35.14286816,0.002583,1
0,0,0,0,0,0,0,0,0,0,1
6.97,145.37,235,17,14,63,3.367647,1.838358,57.25,-374.7641807,1
0,16.36,1,3,3,1,1.23,3.689139,3.69,0.000861,1
0,0,1,1,1,1,0.009302,0.008861,0.009302197,0.000441,1
0,0,1,1,1,1,1.63,1.629559,1.63,0.000441,1
0,0,0,0,0,0,0,0,0,0,1
0,34674.11,0,5,3,0,0,0,0,0,1
0,39571.83,0,5,4,0,0,0,0,0,1
0,0,0,0,0,0,0,0,0,0,1
0,1299.06,1,3,3,1,1.263473,4.290163,3.79042,-0.499742802,1
880.49,2408.76,21,25,23,3,1.527476,1.842132,38.18690426,-0.497875745,1
0,50.48,1,2,2,1,0.554458,1.1,1.10891667,0.00891667,1
353.22,542.24,2,6,6,2,3.253333,9.759139,19.52,0.001722,1
238.7,353.47,5,10,9,3,1.037027,2.073192,10.37026531,0.004305,1
0,0,0,0,0,0,0,0,0,0,1
0,727.37,1,9,8,1,2.605729,24.450701,23.45156183,-0.999139,1
0,108.43,1,2,2,1,0.495,0.989139,0.99,0.000861,1
555.46,681.53,2,17,16,1,1.548067,13.157712,26.31714688,0.001722,1
0,0,1,1,1,1,0.5,0.49895,0.5,0.00105,1
0,185.88,0,3,3,0,0.603756,0,1.81126894,1.81126894,1
1124.12,1276.44,28,54,51,11,0.181929,0.350539,9.824150998,0.009050998,1
0,0,0,0,0,0,0,0,0,0,1
0,1172.79,1,23,23,1,1.234232,29.386905,28.38732522,-0.99958,1
0,52.83,1,34,33,1,0.85702,29.137818,29.13867945,0.000861,1
30933.02,641.16,2,16,15,2,0.751625,6,12.026,0.026,1
0,0,0,1,1,0,0.02,0,0.02,0.02,1
0,646.54,0,32,9,0,0.895558,0,28.65785211,28.65785211,1
0,0,0,0,0,0,0,0,0,0,1
0,0,0,1,1,0,1.00E-06,0,1.00E-06,1.00E-06,1
0,0,0,0,0,0,0,0,0,0,1
414.5,4189.13,8,9,8,7,0.014444,0.015431,0.129995283,0.006545932,1
26315.1,539.17,5,8,8,3,0.622019,0.992407,4.97615446,0.0141184,1
0,122.24,1,2,2,1,0.500134,0.999849,1.00026896,0.00042,1
7007.72,38.69,2,2,2,2,1.558642,1.557781,3.11728381,0.001722,1
0,73.97,1,2,2,1,3.002442,6.004022,6.0048832,0.000861,1
727.43,281.88,36,14,13,35,9.117069,3.544755,127.63896,0.027764688,1
10.19,2987,6,6,3,4,0.236386,0.235476,1.41831449,0.00546,1
0,288.6,1,4,4,1,1.439775,5.758239,5.7590999,0.000861,1
20050.15,31.83,2,3,3,1,8.761538,13.141468,26.28461539,0.00168,1
3515.64,958.76,39,3,3,39,2.098441,0.115337,6.29532325,1.79718127,1
15529.57,104.86,3,32,26,2,1.161948,12.393247,37.18232547,0.002583,1
0,196.69,1,4,4,1,1.807483,7.227854,7.22993278,0.002079,1
0,0,1,1,1,1,0.07,0.06,0.07,0.01,1
0,275.67,1,4,4,1,0.525965,2.102997,2.103858358,0.000861,1
7.78,0,2,1,1,2,0.2671,0.13332,0.2671,0.00046074,1
0,160.26,1,3,3,1,0.508032,1.523235,1.52409605,0.000861,1
0,0,1,1,1,1,1.091038,1.090177,1.09103817,0.000861,1
1047.43,488.02,323,336,174,280,1.829794,1.857758,614.8107123,14.75488491,1
0,0,1,1,1,1,0.05,0.049,0.05,0.001,1
0,0,1,1,1,1,0.224781,0.224739,0.22478144,4.20E-05,1
0,0,0,0,0,0,0,0,0,0,1
0,167.47,1,51,45,1,0.793074,52.444836,40.44678871,-11.998047,1
0,0,0,1,1,0,0,0,0,0,1
0,0,0,0,0,0,0,0,0,0,1
0,49455.66,0,4,3,0,0,0,0,0,1
0,34682.01,0,5,3,0,0,0,0,0,1
0,0,0,0,0,0,0,0,0,0,1
521.65,407.44,8,6,5,8,1.113344,0.83491,6.6800615,0.00078089,1
0,309.38,1,3,3,1,2.00027,5.99995,6.000811,0.000861,1
0,0,0,0,0,0,0,0,0,0,1
0,57.21,1,49,34,1,1.259877,67.733098,61.73395892,-5.999139,1
0,5.92,1,7,7,1,1.896364,13.265,13.27455077,0.009550772,1
0,414.27,1,6,5,1,0.248891,1.492861,1.49334373,0.000483,1
1272.16,1833.51,6,6,6,5,0.671598,0.671225,4.02958824,0.00224054,1
0,30476.82,0,6,4,0,0,0,0,0,1
6619.75,1384.27,5,42,33,2,1.410164,11.844519,59.22690021,0.004305,1
5937.69,3590.54,6,4,4,6,0.407987,0.271811,1.63194779,0.00108468,1
0,0,0,0,0,0,0,0,0,0,1
7209.43,1.53,2,2,2,2,0.056938,0.056077,0.11387602,0.001722,1
0,0.92,0,24,3,0,0,0,0,0,1
0,0,0,1,1,0,0.002418,0,0.002418228,0.002418228,1
1295.76,31.55,3,5,5,3,0.169772,0.28247,0.84885805,0.001449,1
0,167.58,1,17,17,1,0.417387,7.094721,7.095581566,0.000861,1
0,242.37,1,7,7,1,2.321429,16.249559,16.25,0.000441,1
0,36571.7,0,5,3,0,0,0,0,0,1
0,1522.31,1,2,2,1,0.504836,1.009189,1.009672305,0.000483,1
0,0,0,0,0,0,0,0,0,0,1
0,0,0,1,1,0,0,0,0,0,1
0,49457.67,0,4,3,0,0,0,0,0,1
2748.41,131.98,4,18,11,2,0.568887,2.559507,10.23995882,0.001932,1
0,35329.42,1,4,4,1,0.649956,0.398963,2.59982405,2.200861,1
8344.37,8258.27,2,3,3,2,1.170233,1.7545,3.5107,0.001701,1
0,0,0,0,0,0,0,0,0,0,1
14467.63,0,2,1,1,1,4,1.999517,4,0.000966,1
15020.86,0,2,1,1,2,0.31,0.1525,0.31,0.005,1
0,0,0,0,0,0,0,0,0,0,1
0,7.03,1,2,2,1,5.708145,11.41545,11.41628995,0.00084,1
0,0,0,0,0,0,0,0,0,0,1
0,45.85,1,7,7,1,0.534597,3.741129,3.74217933,0.00105,1
0,702.41,0,24,24,0,1.03698,0,24.88750992,24.88750992,1
0,230.19,1,31,23,1,0.842957,26.130612,26.13166247,0.00105,1
0,0,0,0,0,0,0,0,0,0,1
105654.48,50.37,4,61,28,3,1.060442,16.670886,64.68698956,-1.996556,1
0,0,0,0,0,0,0,0,0,0,1
1272.68,0,14,1,1,11,0.556161,0.038865,0.55616139,0.012054,1
2631.59,739.96,5,15,15,5,0.705935,0.021117,10.58902434,10.48343742,1
0,1044.94,1,9,8,1,0.663082,5.966873,5.96773387,0.000861,1
0,0,0,0,0,0,0,0,0,0,1
0,397.94,1,3,3,1,0.697431,2.090215,2.09229437,0.002079,1
0,0,0,0,0,0,0,0,0,0,1
0,0,0,0,0,0,0,0,0,0,1
0,0,0,0,0,0,0,0,0,0,1
0,0,0,0,0,0,0,0,0,0,1
0,64.87,1,2,2,1,0.274979,0.549097,0.549958,0.000861,1
7905.72,178.97,3,2,2,3,3.116053,2.076834,6.23210636,0.00160536,1
0,0,0,0,0,0,0,0,0,0,1
0,0,0,0,0,0,0,0,0,0,1
40.37,63.77,119,52,45,64,17.20108,7.515546,894.4561497,0.106229676,1
0,0,0,0,0,0,0,0,0,0,1
18379.56,6532.38,2,2,2,2,1.322597,1.321547,2.64519328,0.0021,1
0,8.77,1,3,3,1,2.37761,7.1,7.13282999,0.03282999,1
5481.79,179.75,4,4,4,4,0.55,0.5496,2.2,0.0016,1
34701.91,1941.7,15,12,11,13,3.065096,2.451936,36.78114723,0.0021147,1
0,104.12,0,37,11,0,2.857541,0,105.729,105.729,1
12.93,17.82,2,2,2,1,0.046829,0,0.0936584,0.0936584,1
0,202.34,0,13,13,0,2.153333,0,27.99333315,27.99333315,1
0,0,0,0,0,0,0,0,0,0,1
0,267.74,1,103,64,1,1.042908,0,107.419484,107.419484,1
493.3,2346.71,134,162,81,94,0.319439,0.384958,51.74916874,0.164795638,1
10949.39,461.93,4,19,11,4,1.531105,7.270435,29.091,0.00926,1
0,209.68,1,10,8,1,1.020174,10.200884,10.20174475,0.000861,1
0,0,1,1,1,1,1.2,1.199139,1.2,0.000861,1
0,1359.62,0,29,14,0,0.061469,0,1.782608276,1.782608276,1
78699.16,1580.8,3,9,9,3,1.51309,4.53841,13.61781447,0.002583,1
267.02,73.07,4,4,4,2,0.21973,0.42375,0.878921,-0.816079,1
0,0,0,0,0,0,0,0,0,0,1
0,0,0,0,0,0,0,0,0,0,1
0,0,0,0,0,0,0,0,0,0,1
0,0,0,1,1,0,10000,0,10000,10000,1
548.24,394.02,2,6,6,2,0.719178,2.156924,4.315066128,0.001218,1
0,18.99,1,9,7,1,0.485556,4.36952,4.37000301,0.000483,1
507.88,74.15,15,541,471,3,3.392193,122.34467,1835.176671,0.006615,1
0,498.82,1,2,2,1,1.55,3.099559,3.1,0.000441,1
0,0,0,0,0,0,0,0,0,0,1
8584.61,0,2,0,0,1,0,0,0,0,1
0,0,0,0,0,0,0,0,0,0,1
91083.11,0,2,1,1,2,0.1025,0.05003,0.1025,0.00244,1
113939.89,283.54,3,17,17,2,0.99474,5.635998,16.91057759,0.002583,1
0,692.69,0,704,466,0,1.724272,0,1213.887394,1213.887394,1
8334.04,5.3,2,2,2,2,0.934432,0.933938,1.86886376,0.000987,1
0,60.99,1,2,2,1,7.597499,15.194557,15.19499777,0.000441,1
0,0,0,1,1,0,0,0,0,0,1
3663.92,356.38,4,6,6,3,1.410152,2.114745,8.460910543,0.001932,1
0,0,0,0,0,0,0,0,0,0,1
0,0,0,0,0,0,0,0,0,0,1
7474.64,194451.33,6,3,3,4,1.750566,0.875086,5.25169919,0.00118243,1
0,6791.87,0,15,1,0,0,0,0,0,1
1509.28,433.14,2,4,4,2,4.959555,9.91703,19.83821839,0.004158386,1
8469.5,7550.87,6,10,9,5,3.300822,5.500642,33.00821948,0.004368,1
0,587.65,1,7,6,1,1.089296,7.6,7.62507332,0.02507332,1
0,264.94,0,35,35,0,1.373743,0,48.08101052,48.08101052,1
0,2795.43,1,16,14,1,1.181605,18.904372,18.90567422,0.001302,1
0,26384.8,0,6,4,0,0,0,0,0,1
0,28660.14,0,7,3,0,0,0,0,0,1
0,0,1,1,1,1,1,0.997921,1,0.002079,1
0,0,0,0,0,0,0,0,0,0,1
0,0,0,0,0,0,0,0,0,0,1
0,441.79,0,25,15,0,0.12456,0,3.114,3.114,1
409.87,112.77,42,244,209,30,3.213045,18.686241,783.9829472,-0.839165875,1
0,0,1,1,1,1,1,0.999139,1,0.000861,1
5159.07,754.49,2,9,9,2,0.451624,2,4.06461454,0.06461454,1
0,0,0,1,1,0,0.06368,0,0.06367987,0.06367987,1
341.16,407.06,2,2,2,1,0.847,0.846139,1.694,0.001722,1
0,0,0,0,0,0,0,0,0,0,1
0,0,0,0,0,0,0,0,0,0,1
0,0,0,0,0,0,0,0,0,0,1
0,0,0,1,1,0,0.004139,0,0.004139,0.004139,1
3483.35,11672.82,34,39,35,34,0.046091,0.052099,1.797542099,0.02618364,1
32532.35,1766.93,5,18,14,4,0.671095,2.415465,12.07971783,0.002394,1
0,0,0,0,0,0,0,0,0,0,1
0,62.2,1,6,6,1,0.442754,2.6564,2.65652561,0.000126,1
0,0,0,0,0,0,0,0,0,0,1
0,3505.41,1,7,7,1,0.673936,4.717131,4.717551,0.00042,1
2157.74,1.17,7,2,2,7,0.625,0.177098,1.25,0.01031181,1
0,45.71,1,25,18,1,1.295079,32.37655,32.37696985,0.00042,1
13674.7,1198.99,20,5,4,4,0.074,0.018383,0.37,0.00234936,1
0,0,0,0,0,0,0,0,0,0,1
0,2244.76,1,5,4,1,0.634647,3.172187,3.17323705,0.00105,1
0,0,0,0,0,0,0,0,0,0,1
0,320.93,1,11,10,1,1.047739,11.524266,11.52512698,0.000861,1
30373.79,1.46,9,2,2,7,0.250128,0.055435,0.500257,0.001337616,1
0,35.47,1,37,29,1,0.713636,26.403487,26.4045375,0.00105,1
1727.45,271.47,5,15,14,5,1.524117,4.571489,22.8617487,0.004305,1
96296.88,3549.08,2,8,8,2,0.643517,2.561875,5.14813418,0.02438418,1
0,0,0,0,0,0,0,0,0,0,1
0,0,0,0,0,0,0,0,0,0,1
0,23056.91,0,7,2,0,0,0,0,0,1
461.18,384.17,7,27,19,3,1.471593,5.675282,39.7330024,0.006027,1
1740.97,895,15,11,9,15,0.567559,0.415437,6.243145198,0.011592,1
0,476.93,1,2,2,1,0.05,0.099832,0.1,0.000168,1
16459.9,13.16,6,3,2,6,0.86,0.429139,2.58,0.005166,1
0,0,0,0,0,0,0,0,0,0,1
1468.19,682.09,7,31,27,4,0.810667,3.589778,25.13068999,0.002247,1
129.82,0,2,1,1,1,0.01242,0,0.01241978,0.01241978,1
0,27.46,1,22,20,1,0.44334,9.751446,9.75347552,0.00203,1
0,0,0,0,0,0,0,0,0,0,1
0,99.31,1,7,7,1,0.366994,2.568097,2.56895786,0.000861,1
5375.08,99.82,3,5,5,1,0.242982,0.404109,1.21490858,0.002583,1
0,4241.57,1,3,3,1,0.167333,0.501139,0.502,0.000861,1
0,468.07,1,3,3,1,0.07,0.20916,0.21,0.00084,1
0,2361.68,0,8,8,0,3.72754,0,29.82031776,29.82031776,1
0,1184.97,0,22,17,0,1.661885,0,36.56147383,36.56147383,1
934.72,466.87,4,2,2,4,2.55,1.274899,5.1,0.00040587,1
0,0,0,0,0,0,0,0,0,0,1
11892.37,111.29,2,2,1,2,0.43,0.4285,0.86,0.003,1
0,0,1,1,1,1,0.5,0.495,0.5,0.005,1
1315.41,17.33,15,2,2,4,2.420705,0.317779,4.84141026,0.074726127,1
4198.06,1832.94,8,88,47,1,1.995972,21.960258,175.6455135,-0.036549672,1
0,0,0,1,1,0,0.0002,0,0.0002,0.0002,1
0,0,0,0,0,0,0,0,0,0,1
0,0,0,0,0,0,0,0,0,0,1
1197.55,3017.03,49,47,42,2,0.665769,0.658775,31.2911488,-0.988848637,1
0,0,1,1,1,1,0.548641,0.54778,0.5486408,0.000861,1
0,457.17,1,2,2,1,1.678531,3.356037,3.35706241,0.001025,1
540.04,10155.55,2,2,2,1,4.809474,4.809185,9.6189477,0.0005775,1
0,29.11,1,5,5,1,0.350929,1.753785,1.754646242,0.000861,1
3356.94,2036.88,9,30,27,1,0.976204,3.253993,29.28612561,0.000189,1
0,8.07,1,4,4,1,7.375,29.499559,29.5,0.000441,1
0,0,0,0,0,0,0,0,0,0,1
711.93,1085.82,8,13,12,6,2.129944,3.460202,27.68927779,0.007665,1
0,10340.4,0,15,15,0,1.850493,0,27.7573979,27.7573979,1
17786.72,212.41,2,14,13,2,0.949546,6.645963,13.2936471,0.001722,1
0,0,0,0,0,0,0,0,0,0,1
0,0,1,1,1,1,1.276803,1.275753,1.27680299,0.00105,1
0,0,1,1,1,1,0.561672,0.56,0.56167248,0.00167248,1
0,52.8,1,3,3,1,0.52196,1.565019,1.565880493,0.000861,1
9363.73,20006.65,2,24,4,1,2.293015,0.075102,55.03235625,54.88215264,1
0,0,0,0,0,0,0,0,0,0,1
0,419.62,0,771,124,0,0.643954,0,496.48833,496.48833,1
202857.68,586.57,2,5,4,2,1.043461,2.6065,5.217306849,0.004306849,1
794.1,1259.97,6,6,5,4,1.081259,1.080905,6.48755356,0.002121,1
0,1.9,1,4,4,1,1.3475,5.389139,5.39,0.000861,1
1062.03,496.36,2,2,2,1,0.1,0.099139,0.2,0.001722,1
0,0,0,0,0,0,0,0,0,0,1
0,143787.85,0,3,3,0,0.333667,0,1.001,1.001,1
0,114.43,1,3,3,1,0.49881,1.69,1.49643003,-0.19356997,1
0,58.71,1,6,6,1,0.496406,2.977387,2.9784369,0.00105,1
98.06,25.06,2,2,2,1,0.355426,0.3525,0.710853,0.005853,1
0,1054.08,1,2,2,1,0.502,1.003139,1.004,0.000861,1
126830.87,0.12,3,2,1,1,1.068592,0.712349,2.13718459,0.0001365,1
0,0,1,1,1,1,0.05,0.04958,0.05,0.00042,1
52366.67,426.3,5,41,41,5,16.675807,136.741102,683.7081,0.002590833,1
0,0,0,0,0,0,0,0,0,0,1
0,1927.39,1,6,2,1,10.119771,60.717575,60.718625,0.00105,1
14552.41,5103.36,6,10,8,6,0.04571,0.075117,0.4571,0.0063986,1
0,0,0,1,1,0,0.003781,0,0.003781147,0.003781147,1
0,0,0,0,0,0,0,0,0,0,1
0,103.15,1,2,2,1,1.74,3.477,3.48,0.003,1
0,0,1,1,1,1,0.5,0.49874,0.5,0.00126,1
296.94,18.93,2,2,2,2,0.505501,0.505018,1.011002,0.000966,1
0,273.63,1,5,5,1,1.657062,8.28445,8.28531132,0.000861,1
0,0,0,0,0,0,0,0,0,0,1
0,710.21,1,8,8,1,0.567241,4.53778,4.53792716,0.000147,1
0,89.71,1,3,3,1,0.87176,2.614231,2.61528087,0.00105,1
943.8,198.21,4,54,35,4,0.450367,6.544374,24.31982053,-1.857677,1
0,57.05,0,6,5,0,0.655397,0,3.932384742,3.932384742,1
149.32,129.93,5,48,45,4,3.402412,32.662507,163.3157921,0.003255,1
1579.22,374.22,41,124,122,20,0.001976,0.004927,0.245,0.043,1
0,84.77,1,8,8,1,0.2604,2.082551,2.08320206,0.000651,1
193.09,81.82,6,4,3,6,2.598288,1.731872,10.39315016,0.00191644,1
0,0,0,0,0,0,0,0,0,0,1
0,0,0,0,0,0,0,0,0,0,1
0,49.51,1,15,15,1,1.02508,15.375782,15.37620207,0.00042,1
0,0,0,1,1,0,0,0,0,0,1
12635.1,631.39,4,13,11,4,2.82106,9.166365,36.67377746,0.008316,1
0,0,0,0,0,0,0,0,0,0,1
2499.44,2189.29,67,43,31,44,1.234192,0.922179,53.07025157,-8.715743362,1
0,0,0,1,1,0,0.5,0,0.5,0.5,1
37242.7,149.56,18,3,1,5,6333.265078,644.427778,18999.79523,7400.095233,1
